date,state,pincode,pin_prefix,month,quarter,year,bio_child,bio_adult,demo_child,demo_adult,enrol_infant,enrol_child,enrol_adult,total_updates,total_enrolments,ASI,child_update_velocity,adult_friction,total_population,total_population_males,total_population_females,population_06,population_literate,population_illiterate,total_workers,total_workers_males,total_workers_females,non_workers,ASI_per_capita,surge_multiplier,is_flash_surge,district
2025-01-06,chhatisgarh,497225,497,1.0,1.0,2025.0,381.0,1125.0,370.0,9334.0,0.0,0.0,0.0,11210.0,0.0,11210.0,381.0,1125.0,25545198,12832895,12712303,3661689,15379922,10165276,12180225,7133866,5046359,13364973,0.0004388300298161713,90.2434714313764,True,"balrampur, surajpur, surguja"
2025-06-01,chhatisgarh,491888,491,6.0,2.0,2025.0,0.0,0.0,578.0,8515.0,0.0,0.0,0.0,9093.0,0.0,9093.0,0.0,0.0,25545198,12832895,12712303,3661689,15379922,10165276,12180225,7133866,5046359,13364973,0.00035595731142894254,81.96835514653189,True,"kawardha, rajnandgaon, khairagarhchhuikhadangandai, bemetara"
2025-01-07,telangana,501141,501,1.0,1.0,2025.0,81.0,143.0,571.0,2746.0,0.0,0.0,0.0,3541.0,0.0,3541.0,81.0,143.0,35241990,17684227,17557762,3809500,21065316,14176673,16426210,10077331,6348879,18815779,0.00010047673244331549,59.74690663667042,True,"rangareddy, vikarabad, kvrangareddy, jayashankarbhupalpally"
2025-01-06,chhatisgarh,491661,491,1.0,1.0,2025.0,417.0,1557.0,257.0,3622.0,0.0,0.0,0.0,5853.0,0.0,5853.0,417.0,1557.0,25545198,12832895,12712303,3661689,15379922,10165276,12180225,7133866,5046359,13364973,0.00022912329745888052,58.47260357930865,True,"rajnandgaon, balod, gariyaband"
2025-01-07,chandigarh,160014,160,1.0,1.0,2025.0,4214.0,671.0,243.0,1007.0,0.0,0.0,0.0,6135.0,0.0,6135.0,4214.0,671.0,1055450,580663,474787,119434,805438,250012,404136,328159,75977,651314,0.005812686531811076,57.91238049134697,True,"chandigarh, rupnagar"
2025-01-07,manipur,795130,795,1.0,1.0,2025.0,1725.0,1099.0,0.0,0.0,0.0,0.0,0.0,2824.0,0.0,2824.0,1725.0,1099.0,2855794,1438586,1417208,375357,1908476,947318,1304610,739408,565202,1551184,0.00098886684403707,54.22485419470615,True,"imphaleast, imphalwest, thoubal, senapati"
2025-01-03,bihar,853204,853,1.0,1.0,2025.0,1037.0,1068.0,292.0,2657.0,0.0,0.0,0.0,5054.0,0.0,5054.0,1037.0,1068.0,104099452,54278157,49821295,19133964,52504553,51594899,34724987,25222189,9502798,69374465,4.8549727235835976e-05,54.17600203372596,True,"bhagalpur, madhepura, purnia, katihar, munger, banka"
2025-01-07,punjab,160103,160,1.0,1.0,2025.0,1328.0,285.0,0.0,0.0,0.0,0.0,0.0,1613.0,0.0,1613.0,1328.0,285.0,27743338,14639465,13103873,3076219,18707137,9036201,9897362,8074157,1823205,17845976,5.8140083936547216e-05,51.67649931627271,True,"sasnagarmohali, rupnagar"
2025-01-03,telangana,500085,500,1.0,1.0,2025.0,51.0,111.0,67.0,580.0,0.0,0.0,0.0,809.0,0.0,809.0,51.0,111.0,35241990,17684227,17557762,3809500,21065316,14176673,16426210,10077331,6348879,18815779,2.2955570897103144e-05,51.211704986563156,True,"hyderabad, medchalmalkajgiri, rangareddy, kvrangareddy"
2025-01-07,telangana,500090,500,1.0,1.0,2025.0,137.0,274.0,331.0,1981.0,250.0,146.0,10.0,2723.0,406.0,6.69041769041769,0.9319727891156463,24.90909090909091,35241990,17684227,17557762,3809500,21065316,14176673,16426210,10077331,6348879,18815779,7.726578436688734e-05,51.17490148529858,True,"medchalmalkajgiri, rangareddy, kvrangareddy"
2025-01-06,chhatisgarh,491558,491,1.0,1.0,2025.0,372.0,1598.0,307.0,4335.0,0.0,0.0,0.0,6612.0,0.0,6612.0,372.0,1598.0,25545198,12832895,12712303,3661689,15379922,10165276,12180225,7133866,5046359,13364973,0.0002588353396203858,51.155812701829916,True,"rajnandgaon, gariyaband"
2025-01-03,meghalaya,793120,793,1.0,1.0,2025.0,90.0,123.0,78.0,1149.0,0.0,0.0,0.0,1440.0,0.0,1440.0,90.0,123.0,2966889,1491832,1475057,568536,1785005,1181884,1185619,703709,481910,1781270,0.00048535688392791236,51.03598691384951,True,"westkhasihills, easternwestkhasihills, eastkhasihills, southwestkhasihills"
2025-01-07,manipur,795008,795,1.0,1.0,2025.0,2634.0,1613.0,0.0,0.0,0.0,0.0,0.0,4247.0,0.0,4247.0,2634.0,1613.0,2855794,1438586,1417208,375357,1908476,947318,1304610,739408,565202,1551184,0.001487152084499092,50.74304295220811,True,"imphaleast, imphalwest, senapati"
2025-01-03,jharkhand,822124,822,1.0,1.0,2025.0,1203.0,1090.0,184.0,4135.0,0.0,0.0,0.0,6612.0,0.0,6612.0,1203.0,1090.0,32988134,16930315,16057819,5389495,18328069,14660065,13098274,8424769,4673505,19889860,0.0002004357081852523,50.06859688195991,True,"garhwa, palamu"
2025-01-03,jharkhand,822115,822,1.0,1.0,2025.0,384.0,406.0,122.0,2524.0,0.0,0.0,0.0,3436.0,0.0,3436.0,384.0,406.0,32988134,16930315,16057819,5389495,18328069,14660065,13098274,8424769,4673505,19889860,0.00010415866505210631,50.02698863636363,True,"garhwa, palamu"
2025-01-03,rajasthan,321202,321,1.0,1.0,2025.0,70.0,103.0,60.0,1652.0,0.0,0.0,0.0,1885.0,0.0,1885.0,70.0,103.0,68548437,35550997,32997440,10649504,38275282,30273155,29886255,18297076,11589179,38662182,2.749880351028281e-05,49.774275979557075,True,"bharatpur, deeg"
2025-01-07,manipur,795149,795,1.0,1.0,2025.0,1646.0,613.0,0.0,0.0,0.0,0.0,0.0,2259.0,0.0,2259.0,1646.0,613.0,2855794,1438586,1417208,375357,1908476,947318,1304610,739408,565202,1551184,0.0007910234421670471,49.72702355460385,True,"imphaleast, senapati, thoubal, ukhrul, bishnupur"
2025-01-03,telangana,500055,500,1.0,1.0,2025.0,330.0,495.0,521.0,1896.0,0.0,0.0,0.0,3242.0,0.0,3242.0,330.0,495.0,35241990,17684227,17557762,3809500,21065316,14176673,16426210,10077331,6348879,18815779,9.19925350412959e-05,49.52245142830772,True,"hyderabad, medchalmalkajgiri, rangareddy, kvrangareddy"
2025-06-01,chhatisgarh,494226,494,6.0,2.0,2025.0,0.0,0.0,776.0,16166.0,0.0,0.0,0.0,16942.0,0.0,16942.0,0.0,0.0,25545198,12832895,12712303,3661689,15379922,10165276,12180225,7133866,5046359,13364973,0.0006632166249014785,49.478365569360825,True,"kondagaon, gariyaband, bastar"
2025-01-03,punjab,152022,152,1.0,1.0,2025.0,439.0,725.0,59.0,981.0,0.0,0.0,0.0,2204.0,0.0,2204.0,439.0,725.0,27743338,14639465,13103873,3076219,18707137,9036201,9897362,8074157,1823205,17845976,7.944249534789217e-05,48.7392391733579,True,"fazilka, ferozepur, srimuktsarsahib"
2025-01-03,jharkhand,825406,825,1.0,1.0,2025.0,820.0,677.0,103.0,3086.0,0.0,0.0,0.0,4686.0,0.0,4686.0,820.0,677.0,32988134,16930315,16057819,5389495,18328069,14660065,13098274,8424769,4673505,19889860,0.0001420510781240309,47.90167126399481,True,"chatra, hazaribagh"
2025-01-03,jharkhand,816104,816,1.0,1.0,2025.0,655.0,657.0,92.0,2084.0,0.0,0.0,0.0,3488.0,0.0,3488.0,655.0,657.0,32988134,16930315,16057819,5389495,18328069,14660065,13098274,8424769,4673505,19889860,0.00010573498943589838,47.58616769303647,True,"pakur, sahibganj, godda"
2025-01-06,chhatisgarh,491665,491,1.0,1.0,2025.0,59.0,177.0,499.0,2040.0,0.0,0.0,0.0,2775.0,0.0,2775.0,59.0,177.0,25545198,12832895,12712303,3661689,15379922,10165276,12180225,7133866,5046359,13364973,0.00010863098418732163,47.58299890550894,True,"balod, rajnandgaon, mohlamanpurambagarhchowki"
2025-01-06,chhatisgarh,491885,491,1.0,1.0,2025.0,487.0,701.0,265.0,4277.0,0.0,0.0,0.0,5730.0,0.0,5730.0,487.0,701.0,25545198,12832895,12712303,3661689,15379922,10165276,12180225,7133866,5046359,13364973,0.00022430830248409113,46.87375635640062,True,"rajnandgaon, khairagarhchhuikhadangandai"
2025-01-06,chhatisgarh,497335,497,1.0,1.0,2025.0,307.0,1303.0,210.0,4940.0,0.0,0.0,0.0,6760.0,0.0,6760.0,307.0,1303.0,25545198,12832895,12712303,3661689,15379922,10165276,12180225,7133866,5046359,13364973,0.00026462899211037626,46.86768264765518,True,"koriya, manendragarhchirmiribharatpur"
2025-01-06,chhatisgarh,491444,491,1.0,1.0,2025.0,495.0,1382.0,159.0,3217.0,0.0,0.0,0.0,5253.0,0.0,5253.0,495.0,1382.0,25545198,12832895,12712303,3661689,15379922,10165276,12180225,7133866,5046359,13364973,0.00020563551709405423,46.345043310875845,True,"rajnandgaon, khairagarhchhuikhadangandai"
2025-01-03,jharkhand,816102,816,1.0,1.0,2025.0,1189.0,825.0,103.0,2216.0,0.0,0.0,0.0,4333.0,0.0,4333.0,1189.0,825.0,32988134,16930315,16057819,5389495,18328069,14660065,13098274,8424769,4673505,19889860,0.0001313502606725194,46.23978539001238,True,"godda, pakur, sahibganj"
2025-01-03,mizoram,796901,796,1.0,1.0,2025.0,1426.0,241.0,71.0,478.0,0.0,0.0,0.0,2216.0,0.0,2216.0,1426.0,241.0,1097206,555339,541867,168531,848175,249031,486705,290740,195965,610501,0.002019675430138005,46.20404858299595,True,"lawngtlai, saiha"
2025-01-03,uttarpradesh,202411,202,1.0,1.0,2025.0,1064.0,268.0,159.0,2135.0,0.0,0.0,0.0,3626.0,0.0,3626.0,1064.0,268.0,199812341,104480510,95331831,30791331,114397555,85414786,65814715,49846762,15967953,133997626,1.8147027264947564e-05,45.73494124161693,True,"moradabad, rampur, sambhal"
2025-01-07,westbengal,733132,733,1.0,1.0,2025.0,448.0,334.0,157.0,1803.0,0.0,0.0,0.0,2742.0,0.0,2742.0,448.0,334.0,91276115,46809027,44467088,10581466,61538281,29737834,34756355,26716047,8040308,56519760,3.0040717662008292e-05,44.6294952161003,True,"dakshindinajpur, uttardinajpur"
2025-01-03,bihar,848201,848,1.0,1.0,2025.0,1497.0,1190.0,221.0,1958.0,0.0,0.0,0.0,4866.0,0.0,4866.0,1497.0,1190.0,104099452,54278157,49821295,19133964,52504553,51594899,34724987,25222189,9502798,69374465,4.6743761917209706e-05,44.467362924281986,True,"begusarai, khagaria"
2025-01-06,telangana,500090,500,1.0,1.0,2025.0,139.0,223.0,306.0,1667.0,0.0,0.0,0.0,2335.0,0.0,2335.0,139.0,223.0,35241990,17684227,17557762,3809500,21065316,14176673,16426210,10077331,6348879,18815779,6.625619041376494e-05,43.88299484692331,True,"medchalmalkajgiri, rangareddy, kvrangareddy"
2025-01-06,assam,783372,783,1.0,1.0,2025.0,1340.0,98.0,0.0,0.0,0.0,0.0,0.0,1438.0,0.0,1438.0,1340.0,98.0,31205576,15939443,15266133,4638130,19177977,12027599,11969690,8541560,3428130,19235886,4.6081507997160506e-05,43.66534872687015,True,"bongaigaon, chirang, kokrajhar"
2025-01-03,telangana,505122,505,1.0,1.0,2025.0,120.0,213.0,96.0,985.0,0.0,0.0,0.0,1414.0,0.0,1414.0,120.0,213.0,35241990,17684227,17557762,3809500,21065316,14176673,16426210,10077331,6348879,18815779,4.012259239617286e-05,43.46024191949237,True,"karimnagar, hanumakonda"
2025-01-07,gujarat,382421,382,1.0,1.0,2025.0,265.0,377.0,152.0,1279.0,0.0,0.0,0.0,2073.0,0.0,2073.0,265.0,377.0,60439692,31491260,28948432,7777262,41093358,19346334,24767747,18000914,6766833,35671945,3.429865261391471e-05,43.301948558067025,True,"ahmedabad, gandhinagar"
2025-01-03,uttarpradesh,243638,243,1.0,1.0,2025.0,1058.0,326.0,236.0,4337.0,0.0,0.0,0.0,5957.0,0.0,5957.0,1058.0,326.0,199812341,104480510,95331831,30791331,114397555,85414786,65814715,49846762,15967953,133997626,2.9812973363842427e-05,43.195560017849175,True,"budaun, sambhal"
2025-01-03,mizoram,796261,796,1.0,1.0,2025.0,1061.0,363.0,0.0,0.0,0.0,0.0,0.0,1424.0,0.0,1424.0,1061.0,363.0,1097206,555339,541867,168531,848175,249031,486705,290740,195965,610501,0.001297841973157274,43.12917421692985,True,"aizawl, champhai, saitual"
2025-01-07,rajasthan,321204,321,1.0,1.0,2025.0,2413.0,555.0,239.0,1682.0,0.0,0.0,0.0,4889.0,0.0,4889.0,2413.0,555.0,68548437,35550997,32997440,10649504,38275282,30273155,29886255,18297076,11589179,38662182,7.132183043064862e-05,43.039222522444,True,"bharatpur, deeg"
2025-01-03,jharkhand,825312,825,1.0,1.0,2025.0,928.0,884.0,96.0,2817.0,0.0,0.0,0.0,4725.0,0.0,4725.0,928.0,884.0,32988134,16930315,16057819,5389495,18328069,14660065,13098274,8424769,4673505,19889860,0.00014323332141187494,42.68172194777699,True,"bokaro, hazaribagh"
2025-01-06,chhatisgarh,496223,496,1.0,1.0,2025.0,206.0,290.0,248.0,3280.0,0.0,0.0,0.0,4024.0,0.0,4024.0,206.0,290.0,25545198,12832895,12712303,3661689,15379922,10165276,12180225,7133866,5046359,13364973,0.00015752471364676837,42.60395390237046,True,"jashpur, surguja"
2025-01-03,rajasthan,326039,326,1.0,1.0,2025.0,187.0,158.0,55.0,4136.0,0.0,0.0,0.0,4536.0,0.0,4536.0,187.0,158.0,68548437,35550997,32997440,10649504,38275282,30273155,29886255,18297076,11589179,38662182,6.617218712076542e-05,42.57822277847309,True,jhalawar
2025-01-07,telangana,502032,502,1.0,1.0,2025.0,236.0,211.0,368.0,1994.0,0.0,0.0,0.0,2809.0,0.0,2809.0,236.0,211.0,35241990,17684227,17557762,3809500,21065316,14176673,16426210,10077331,6348879,18815779,7.970605519154849e-05,42.487728310502284,True,"medak, sangareddy"
2025-01-07,manipur,795101,795,1.0,1.0,2025.0,606.0,186.0,0.0,0.0,0.0,0.0,0.0,792.0,0.0,792.0,606.0,186.0,2855794,1438586,1417208,375357,1908476,947318,1304610,739408,565202,1551184,0.0002773309279310763,42.16432045047351,True,"chandel, churachandpur, thoubal, kakching, bishnupur"
2025-01-03,assam,787058,787,1.0,1.0,2025.0,61.0,77.0,24.0,690.0,0.0,0.0,0.0,852.0,0.0,852.0,61.0,77.0,31205576,15939443,15266133,4638130,19177977,12027599,11969690,8541560,3428130,19235886,2.730281280499357e-05,41.89056304520222,True,"dhemaji, lakhimpur"
2025-01-07,manipur,795103,795,1.0,1.0,2025.0,2307.0,1577.0,0.0,0.0,0.0,0.0,0.0,3884.0,0.0,3884.0,2307.0,1577.0,2855794,1438586,1417208,375357,1908476,947318,1304610,739408,565202,1551184,0.0013600420758640155,41.83495360141406,True,"chandel, kakching, thoubal, bishnupur, churachandpur"
2025-07-01,assam,783135,783,7.0,3.0,2025.0,0.0,0.0,150.0,2465.0,0.0,0.0,0.0,2615.0,0.0,2615.0,0.0,0.0,31205576,15939443,15266133,4638130,19177977,12027599,11969690,8541560,3428130,19235886,8.379912615617157e-05,41.828919491525426,True,"dhubri, southsalmaramankachar"
2025-01-03,telangana,509320,509,1.0,1.0,2025.0,118.0,510.0,42.0,168.0,0.0,0.0,0.0,838.0,0.0,838.0,118.0,510.0,35241990,17684227,17557762,3809500,21065316,14176673,16426210,10077331,6348879,18815779,2.37784529193726e-05,41.68062827225131,True,"mahabubnagar, nagarkurnool, rangareddy, kvrangareddy"
2025-01-07,telangana,500005,500,1.0,1.0,2025.0,843.0,702.0,306.0,1889.0,0.0,0.0,0.0,3740.0,0.0,3740.0,843.0,702.0,35241990,17684227,17557762,3809500,21065316,14176673,16426210,10077331,6348879,18815779,0.0001061234056306128,41.59826738124954,True,"hyderabad, rangareddy, kvrangareddy"
2025-01-03,uttarpradesh,273165,273,1.0,1.0,2025.0,588.0,539.0,228.0,2138.0,0.0,0.0,0.0,3493.0,0.0,3493.0,588.0,539.0,199812341,104480510,95331831,30791331,114397555,85414786,65814715,49846762,15967953,133997626,1.7481402712758368e-05,41.32330572925469,True,"gorakhpur, maharajganj, mahrajganj"
2025-01-03,jharkhand,814166,814,1.0,1.0,2025.0,261.0,294.0,15.0,849.0,0.0,0.0,0.0,1419.0,0.0,1419.0,261.0,294.0,32988134,16930315,16057819,5389495,18328069,14660065,13098274,8424769,4673505,19889860,4.3015467319248796e-05,41.292870505092495,True,"dumka, jamtara, pakur"
2025-01-06,chhatisgarh,496118,496,1.0,1.0,2025.0,264.0,561.0,278.0,3686.0,0.0,0.0,0.0,4789.0,0.0,4789.0,264.0,561.0,25545198,12832895,12712303,3661689,15379922,10165276,12180225,7133866,5046359,13364973,0.0001874716336119219,41.18241427496507,True,"jashpur, raigarh, kanker, raigad"
2025-01-04,delhi,110053,110,1.0,1.0,2025.0,4541.0,7330.0,0.0,0.0,0.0,0.0,0.0,11871.0,0.0,11871.0,4541.0,7330.0,16787941,8987326,7800615,2012454,12737767,4050174,5587049,4762026,825023,11200892,0.0007071147081110185,41.107581660173814,True,"eastdelhi, northeastdelhi, shahdara"
2025-01-07,manipur,795132,795,1.0,1.0,2025.0,1889.0,1493.0,0.0,0.0,0.0,0.0,0.0,3382.0,0.0,3382.0,1889.0,1493.0,2855794,1438586,1417208,375357,1908476,947318,1304610,739408,565202,1551184,0.0011842590887157828,41.10622271676796,True,"imphalwest, thoubal, kakching"
2025-01-03,uttarpradesh,271845,271,1.0,1.0,2025.0,1205.0,423.0,109.0,1953.0,0.0,0.0,0.0,3690.0,0.0,3690.0,1205.0,423.0,199812341,104480510,95331831,30791331,114397555,85414786,65814715,49846762,15967953,133997626,1.8467327801339358e-05,40.696391996218686,True,"bahraich, shrawasti"
2025-01-03,rajasthan,305925,305,1.0,1.0,2025.0,79.0,97.0,41.0,764.0,0.0,0.0,0.0,981.0,0.0,981.0,79.0,97.0,68548437,35550997,32997440,10649504,38275282,30273155,29886255,18297076,11589179,38662182,1.4311048405086172e-05,40.67287942183339,True,"ajmer, rajsamand"
2025-01-07,chhatisgarh,494661,494,1.0,1.0,2025.0,646.0,2698.0,491.0,4422.0,0.0,0.0,0.0,8257.0,0.0,8257.0,646.0,2698.0,25545198,12832895,12712303,3661689,15379922,10165276,12180225,7133866,5046359,13364973,0.0003232310041206179,40.58676997417312,True,"narayanpur, kanker, gariyaband, kondagaon"
2025-01-03,mizoram,796310,796,1.0,1.0,2025.0,1120.0,271.0,0.0,0.0,0.0,0.0,0.0,1391.0,0.0,1391.0,1120.0,271.0,1097206,555339,541867,168531,848175,249031,486705,290740,195965,610501,0.0012677655791164103,40.51456310679611,True,"champhai, serchhip, khawzawl"
2025-01-03,telangana,509371,509,1.0,1.0,2025.0,239.0,170.0,149.0,494.0,0.0,0.0,0.0,1052.0,0.0,1052.0,239.0,170.0,35241990,17684227,17557762,3809500,21065316,14176673,16426210,10077331,6348879,18815779,2.9850754738878254e-05,40.40020212228398,True,"mahabubnagar, rangareddy, narayanpet, nagarkurnool, kvrangareddy"
2025-01-03,rajasthan,314024,314,1.0,1.0,2025.0,70.0,80.0,21.0,1325.0,0.0,0.0,0.0,1496.0,0.0,1496.0,70.0,80.0,68548437,35550997,32997440,10649504,38275282,30273155,29886255,18297076,11589179,38662182,2.1823984112139565e-05,40.38565368299267,True,dungarpur
2025-01-03,rajasthan,327027,327,1.0,1.0,2025.0,254.0,358.0,79.0,3092.0,0.0,0.0,0.0,3783.0,0.0,3783.0,254.0,358.0,68548437,35550997,32997440,10649504,38275282,30273155,29886255,18297076,11589179,38662182,5.518725394132619e-05,40.09969516419565,True,"banswara, pratapgarh"
2025-01-03,mizoram,796181,796,1.0,1.0,2025.0,1872.0,660.0,73.0,428.0,0.0,0.0,0.0,3033.0,0.0,3033.0,1872.0,660.0,1097206,555339,541867,168531,848175,249031,486705,290740,195965,610501,0.0027642940341193905,40.09324758842444,True,"lunglei, serchhip"
2025-01-03,rajasthan,313204,313,1.0,1.0,2025.0,205.0,156.0,52.0,791.0,0.0,0.0,0.0,1204.0,0.0,1204.0,205.0,156.0,68548437,35550997,32997440,10649504,38275282,30273155,29886255,18297076,11589179,38662182,1.7564222507363662e-05,39.915217391304346,True,"rajsamand, udaipur"
2025-01-03,jharkhand,825321,825,1.0,1.0,2025.0,639.0,744.0,117.0,1829.0,0.0,0.0,0.0,3329.0,0.0,3329.0,639.0,744.0,32988134,16930315,16057819,5389495,18328069,14660065,13098274,8424769,4673505,19889860,0.00010091507449314957,39.908705274806344,True,"chatra, hazaribagh"
2025-01-04,delhi,110093,110,1.0,1.0,2025.0,4049.0,4830.0,874.0,2849.0,0.0,0.0,0.0,12602.0,0.0,12602.0,4049.0,4830.0,16787941,8987326,7800615,2012454,12737767,4050174,5587049,4762026,825023,11200892,0.0007506578680494529,39.9028559602649,True,"northeastdelhi, shahdara, eastdelhi"
2025-01-03,jharkhand,835213,835,1.0,1.0,2025.0,285.0,729.0,40.0,1149.0,0.0,0.0,0.0,2203.0,0.0,2203.0,285.0,729.0,32988134,16930315,16057819,5389495,18328069,14660065,13098274,8424769,4673505,19889860,6.67815887979599e-05,39.867483946293056,True,"lohardaga, ranchi"
2025-03-01,telangana,508252,508,3.0,1.0,2025.0,0.0,0.0,146.0,2197.0,0.0,0.0,0.0,2343.0,0.0,2343.0,0.0,0.0,35241990,17684227,17557762,3809500,21065316,14176673,16426210,10077331,6348879,18815779,6.648319235094273e-05,39.768665967388195,True,"nalgonda, yadadribhuvanagiri"
2025-07-01,telangana,509325,509,7.0,3.0,2025.0,0.0,0.0,171.0,1086.0,0.0,0.0,0.0,1257.0,0.0,1257.0,0.0,0.0,35241990,17684227,17557762,3809500,21065316,14176673,16426210,10077331,6348879,18815779,3.56676793790589e-05,39.723292739324805,True,"mahabubnagar, rangareddy, kvrangareddy"
2025-01-03,tamilnadu,621851,621,1.0,1.0,2025.0,109.0,1158.0,12.0,222.0,0.0,0.0,0.0,1501.0,0.0,1501.0,109.0,1158.0,72147030,36137975,36009055,7423832,51837507,20309523,32884681,21434978,11449703,39262349,2.0804737215100885e-05,39.533026755852845,True,ariyalur
2025-01-03,rajasthan,313708,313,1.0,1.0,2025.0,240.0,245.0,63.0,1842.0,0.0,0.0,0.0,2390.0,0.0,2390.0,240.0,245.0,68548437,35550997,32997440,10649504,38275282,30273155,29886255,18297076,11589179,38662182,3.48658569705973e-05,39.494806421152035,True,"udaipur, rajsamand"
2025-01-03,bihar,824233,824,1.0,1.0,2025.0,463.0,732.0,203.0,1668.0,0.0,0.0,0.0,3066.0,0.0,3066.0,463.0,732.0,104099452,54278157,49821295,19133964,52504553,51594899,34724987,25222189,9502798,69374465,2.9452604611213514e-05,39.388319119075895,True,"gaya, jehanabad"
2025-01-03,mizoram,796441,796,1.0,1.0,2025.0,2026.0,453.0,0.0,0.0,0.0,0.0,0.0,2479.0,0.0,2479.0,2026.0,453.0,1097206,555339,541867,168531,848175,249031,486705,290740,195965,610501,0.002259375176584889,39.299958281184814,True,"aizawl, mamit"
2025-01-03,rajasthan,313206,313,1.0,1.0,2025.0,109.0,53.0,23.0,418.0,0.0,0.0,0.0,603.0,0.0,603.0,109.0,53.0,68548437,35550997,32997440,10649504,38275282,30273155,29886255,18297076,11589179,38662182,8.796699478355722e-06,39.28206850235057,True,"udaipur, rajsamand"
2025-01-07,telangana,501218,501,1.0,1.0,2025.0,187.0,226.0,98.0,680.0,0.0,0.0,0.0,1191.0,0.0,1191.0,187.0,226.0,35241990,17684227,17557762,3809500,21065316,14176673,16426210,10077331,6348879,18815779,3.3794913397342206e-05,39.26071922544951,True,"rangareddy, kvrangareddy"
2025-01-03,uttarpradesh,273155,273,1.0,1.0,2025.0,378.0,371.0,117.0,1824.0,0.0,0.0,0.0,2690.0,0.0,2690.0,378.0,371.0,199812341,104480510,95331831,30791331,114397555,85414786,65814715,49846762,15967953,133997626,1.346263192021758e-05,39.1262636682484,True,"gorakhpur, maharajganj, mahrajganj"
2025-01-03,jharkhand,835302,835,1.0,1.0,2025.0,1693.0,2993.0,201.0,3240.0,0.0,0.0,0.0,8127.0,0.0,8127.0,1693.0,2993.0,32988134,16930315,16057819,5389495,18328069,14660065,13098274,8424769,4673505,19889860,0.0002463613128284249,39.09146212067624,True,"gumla, lohardaga, ranchi"
2025-01-06,telangana,500055,500,1.0,1.0,2025.0,200.0,304.0,410.0,1644.0,0.0,0.0,0.0,2558.0,0.0,2558.0,200.0,304.0,35241990,17684227,17557762,3809500,21065316,14176673,16426210,10077331,6348879,18815779,7.258386941259559e-05,39.0741612441737,True,"hyderabad, medchalmalkajgiri, rangareddy, kvrangareddy"
2025-01-03,jharkhand,825418,825,1.0,1.0,2025.0,335.0,384.0,21.0,1783.0,0.0,0.0,0.0,2523.0,0.0,2523.0,335.0,384.0,32988134,16930315,16057819,5389495,18328069,14660065,13098274,8424769,4673505,19889860,7.64820465443726e-05,38.865211810012845,True,"giridih, koderma"
2025-01-04,jammuandkashmir,182144,182,1.0,1.0,2025.0,408.0,327.0,144.0,481.0,0.0,0.0,0.0,1360.0,0.0,1360.0,408.0,327.0,12267013,6483906,12423769,6608718,12361296,6546379,12414350,6547558,12507454,6493325,0.00011086643504820611,38.78901227352426,True,"ramban, reasi, doda, udhampur"
2025-01-03,tamilnadu,606104,606,1.0,1.0,2025.0,283.0,285.0,17.0,650.0,0.0,0.0,0.0,1235.0,0.0,1235.0,283.0,285.0,72147030,36137975,36009055,7423832,51837507,20309523,32884681,21434978,11449703,39262349,1.7117821759260223e-05,38.75134321942833,True,"cuddalore, viluppuram, kallakurichi"
2025-01-04,delhi,110094,110,1.0,1.0,2025.0,7163.0,10614.0,2690.0,9668.0,0.0,0.0,0.0,30135.0,0.0,30135.0,7163.0,10614.0,16787941,8987326,7800615,2012454,12737767,4050174,5587049,4762026,825023,11200892,0.0017950384743429823,38.75042579282624,True,"northeastdelhi, northwestdelhi, eastdelhi"
2025-01-03,bihar,848203,848,1.0,1.0,2025.0,757.0,1189.0,275.0,2250.0,0.0,0.0,0.0,4471.0,0.0,4471.0,757.0,1189.0,104099452,54278157,49821295,19133964,52504553,51594899,34724987,25222189,9502798,69374465,4.294931350839388e-05,38.69980327868853,True,"begusarai, khagaria"
2025-01-07,telangana,509216,509,1.0,1.0,2025.0,147.0,364.0,194.0,993.0,0.0,0.0,0.0,1698.0,0.0,1698.0,147.0,364.0,35241990,17684227,17557762,3809500,21065316,14176673,16426210,10077331,6348879,18815779,4.81811611659841e-05,38.54098553451723,True,"mahabubnagar, rangareddy, kvrangareddy"
2025-01-06,chhatisgarh,493558,493,1.0,1.0,2025.0,768.0,4478.0,852.0,13407.0,0.0,0.0,0.0,19505.0,0.0,19505.0,768.0,4478.0,25545198,12832895,12712303,3661689,15379922,10165276,12180225,7133866,5046359,13364973,0.0007635485933598949,38.540681823866336,True,mahasamund
2025-01-06,chhatisgarh,493449,493,1.0,1.0,2025.0,525.0,1902.0,600.0,15090.0,0.0,0.0,0.0,18117.0,0.0,18117.0,525.0,1902.0,25545198,12832895,12712303,3661689,15379922,10165276,12180225,7133866,5046359,13364973,0.0007092135281159301,38.507439202804534,True,mahasamund
2025-01-03,rajasthan,314037,314,1.0,1.0,2025.0,73.0,160.0,26.0,2023.0,0.0,0.0,0.0,2282.0,0.0,2282.0,73.0,160.0,68548437,35550997,32997440,10649504,38275282,30273155,29886255,18297076,11589179,38662182,3.329032870581717e-05,38.50574173892665,True,dungarpur
2025-01-07,rajasthan,321024,321,1.0,1.0,2025.0,1846.0,642.0,169.0,1178.0,0.0,0.0,0.0,3835.0,0.0,3835.0,1846.0,642.0,68548437,35550997,32997440,10649504,38275282,30273155,29886255,18297076,11589179,38662182,5.594584162436847e-05,38.433205909701414,True,"bharatpur, deeg"
2025-01-03,karnataka,583134,583,1.0,1.0,2025.0,478.0,147.0,104.0,213.0,0.0,0.0,0.0,942.0,0.0,942.0,478.0,147.0,61095297,30966657,30128640,7161033,40647322,20447975,27872597,18270116,9602481,33222700,1.5418535407070696e-05,38.328638497652584,True,"ballari, davanagere, vijayanagara"
2025-01-03,rajasthan,311604,311,1.0,1.0,2025.0,198.0,365.0,54.0,3488.0,0.0,0.0,0.0,4105.0,0.0,4105.0,198.0,365.0,68548437,35550997,32997440,10649504,38275282,30273155,29886255,18297076,11589179,38662182,5.9884662286318795e-05,38.29476617397625,True,bhilwara
2025-01-07,madhyapradesh,485771,485,1.0,1.0,2025.0,1497.0,1129.0,193.0,798.0,0.0,0.0,0.0,3617.0,0.0,3617.0,1497.0,1129.0,72626809,37612306,35014503,10809395,42851169,29775640,31574133,20146970,11427163,41052676,4.9802546054308956e-05,38.2289447403462,True,"satna, maihar"
2025-01-03,andhrapradesh,515122,515,1.0,1.0,2025.0,388.0,118.0,48.0,399.0,0.0,0.0,0.0,953.0,0.0,953.0,388.0,118.0,49338786,24757918,24580868,5333301,29491443,19847343,22996695,14108263,8888431,26342091,1.9315432690216577e-05,38.19274809160305,True,"ananthapuram, srisathyasai"
2025-01-07,telangana,509235,509,1.0,1.0,2025.0,126.0,698.0,0.0,0.0,0.0,0.0,0.0,824.0,0.0,824.0,126.0,698.0,35241990,17684227,17557762,3809500,21065316,14176673,16426210,10077331,6348879,18815779,2.3381199529311485e-05,38.16956765861875,True,"mahabubnagar, nagarkurnool, wanaparthy"
2025-01-03,rajasthan,313325,313,1.0,1.0,2025.0,59.0,88.0,37.0,1512.0,0.0,0.0,0.0,1696.0,0.0,1696.0,59.0,88.0,68548437,35550997,32997440,10649504,38275282,30273155,29886255,18297076,11589179,38662182,2.474162904691758e-05,37.88981975120589,True,"rajsamand, udaipur"
2025-01-03,jharkhand,828307,828,1.0,1.0,2025.0,66.0,108.0,19.0,468.0,0.0,0.0,0.0,661.0,0.0,661.0,66.0,108.0,32988134,16930315,16057819,5389495,18328069,14660065,13098274,8424769,4673505,19889860,2.0037508032433723e-05,37.713703515028016,True,"dhanbad, bokaro"
2025-01-07,manipur,795010,795,1.0,1.0,2025.0,3173.0,869.0,0.0,0.0,0.0,0.0,0.0,4042.0,0.0,4042.0,3173.0,869.0,2855794,1438586,1417208,375357,1908476,947318,1304610,739408,565202,1551184,0.0014153681953250129,37.67509986684421,True,"imphaleast, senapati, ukhrul"
2025-01-06,chhatisgarh,494347,494,1.0,1.0,2025.0,193.0,2017.0,0.0,0.0,0.0,0.0,0.0,2210.0,0.0,2210.0,193.0,2017.0,25545198,12832895,12712303,3661689,15379922,10165276,12180225,7133866,5046359,13364973,8.651332434377686e-05,37.547193556506414,True,"kondagaon, dhamtari, gariyaband"
2025-01-04,jammuandkashmir,191131,191,1.0,1.0,2025.0,203.0,352.0,96.0,606.0,0.0,0.0,0.0,1257.0,0.0,1257.0,203.0,352.0,12267013,6483906,12423769,6608718,12361296,6546379,12414350,6547558,12507454,6493325,0.0001024699329820552,37.51390458964504,True,"ganderbal, srinagar"
2025-01-03,rajasthan,314404,314,1.0,1.0,2025.0,279.0,253.0,31.0,2843.0,0.0,0.0,0.0,3406.0,0.0,3406.0,279.0,253.0,68548437,35550997,32997440,10649504,38275282,30273155,29886255,18297076,11589179,38662182,4.9687493239269625e-05,37.51101321585903,True,dungarpur
2025-01-03,bihar,852112,852,1.0,1.0,2025.0,924.0,1480.0,166.0,1682.0,0.0,0.0,0.0,4252.0,0.0,4252.0,924.0,1480.0,104099452,54278157,49821295,19133964,52504553,51594899,34724987,25222189,9502798,69374465,4.084555603616434e-05,37.48835927813749,True,"madhepura, supaul"
2025-01-07,chhatisgarh,494441,494,1.0,1.0,2025.0,489.0,1279.0,0.0,0.0,0.0,0.0,0.0,1768.0,0.0,1768.0,489.0,1279.0,25545198,12832895,12712303,3661689,15379922,10165276,12180225,7133866,5046359,13364973,6.921065947502149e-05,37.48274743104381,True,"bijapur, dantewada, bastar, vijayapura"
2025-01-03,bihar,841420,841,1.0,1.0,2025.0,156.0,155.0,49.0,710.0,0.0,0.0,0.0,1070.0,0.0,1070.0,156.0,155.0,104099452,54278157,49821295,19133964,52504553,51594899,34724987,25222189,9502798,69374465,1.0278632398564404e-05,37.39475774424146,True,"gopalganj, siwan"
2025-03-01,jharkhand,814145,814,3.0,1.0,2025.0,0.0,0.0,99.0,2653.0,0.0,0.0,0.0,2752.0,0.0,2752.0,0.0,0.0,32988134,16930315,16057819,5389495,18328069,14660065,13098274,8424769,4673505,19889860,8.342393661914917e-05,37.36567360928025,True,"dumka, godda"
2025-01-03,rajasthan,327801,327,1.0,1.0,2025.0,331.0,789.0,223.0,9080.0,0.0,0.0,0.0,10423.0,0.0,10423.0,331.0,789.0,68548437,35550997,32997440,10649504,38275282,30273155,29886255,18297076,11589179,38662182,0.00015205306577595635,37.29700193423597,True,banswara
2025-01-03,rajasthan,325602,325,1.0,1.0,2025.0,164.0,178.0,68.0,2180.0,0.0,0.0,0.0,2590.0,0.0,2590.0,164.0,178.0,68548437,35550997,32997440,10649504,38275282,30273155,29886255,18297076,11589179,38662182,3.778350190537532e-05,37.288542291541695,True,"kota, baran"
2025-01-07,punjab,148023,148,1.0,1.0,2025.0,735.0,915.0,202.0,2207.0,0.0,0.0,0.0,4059.0,0.0,4059.0,735.0,915.0,27743338,14639465,13103873,3076219,18707137,9036201,9897362,8074157,1823205,17845976,0.00014630539410938944,37.27543604651163,True,"malerkotla, sangrur"
2025-01-07,chhatisgarh,494552,494,1.0,1.0,2025.0,418.0,3076.0,0.0,0.0,0.0,0.0,0.0,3494.0,0.0,3494.0,418.0,3076.0,25545198,12832895,12712303,3661689,15379922,10165276,12180225,7133866,5046359,13364973,0.00013677717432450514,37.18861386138614,True,dantewada
2025-01-03,tamilnadu,606204,606,1.0,1.0,2025.0,449.0,120.0,13.0,100.0,0.0,0.0,0.0,682.0,0.0,682.0,449.0,120.0,72147030,36137975,36009055,7423832,51837507,20309523,32884681,21434978,11449703,39262349,9.45291857474937e-06,37.17154331612163,True,"cuddalore, kallakurichi, viluppuram"
2025-03-01,rajasthan,327031,327,3.0,1.0,2025.0,0.0,0.0,102.0,5607.0,0.0,0.0,0.0,5709.0,0.0,5709.0,0.0,0.0,68548437,35550997,32997440,10649504,38275282,30273155,29886255,18297076,11589179,38662182,8.328417466323849e-05,37.15184381778742,True,banswara
2025-01-03,telangana,500088,500,1.0,1.0,2025.0,56.0,101.0,49.0,238.0,0.0,0.0,0.0,444.0,0.0,444.0,56.0,101.0,35241990,17684227,17557762,3809500,21065316,14176673,16426210,10077331,6348879,18815779,1.2598607513366866e-05,37.10375771172182,True,"rangareddy, hyderabad, kvrangareddy"
2025-01-03,mizoram,796321,796,1.0,1.0,2025.0,3043.0,697.0,68.0,912.0,0.0,0.0,0.0,4720.0,0.0,4720.0,3043.0,697.0,1097206,555339,541867,168531,848175,249031,486705,290740,195965,610501,0.004301835753723548,37.08424268878219,True,champhai
2025-01-03,odisha,755019,755,1.0,1.0,2025.0,294.0,529.0,104.0,897.0,0.0,0.0,0.0,1824.0,0.0,1824.0,294.0,529.0,41974218,21212136,20762082,5273194,26742595,15231623,17541589,11902655,5638934,24432629,4.3455246742178735e-05,37.06166219839142,True,"jajpur, keonjhar"
2025-01-03,rajasthan,322220,322,1.0,1.0,2025.0,161.0,210.0,63.0,841.0,0.0,0.0,0.0,1275.0,0.0,1275.0,161.0,210.0,68548437,35550997,32997440,10649504,38275282,30273155,29886255,18297076,11589179,38662182,1.859998645920986e-05,37.05290611028316,True,"karauli, sawaimadhopur"
2025-01-03,rajasthan,313329,313,1.0,1.0,2025.0,44.0,48.0,55.0,1367.0,0.0,0.0,0.0,1514.0,0.0,1514.0,44.0,48.0,68548437,35550997,32997440,10649504,38275282,30273155,29886255,18297076,11589179,38662182,2.208657215626959e-05,37.007661437431594,True,rajsamand
2025-06-01,chhatisgarh,493445,493,6.0,2.0,2025.0,0.0,0.0,623.0,12985.0,0.0,0.0,0.0,13608.0,0.0,13608.0,0.0,0.0,25545198,12832895,12712303,3661689,15379922,10165276,12180225,7133866,5046359,13364973,0.0005327028586742604,36.99516420064958,True,"mahasamund, gariyaband, balod, raipur, balodabazar"
2025-01-07,westbengal,731221,731,1.0,1.0,2025.0,349.0,398.0,164.0,1244.0,0.0,0.0,0.0,2155.0,0.0,2155.0,349.0,398.0,91276115,46809027,44467088,10581466,61538281,29737834,34756355,26716047,8040308,56519760,2.3609681459382884e-05,36.79452695591159,True,"birbhum, murshidabad"
2025-01-03,rajasthan,314401,314,1.0,1.0,2025.0,56.0,93.0,13.0,1893.0,0.0,0.0,0.0,2055.0,0.0,2055.0,56.0,93.0,68548437,35550997,32997440,10649504,38275282,30273155,29886255,18297076,11589179,38662182,2.9978801704844123e-05,36.78257042253521,True,dungarpur
2025-01-03,jharkhand,831002,831,1.0,1.0,2025.0,1529.0,1799.0,161.0,3218.0,0.0,0.0,0.0,6707.0,0.0,6707.0,1529.0,1799.0,32988134,16930315,16057819,5389495,18328069,14660065,13098274,8424769,4673505,19889860,0.00020331553157871857,36.695654677916316,True,"eastsinghbhum, seraikelakharsawan, westsinghbhum"
2025-01-03,telangana,500032,500,1.0,1.0,2025.0,104.0,178.0,66.0,497.0,0.0,0.0,0.0,845.0,0.0,845.0,104.0,178.0,35241990,17684227,17557762,3809500,21065316,14176673,16426210,10077331,6348879,18815779,2.397707961440316e-05,36.66930630345265,True,"rangareddy, hyderabad, kvrangareddy"
2025-01-03,assam,784522,784,1.0,1.0,2025.0,290.0,85.0,29.0,474.0,0.0,0.0,0.0,878.0,0.0,878.0,290.0,85.0,31205576,15939443,15266133,4638130,19177977,12027599,11969690,8541560,3428130,19235886,2.813599723331497e-05,36.64205457463885,True,"udalguri, darrang"
2025-01-03,telangana,500037,500,1.0,1.0,2025.0,81.0,170.0,219.0,763.0,0.0,0.0,0.0,1233.0,0.0,1233.0,81.0,170.0,35241990,17684227,17557762,3809500,21065316,14176673,16426210,10077331,6348879,18815779,3.4986673567525554e-05,36.588353413654616,True,"medchalmalkajgiri, rangareddy, kvrangareddy"
2025-01-03,jharkhand,825109,825,1.0,1.0,2025.0,198.0,240.0,35.0,1315.0,0.0,0.0,0.0,1788.0,0.0,1788.0,198.0,240.0,32988134,16930315,16057819,5389495,18328069,14660065,13098274,8424769,4673505,19889860,5.4201307658080935e-05,36.4337752965806,True,"hazaribagh, koderma"
2025-01-03,meghalaya,794002,794,1.0,1.0,2025.0,54.0,120.0,49.0,905.0,0.0,0.0,0.0,1128.0,0.0,1128.0,54.0,120.0,2966889,1491832,1475057,568536,1785005,1181884,1185619,703709,481910,1781270,0.00038019622574353136,36.395666509656145,True,"northgarohills, westgarohills, eastgarohills"
2025-01-03,rajasthan,326516,326,1.0,1.0,2025.0,54.0,108.0,36.0,1674.0,0.0,0.0,0.0,1872.0,0.0,1872.0,54.0,108.0,68548437,35550997,32997440,10649504,38275282,30273155,29886255,18297076,11589179,38662182,2.730915658952224e-05,36.380680194341245,True,jhalawar
2025-07-01,telangana,500055,500,7.0,3.0,2025.0,0.0,0.0,416.0,1965.0,0.0,0.0,0.0,2381.0,0.0,2381.0,0.0,0.0,35241990,17684227,17557762,3809500,21065316,14176673,16426210,10077331,6348879,18815779,6.756145155253718e-05,36.37043702985832,True,"hyderabad, medchalmalkajgiri, rangareddy, kvrangareddy"
2025-01-03,bihar,804421,804,1.0,1.0,2025.0,199.0,576.0,98.0,892.0,0.0,0.0,0.0,1765.0,0.0,1765.0,199.0,576.0,104099452,54278157,49821295,19133964,52504553,51594899,34724987,25222189,9502798,69374465,1.69549403583796e-05,36.34456985967053,True,"arwal, jehanabad, gaya"
2025-01-07,chhatisgarh,495449,495,1.0,1.0,2025.0,495.0,971.0,234.0,1671.0,0.0,0.0,0.0,3371.0,0.0,3371.0,495.0,971.0,25545198,12832895,12712303,3661689,15379922,10165276,12180225,7133866,5046359,13364973,0.00013196217934971575,36.30586968228325,True,"bilaspur, korba, gariyaband"
2025-01-03,bihar,843327,843,1.0,1.0,2025.0,599.0,903.0,169.0,1744.0,0.0,0.0,0.0,3415.0,0.0,3415.0,599.0,903.0,104099452,54278157,49821295,19133964,52504553,51594899,34724987,25222189,9502798,69374465,3.280516788887611e-05,36.27083640654964,True,"sheohar, sitamarhi"
2025-01-05,tamilnadu,614019,614,1.0,1.0,2025.0,124.0,857.0,0.0,0.0,0.0,0.0,0.0,981.0,0.0,981.0,124.0,857.0,72147030,36137975,36009055,7423832,51837507,20309523,32884681,21434978,11449703,39262349,1.3597233316465002e-05,36.25565058032987,True,"thanjavur, thiruvarur"
2025-01-03,uttarpradesh,202522,202,1.0,1.0,2025.0,438.0,108.0,160.0,3981.0,0.0,0.0,0.0,4687.0,0.0,4687.0,438.0,108.0,199812341,104480510,95331831,30791331,114397555,85414786,65814715,49846762,15967953,133997626,2.3457009594817768e-05,36.151472880938705,True,"sambhal, budaun"
2025-03-01,telangana,500090,500,3.0,1.0,2025.0,0.0,0.0,307.0,1614.0,0.0,0.0,0.0,1921.0,0.0,1921.0,0.0,0.0,35241990,17684227,17557762,3809500,21065316,14176673,16426210,10077331,6348879,18815779,5.4508840164814754e-05,36.10245528948166,True,"medchalmalkajgiri, rangareddy, kvrangareddy"
2025-01-07,uttarpradesh,208001,208,1.0,1.0,2025.0,1827.0,2459.0,528.0,5600.0,728.0,900.0,31.0,10414.0,1659.0,6.273493975903614,2.027746947835738,76.84375,199812341,104480510,95331831,30791331,114397555,85414786,65814715,49846762,15967953,133997626,5.211890290600219e-05,36.09791073124406,True,"kanpurdehat, kanpurnagar"
2025-01-06,telangana,502032,502,1.0,1.0,2025.0,225.0,213.0,304.0,1643.0,0.0,0.0,0.0,2385.0,0.0,2385.0,225.0,213.0,35241990,17684227,17557762,3809500,21065316,14176673,16426210,10077331,6348879,18815779,6.767495252112608e-05,36.074486301369866,True,"medak, sangareddy"
2025-01-03,rajasthan,327604,327,1.0,1.0,2025.0,82.0,192.0,45.0,1977.0,0.0,0.0,0.0,2296.0,0.0,2296.0,82.0,192.0,68548437,35550997,32997440,10649504,38275282,30273155,29886255,18297076,11589179,38662182,3.3494563851251634e-05,36.05750940057509,True,banswara
2025-01-03,andhrapradesh,531114,531,1.0,1.0,2025.0,505.0,112.0,54.0,691.0,0.0,0.0,0.0,1362.0,0.0,1362.0,505.0,112.0,49338786,24757918,24580868,5333301,29491443,19847343,22996695,14108263,8888431,26342091,2.760505700322663e-05,35.996312231100184,True,"anakapalli, visakhapatnam, allurisitharamaraju"
2025-01-03,bihar,802134,802,1.0,1.0,2025.0,132.0,319.0,67.0,835.0,0.0,0.0,0.0,1353.0,0.0,1353.0,132.0,319.0,104099452,54278157,49821295,19133964,52504553,51594899,34724987,25222189,9502798,69374465,1.2997186575007139e-05,35.944822888283376,True,"bhojpur, buxar"
2025-01-05,karnataka,560087,560,1.0,1.0,2025.0,209.0,134.0,113.0,571.0,84.0,45.0,36.0,1027.0,165.0,6.186746987951807,4.543478260869565,3.6216216216216215,61095297,30966657,30128640,7161033,40647322,20447975,27872597,18270116,9602481,33222700,1.6809804525543104e-05,35.84811320754717,True,"bengalururural, bengaluruurban"
2025-03-01,rajasthan,326512,326,3.0,1.0,2025.0,0.0,0.0,93.0,2998.0,0.0,0.0,0.0,3091.0,0.0,3091.0,0.0,0.0,68548437,35550997,32997440,10649504,38275282,30273155,29886255,18297076,11589179,38662182,4.509220246699425e-05,35.65530110262935,True,"jhalawar, kota"
2025-01-03,rajasthan,311603,311,1.0,1.0,2025.0,123.0,205.0,92.0,2643.0,0.0,0.0,0.0,3063.0,0.0,3063.0,123.0,205.0,68548437,35550997,32997440,10649504,38275282,30273155,29886255,18297076,11589179,38662182,4.468373217612533e-05,35.65497439081173,True,bhilwara
2025-01-07,madhyapradesh,483225,483,1.0,1.0,2025.0,1109.0,479.0,231.0,829.0,0.0,0.0,0.0,2648.0,0.0,2648.0,1109.0,479.0,72626809,37612306,35014503,10809395,42851169,29775640,31574133,20146970,11427163,41052676,3.646036548294446e-05,35.590021272481145,True,"jabalpur, katni"
2025-06-01,chhatisgarh,497220,497,6.0,2.0,2025.0,0.0,0.0,247.0,4844.0,0.0,0.0,0.0,5091.0,0.0,5091.0,0.0,0.0,25545198,12832895,12712303,3661689,15379922,10165276,12180225,7133866,5046359,13364973,0.00019929381639555114,35.58162462392965,True,"balrampur, surguja, surajpur"
2025-01-03,gujarat,360490,360,1.0,1.0,2025.0,346.0,242.0,58.0,601.0,0.0,0.0,0.0,1247.0,0.0,1247.0,346.0,242.0,60439692,31491260,28948432,7777262,41093358,19346334,24767747,18000914,6766833,35671945,2.0632136907646717e-05,35.51357509018416,True,"rajkot, porbandar, jamnagar, junagadh"
2025-03-01,meghalaya,793106,793,3.0,1.0,2025.0,0.0,0.0,92.0,733.0,0.0,0.0,0.0,825.0,0.0,825.0,0.0,0.0,2966889,1491832,1475057,568536,1785005,1181884,1185619,703709,481910,1781270,0.0002780690480836998,35.50018389113645,True,"eastkhasihills, southwestkhasihills, westkhasihills, eastgarohills"
2025-01-03,uttarpradesh,271835,271,1.0,1.0,2025.0,370.0,356.0,89.0,1383.0,0.0,0.0,0.0,2198.0,0.0,2198.0,370.0,356.0,199812341,104480510,95331831,30791331,114397555,85414786,65814715,49846762,15967953,133997626,1.1000321546705667e-05,35.464712403005294,True,"bahraich, shrawasti"
2025-01-03,ladakh,194105,194,1.0,1.0,2025.0,86.0,83.0,83.0,166.0,0.0,0.0,0.0,418.0,0.0,418.0,86.0,83.0,274289,156756,117533,31944,180006,94283,126952,93104,33848,147337,0.0015239400778011513,35.413888888888884,True,kargil
2025-01-03,delhi,110053,110,1.0,1.0,2025.0,2156.0,3799.0,554.0,3713.0,0.0,0.0,0.0,10222.0,0.0,10222.0,2156.0,3799.0,16787941,8987326,7800615,2012454,12737767,4050174,5587049,4762026,825023,11200892,0.0006088894403429223,35.397329604102154,True,"eastdelhi, northeastdelhi, shahdara"
2025-01-03,telangana,508126,508,1.0,1.0,2025.0,32.0,53.0,85.0,681.0,0.0,0.0,0.0,851.0,0.0,851.0,32.0,53.0,35241990,17684227,17557762,3809500,21065316,14176673,16426210,10077331,6348879,18815779,2.4147331067286495e-05,35.36623376623377,True,"nalgonda, yadadribhuvanagiri"
2025-01-03,tamilnadu,600100,600,1.0,1.0,2025.0,575.0,485.0,68.0,800.0,0.0,0.0,0.0,1928.0,0.0,1928.0,575.0,485.0,72147030,36137975,36009055,7423832,51837507,20309523,32884681,21434978,11449703,39262349,2.6723206762634583e-05,35.34781060875756,True,"chengalpattu, chennai, kancheepuram"
2025-01-07,punjab,152022,152,1.0,1.0,2025.0,496.0,416.0,80.0,605.0,0.0,0.0,0.0,1597.0,0.0,1597.0,496.0,416.0,27743338,14639465,13103873,3076219,18707137,9036201,9897362,8074157,1823205,17845976,5.756336890679845e-05,35.31604580755562,True,"fazilka, ferozepur, srimuktsarsahib"
2025-01-03,rajasthan,313706,313,1.0,1.0,2025.0,138.0,245.0,50.0,2268.0,0.0,0.0,0.0,2701.0,0.0,2701.0,138.0,245.0,68548437,35550997,32997440,10649504,38275282,30273155,29886255,18297076,11589179,38662182,3.9402794844177117e-05,35.29820095044128,True,"udaipur, pratapgarh"
2025-01-03,rajasthan,314034,314,1.0,1.0,2025.0,148.0,266.0,46.0,2559.0,0.0,0.0,0.0,3019.0,0.0,3019.0,148.0,266.0,68548437,35550997,32997440,10649504,38275282,30273155,29886255,18297076,11589179,38662182,4.4041850290474166e-05,35.17386628428034,True,dungarpur
2025-01-03,meghalaya,794110,794,1.0,1.0,2025.0,28.0,231.0,14.0,516.0,0.0,0.0,0.0,789.0,0.0,789.0,28.0,231.0,2966889,1491832,1475057,568536,1785005,1181884,1185619,703709,481910,1781270,0.000265935125985502,35.172289156626505,True,"eastgarohills, northgarohills"
2025-01-03,bihar,847107,847,1.0,1.0,2025.0,430.0,283.0,89.0,714.0,0.0,0.0,0.0,1516.0,0.0,1516.0,430.0,283.0,104099452,54278157,49821295,19133964,52504553,51594899,34724987,25222189,9502798,69374465,1.4562996931050127e-05,35.156711173576944,True,"darbhanga, muzaffarpur"
2025-01-03,andhrapradesh,531030,531,1.0,1.0,2025.0,403.0,287.0,27.0,494.0,0.0,0.0,0.0,1211.0,0.0,1211.0,403.0,287.0,49338786,24757918,24580868,5333301,29491443,19847343,22996695,14108263,8888431,26342091,2.454458445734761e-05,35.045016077170416,True,"anakapalli, visakhapatnam, allurisitharamaraju"
2025-01-03,jharkhand,814151,814,1.0,1.0,2025.0,838.0,428.0,127.0,2831.0,0.0,0.0,0.0,4224.0,0.0,4224.0,838.0,428.0,32988134,16930315,16057819,5389495,18328069,14660065,13098274,8424769,4673505,19889860,0.00012804604225264758,34.99779054352629,True,"dumka, deoghar"
2025-01-03,bihar,841436,841,1.0,1.0,2025.0,481.0,460.0,119.0,1518.0,0.0,0.0,0.0,2578.0,0.0,2578.0,481.0,460.0,104099452,54278157,49821295,19133964,52504553,51594899,34724987,25222189,9502798,69374465,2.4764779741587882e-05,34.93974258970359,True,"gopalganj, siwan"
2025-01-03,sikkim,737121,737,1.0,1.0,2025.0,503.0,255.0,34.0,262.0,0.0,0.0,0.0,1054.0,0.0,1054.0,503.0,255.0,610577,323070,287507,64111,444952,165625,308138,194358,113780,302439,0.0017262360029938893,34.86372056099497,True,"southsikkim, westsikkim, namchi"
2025-01-07,manipur,795138,795,1.0,1.0,2025.0,1617.0,2711.0,0.0,0.0,0.0,0.0,0.0,4328.0,0.0,4328.0,1617.0,2711.0,2855794,1438586,1417208,375357,1908476,947318,1304610,739408,565202,1551184,0.0015155154748556793,34.8153515505066,True,"imphaleast, thoubal, senapati"
2025-01-03,uttarpradesh,227815,227,1.0,1.0,2025.0,220.0,138.0,22.0,579.0,0.0,0.0,0.0,959.0,0.0,959.0,220.0,138.0,199812341,104480510,95331831,30791331,114397555,85414786,65814715,49846762,15967953,133997626,4.799503349995784e-06,34.742533185840706,True,"amethi, sultanpur"
2025-01-03,tamilnadu,627751,627,1.0,1.0,2025.0,1130.0,427.0,131.0,547.0,0.0,0.0,0.0,2235.0,0.0,2235.0,1130.0,427.0,72147030,36137975,36009055,7423832,51837507,20309523,32884681,21434978,11449703,39262349,3.097840617971384e-05,34.73684210526316,True,"tenkasi, tirunelveli"
2025-01-03,bihar,813108,813,1.0,1.0,2025.0,567.0,350.0,118.0,1012.0,0.0,0.0,0.0,2047.0,0.0,2047.0,567.0,350.0,104099452,54278157,49821295,19133964,52504553,51594899,34724987,25222189,9502798,69374465,1.9663888336319003e-05,34.6595798854233,True,"banka, bhagalpur"
2025-01-03,telangana,500050,500,1.0,1.0,2025.0,100.0,105.0,86.0,480.0,0.0,0.0,0.0,771.0,0.0,771.0,100.0,105.0,35241990,17684227,17557762,3809500,21065316,14176673,16426210,10077331,6348879,18815779,2.1877311695508682e-05,34.64357594196115,True,"hyderabad, rangareddy, kvrangareddy"
2025-01-03,assam,783380,783,1.0,1.0,2025.0,435.0,302.0,87.0,1576.0,0.0,0.0,0.0,2400.0,0.0,2400.0,435.0,302.0,31205576,15939443,15266133,4638130,19177977,12027599,11969690,8541560,3428130,19235886,7.690933184505231e-05,34.64257659073056,True,"bongaigaon, chirang"
2025-01-07,assam,783330,783,1.0,1.0,2025.0,437.0,256.0,228.0,1578.0,0.0,0.0,0.0,2499.0,0.0,2499.0,437.0,256.0,31205576,15939443,15266133,4638130,19177977,12027599,11969690,8541560,3428130,19235886,8.008184178366072e-05,34.54513823584728,True,"dhubri, goalpara"
2025-01-03,rajasthan,321022,321,1.0,1.0,2025.0,442.0,311.0,113.0,2599.0,0.0,0.0,0.0,3465.0,0.0,3465.0,442.0,311.0,68548437,35550997,32997440,10649504,38275282,30273155,29886255,18297076,11589179,38662182,5.054819849502914e-05,34.51750855302878,True,"bharatpur, deeg"
2025-01-07,punjab,145023,145,1.0,1.0,2025.0,420.0,378.0,71.0,513.0,0.0,0.0,0.0,1382.0,0.0,1382.0,420.0,378.0,27743338,14639465,13103873,3076219,18707137,9036201,9897362,8074157,1823205,17845976,4.9813760694549444e-05,34.51575817641229,True,"gurdaspur, pathankot"
2025-03-01,rajasthan,311806,311,3.0,1.0,2025.0,0.0,0.0,27.0,1799.0,0.0,0.0,0.0,1826.0,0.0,1826.0,0.0,0.0,68548437,35550997,32997440,10649504,38275282,30273155,29886255,18297076,11589179,38662182,2.6638098254523293e-05,34.512027491408936,True,bhilwara
2025-01-03,bihar,854304,854,1.0,1.0,2025.0,1198.0,2171.0,207.0,2889.0,0.0,0.0,0.0,6465.0,0.0,6465.0,1198.0,2171.0,104099452,54278157,49821295,19133964,52504553,51594899,34724987,25222189,9502798,69374465,6.210407332403632e-05,34.477373152521714,True,"araria, purnia, madhepura, katihar"
2025-01-03,jammuandkashmir,191201,191,1.0,1.0,2025.0,163.0,298.0,84.0,480.0,0.0,0.0,0.0,1025.0,0.0,1025.0,163.0,298.0,12267013,6483906,12423769,6608718,12361296,6546379,12414350,6547558,12507454,6493325,8.35574234738318e-05,34.474311440677965,True,"ganderbal, srinagar"
2025-01-03,bihar,804423,804,1.0,1.0,2025.0,162.0,285.0,50.0,453.0,0.0,0.0,0.0,950.0,0.0,950.0,162.0,285.0,104099452,54278157,49821295,19133964,52504553,51594899,34724987,25222189,9502798,69374465,9.125888578164658e-06,34.467120181405896,True,"arwal, jehanabad, patna"
2025-01-03,tamilnadu,627755,627,1.0,1.0,2025.0,125.0,305.0,14.0,144.0,0.0,0.0,0.0,588.0,0.0,588.0,125.0,305.0,72147030,36137975,36009055,7423832,51837507,20309523,32884681,21434978,11449703,39262349,8.150023639226728e-06,34.44639718804921,True,"tirunelveli, tenkasi"
2025-01-03,tamilnadu,606107,606,1.0,1.0,2025.0,389.0,321.0,16.0,151.0,0.0,0.0,0.0,877.0,0.0,877.0,389.0,321.0,72147030,36137975,36009055,7423832,51837507,20309523,32884681,21434978,11449703,39262349,1.2155732536737825e-05,34.43829268292683,True,"cuddalore, kallakurichi, viluppuram"
2025-01-07,telangana,500089,500,1.0,1.0,2025.0,288.0,302.0,174.0,1217.0,0.0,0.0,0.0,1981.0,0.0,1981.0,288.0,302.0,35241990,17684227,17557762,3809500,21065316,14176673,16426210,10077331,6348879,18815779,5.621135469364812e-05,34.41185166933596,True,"rangareddy, kvrangareddy, hyderabad"
2025-01-03,rajasthan,314036,314,1.0,1.0,2025.0,113.0,201.0,22.0,2103.0,0.0,0.0,0.0,2439.0,0.0,2439.0,113.0,201.0,68548437,35550997,32997440,10649504,38275282,30273155,29886255,18297076,11589179,38662182,3.5580679979617916e-05,34.4035050224407,True,"dungarpur, banswara"
2025-01-03,bihar,851204,851,1.0,1.0,2025.0,993.0,961.0,252.0,2230.0,0.0,0.0,0.0,4436.0,0.0,4436.0,993.0,961.0,104099452,54278157,49821295,19133964,52504553,51594899,34724987,25222189,9502798,69374465,4.2613096560777285e-05,34.38212029516377,True,"begusarai, khagaria"
2025-01-03,madhyapradesh,472246,472,1.0,1.0,2025.0,531.0,394.0,163.0,509.0,0.0,0.0,0.0,1597.0,0.0,1597.0,531.0,394.0,72626809,37612306,35014503,10809395,42851169,29775640,31574133,20146970,11427163,41052676,2.1989125255386066e-05,34.364778791530384,True,"niwari, tikamgarh"
2025-01-03,rajasthan,312614,312,1.0,1.0,2025.0,38.0,73.0,21.0,560.0,0.0,0.0,0.0,692.0,0.0,692.0,38.0,73.0,68548437,35550997,32997440,10649504,38275282,30273155,29886255,18297076,11589179,38662182,1.0095051474331939e-05,34.33721518987342,True,"chittorgarh, pratapgarh"
2025-01-03,uttarpradesh,229305,229,1.0,1.0,2025.0,274.0,136.0,47.0,584.0,0.0,0.0,0.0,1041.0,0.0,1041.0,274.0,136.0,199812341,104480510,95331831,30791331,114397555,85414786,65814715,49846762,15967953,133997626,5.20988841224777e-06,34.31313620940378,True,"amethi, raebareli"
2025-01-03,uttarpradesh,204216,204,1.0,1.0,2025.0,673.0,154.0,78.0,855.0,0.0,0.0,0.0,1760.0,0.0,1760.0,673.0,154.0,199812341,104480510,95331831,30791331,114397555,85414786,65814715,49846762,15967953,133997626,8.808264750774327e-06,34.28401486988848,True,"aligarh, hathras"
2025-01-03,tamilnadu,627758,627,1.0,1.0,2025.0,303.0,668.0,0.0,0.0,0.0,0.0,0.0,971.0,0.0,971.0,303.0,668.0,72147030,36137975,36009055,7423832,51837507,20309523,32884681,21434978,11449703,39262349,1.3458627472260466e-05,34.25873400207541,True,"tenkasi, tirunelveli"
2025-01-03,uttarpradesh,271803,271,1.0,1.0,2025.0,352.0,152.0,57.0,1008.0,0.0,0.0,0.0,1569.0,0.0,1569.0,352.0,152.0,199812341,104480510,95331831,30791331,114397555,85414786,65814715,49846762,15967953,133997626,7.852367837480068e-06,34.24404761904762,True,"bahraich, shrawasti"
2025-01-03,bihar,804452,804,1.0,1.0,2025.0,413.0,878.0,186.0,1890.0,0.0,0.0,0.0,3367.0,0.0,3367.0,413.0,878.0,104099452,54278157,49821295,19133964,52504553,51594899,34724987,25222189,9502798,69374465,3.234407036071621e-05,34.17591112531969,True,"jehanabad, patna"
2025-01-07,manipur,795133,795,1.0,1.0,2025.0,2201.0,2657.0,0.0,0.0,0.0,0.0,0.0,4858.0,0.0,4858.0,2201.0,2657.0,2855794,1438586,1417208,375357,1908476,947318,1304610,739408,565202,1551184,0.0017011030907691522,34.08216848259368,True,"bishnupur, churachandpur"
2025-01-03,jharkhand,825412,825,1.0,1.0,2025.0,1490.0,1124.0,213.0,5801.0,0.0,0.0,0.0,8628.0,0.0,8628.0,1490.0,1124.0,32988134,16930315,16057819,5389495,18328069,14660065,13098274,8424769,4673505,19889860,0.00026154859198765227,34.07941858015589,True,giridih
2025-01-05,karnataka,583136,583,1.0,1.0,2025.0,275.0,989.0,0.0,0.0,0.0,0.0,0.0,1264.0,0.0,1264.0,275.0,989.0,61095297,30966657,30128640,7161033,40647322,20447975,27872597,18270116,9602481,33222700,2.068899018528382e-05,34.054304356977475,True,"ballari, vijayanagara, davanagere"
2025-01-03,telangana,500008,500,1.0,1.0,2025.0,513.0,610.0,273.0,1612.0,0.0,0.0,0.0,3008.0,0.0,3008.0,513.0,610.0,35241990,17684227,17557762,3809500,21065316,14176673,16426210,10077331,6348879,18815779,8.535272837884581e-05,34.04671218109953,True,"hyderabad, rangareddy, kvrangareddy"
2025-01-03,jharkhand,825324,825,1.0,1.0,2025.0,412.0,608.0,120.0,2716.0,0.0,0.0,0.0,3856.0,0.0,3856.0,412.0,608.0,32988134,16930315,16057819,5389495,18328069,14660065,13098274,8424769,4673505,19889860,0.00011689051584427298,33.90567545963229,True,giridih
2025-01-07,manipur,795132,795,1.0,1.0,2025.0,1381.0,1407.0,0.0,0.0,0.0,0.0,0.0,2788.0,0.0,2788.0,1381.0,1407.0,2855794,1438586,1417208,375357,1908476,947318,1304610,739408,565202,1551184,0.0009762608927674756,33.8865017546863,True,"imphalwest, thoubal, kakching"
2025-01-03,tamilnadu,636113,636,1.0,1.0,2025.0,745.0,140.0,17.0,340.0,0.0,0.0,0.0,1242.0,0.0,1242.0,745.0,140.0,72147030,36137975,36009055,7423832,51837507,20309523,32884681,21434978,11449703,39262349,1.7214845850203398e-05,33.78799249530957,True,"salem, namakkal"
2025-01-07,maharashtra,401208,401,1.0,1.0,2025.0,617.0,800.0,277.0,2609.0,324.0,480.0,12.0,4303.0,816.0,5.2668298653610774,1.2827442827442828,61.53846153846154,112374333,58243056,54131277,13326517,81554290,30820043,49427878,32616875,16811003,62946455,3.829166220724087e-05,33.77805258347223,True,"palghar, thane"
2025-01-03,odisha,754004,754,1.0,1.0,2025.0,138.0,468.0,50.0,588.0,0.0,0.0,0.0,1244.0,0.0,1244.0,138.0,468.0,41974218,21212136,20762082,5273194,26742595,15231623,17541589,11902655,5638934,24432629,2.963724065091576e-05,33.77107477377361,True,"cuttack, khordha, puri"
2025-01-03,uttarpradesh,207401,207,1.0,1.0,2025.0,501.0,126.0,62.0,779.0,0.0,0.0,0.0,1468.0,0.0,1468.0,501.0,126.0,199812341,104480510,95331831,30791331,114397555,85414786,65814715,49846762,15967953,133997626,7.346893553486769e-06,33.73393778333594,True,"etah, kasganj"
2025-03-01,meghalaya,793119,793,3.0,1.0,2025.0,0.0,0.0,254.0,1771.0,0.0,0.0,0.0,2025.0,0.0,2025.0,0.0,0.0,2966889,1491832,1475057,568536,1785005,1181884,1185619,703709,481910,1781270,0.0006825331180236268,33.68761552680222,True,"southwestkhasihills, westkhasihills, easternwestkhasihills, eastkhasihills"
2025-01-03,karnataka,581118,581,1.0,1.0,2025.0,899.0,288.0,1350.0,458.0,0.0,0.0,0.0,2995.0,0.0,2995.0,899.0,288.0,61095297,30966657,30128640,7161033,40647322,20447975,27872597,18270116,9602481,33222700,4.902177658617487e-05,33.65635405105438,True,"haveri, gadag"
2025-01-03,meghalaya,793150,793,1.0,1.0,2025.0,457.0,215.0,203.0,1350.0,0.0,0.0,0.0,2225.0,0.0,2225.0,457.0,215.0,2966889,1491832,1475057,568536,1785005,1181884,1185619,703709,481910,1781270,0.0007499437963469479,33.550376970527765,True,"westjaintiahills, eastjaintiahills, eastgarohills"
2025-01-03,jharkhand,825318,825,1.0,1.0,2025.0,421.0,485.0,72.0,1937.0,0.0,0.0,0.0,2915.0,0.0,2915.0,421.0,485.0,32988134,16930315,16057819,5389495,18328069,14660065,13098274,8424769,4673505,19889860,8.836510728372814e-05,33.53606514994829,True,koderma
2025-01-03,bihar,843316,843,1.0,1.0,2025.0,458.0,658.0,129.0,1250.0,0.0,0.0,0.0,2495.0,0.0,2495.0,458.0,658.0,104099452,54278157,49821295,19133964,52504553,51594899,34724987,25222189,9502798,69374465,2.3967465265811388e-05,33.52906806894537,True,"sheohar, sitamarhi"
2025-01-03,jharkhand,825320,825,1.0,1.0,2025.0,212.0,252.0,98.0,2931.0,0.0,0.0,0.0,3493.0,0.0,3493.0,212.0,252.0,32988134,16930315,16057819,5389495,18328069,14660065,13098274,8424769,4673505,19889860,0.00010588655908818608,33.49080072557658,True,giridih
2025-01-03,andhrapradesh,533464,533,1.0,1.0,2025.0,188.0,126.0,13.0,365.0,0.0,0.0,0.0,692.0,0.0,692.0,188.0,126.0,49338786,24757918,24580868,5333301,29491443,19847343,22996695,14108263,8888431,26342091,1.4025476832770065e-05,33.47007943512798,True,"eastgodavari, drbrambedkarkonaseema, kakinada"
2025-01-03,jharkhand,825315,825,1.0,1.0,2025.0,94.0,152.0,18.0,722.0,0.0,0.0,0.0,986.0,0.0,986.0,94.0,152.0,32988134,16930315,16057819,5389495,18328069,14660065,13098274,8424769,4673505,19889860,2.9889535431134117e-05,33.434626671014016,True,"bokaro, hazaribagh"
2025-01-03,jammuandkashmir,182315,182,1.0,1.0,2025.0,567.0,980.0,118.0,734.0,0.0,0.0,0.0,2399.0,0.0,2399.0,567.0,980.0,12267013,6483906,12423769,6608718,12361296,6546379,12414350,6547558,12507454,6493325,0.00019556513064753416,33.36866075824717,True,"reasi, udhampur, kishtwar"
2025-01-07,manipur,795134,795,1.0,1.0,2025.0,2071.0,627.0,0.0,0.0,0.0,0.0,0.0,2698.0,0.0,2698.0,2071.0,627.0,2855794,1438586,1417208,375357,1908476,947318,1304610,739408,565202,1551184,0.0009447460145934896,33.36781687734882,True,"bishnupur, imphalwest, senapati"
2025-01-05,karnataka,562117,562,1.0,1.0,2025.0,471.0,327.0,181.0,1902.0,0.0,0.0,0.0,2881.0,0.0,2881.0,471.0,327.0,61095297,30966657,30128640,7161033,40647322,20447975,27872597,18270116,9602481,33222700,4.715583918022364e-05,33.360172344149724,True,"ramanagar, bengalururural"
2025-01-03,rajasthan,311804,311,1.0,1.0,2025.0,215.0,241.0,66.0,3228.0,0.0,0.0,0.0,3750.0,0.0,3750.0,215.0,241.0,68548437,35550997,32997440,10649504,38275282,30273155,29886255,18297076,11589179,38662182,5.4705842527087816e-05,33.35567198732789,True,bhilwara
2025-01-03,jharkhand,816108,816,1.0,1.0,2025.0,1146.0,1122.0,297.0,5817.0,0.0,0.0,0.0,8382.0,0.0,8382.0,1146.0,1122.0,32988134,16930315,16057819,5389495,18328069,14660065,13098274,8424769,4673505,19889860,0.0002540913650950975,33.29535398230088,True,"sahibganj, deoghar"
2025-01-03,bihar,811315,811,1.0,1.0,2025.0,441.0,368.0,69.0,673.0,0.0,0.0,0.0,1551.0,0.0,1551.0,441.0,368.0,104099452,54278157,49821295,19133964,52504553,51594899,34724987,25222189,9502798,69374465,1.489921387866672e-05,33.29486760379209,True,"jamui, lakhisarai, sheikhpura"
2025-01-03,rajasthan,314035,314,1.0,1.0,2025.0,63.0,149.0,30.0,2001.0,0.0,0.0,0.0,2243.0,0.0,2243.0,63.0,149.0,68548437,35550997,32997440,10649504,38275282,30273155,29886255,18297076,11589179,38662182,3.272138794353546e-05,33.285986856052574,True,dungarpur
2025-07-01,telangana,508246,508,7.0,3.0,2025.0,0.0,0.0,125.0,954.0,0.0,0.0,0.0,1079.0,0.0,1079.0,0.0,0.0,35241990,17684227,17557762,3809500,21065316,14176673,16426210,10077331,6348879,18815779,3.0616886276853264e-05,33.27790814616158,True,"nalgonda, suryapet"
2025-01-03,jharkhand,815312,815,1.0,1.0,2025.0,1155.0,1499.0,268.0,5560.0,0.0,0.0,0.0,8482.0,0.0,8482.0,1155.0,1499.0,32988134,16930315,16057819,5389495,18328069,14660065,13098274,8424769,4673505,19889860,0.0002571227581408515,33.27595967621791,True,giridih
2025-01-03,telangana,509228,509,1.0,1.0,2025.0,35.0,61.0,117.0,526.0,0.0,0.0,0.0,739.0,0.0,739.0,35.0,61.0,35241990,17684227,17557762,3809500,21065316,14176673,16426210,10077331,6348879,18815779,2.0969303946797556e-05,33.261047463175125,True,"mahabubnagar, rangareddy, kvrangareddy"
2025-01-03,andhrapradesh,531116,531,1.0,1.0,2025.0,839.0,271.0,78.0,972.0,0.0,0.0,0.0,2160.0,0.0,2160.0,839.0,271.0,49338786,24757918,24580868,5333301,29491443,19847343,22996695,14108263,8888431,26342091,4.3778945027143555e-05,33.252084669660036,True,"anakapalli, visakhapatnam, allurisitharamaraju"
2025-01-03,meghalaya,794106,794,1.0,1.0,2025.0,28.0,249.0,36.0,1235.0,0.0,0.0,0.0,1548.0,0.0,1548.0,28.0,249.0,2966889,1491832,1475057,568536,1785005,1181884,1185619,703709,481910,1781270,0.0005217586502225058,33.24698991213798,True,"southwestgarohills, westgarohills"
2025-01-03,bihar,852202,852,1.0,1.0,2025.0,315.0,760.0,71.0,954.0,0.0,0.0,0.0,2100.0,0.0,2100.0,315.0,760.0,104099452,54278157,49821295,19133964,52504553,51594899,34724987,25222189,9502798,69374465,2.0173016856995558e-05,33.1578947368421,True,"madhepura, saharsa"
2025-01-07,haryana,122107,122,1.0,1.0,2025.0,888.0,821.0,197.0,1272.0,0.0,0.0,0.0,3178.0,0.0,3178.0,888.0,821.0,25351462,13494734,11856728,3380721,16598988,8752474,8916508,6806636,2109872,16434954,0.00012535766181847815,33.084886429819456,True,"mewat, rewari, gurgaon"
2025-01-03,telangana,508285,508,1.0,1.0,2025.0,16.0,14.0,13.0,446.0,0.0,0.0,0.0,489.0,0.0,489.0,16.0,14.0,35241990,17684227,17557762,3809500,21065316,14176673,16426210,10077331,6348879,18815779,1.3875493409991887e-05,33.052372426141446,True,"nalgonda, yadadribhuvanagiri"
2025-01-03,rajasthan,326501,326,1.0,1.0,2025.0,65.0,95.0,34.0,493.0,0.0,0.0,0.0,687.0,0.0,687.0,65.0,95.0,68548437,35550997,32997440,10649504,38275282,30273155,29886255,18297076,11589179,38662182,1.0022110350962488e-05,33.017195767195766,True,"jhalawar, kota"
2025-03-01,rajasthan,312901,312,3.0,1.0,2025.0,0.0,0.0,113.0,2600.0,0.0,0.0,0.0,2713.0,0.0,2713.0,0.0,0.0,68548437,35550997,32997440,10649504,38275282,30273155,29886255,18297076,11589179,38662182,3.95778535402638e-05,32.98881322957199,True,chittorgarh
2025-01-03,maharashtra,412210,412,1.0,1.0,2025.0,463.0,230.0,54.0,823.0,0.0,0.0,0.0,1570.0,0.0,1570.0,463.0,230.0,112374333,58243056,54131277,13326517,81554290,30820043,49427878,32616875,16811003,62946455,1.3971161902246842e-05,32.95595320027529,True,"pune, ahmednagar"
2025-01-06,tamilnadu,621704,621,1.0,1.0,2025.0,244.0,1578.0,0.0,0.0,0.0,0.0,0.0,1822.0,0.0,1822.0,244.0,1578.0,72147030,36137975,36009055,7423832,51837507,20309523,32884681,21434978,11449703,39262349,2.5253984814066498e-05,32.94605683026896,True,"ariyalur, perambalur"
2025-01-03,rajasthan,326021,326,1.0,1.0,2025.0,94.0,131.0,47.0,1347.0,0.0,0.0,0.0,1619.0,0.0,1619.0,94.0,131.0,68548437,35550997,32997440,10649504,38275282,30273155,29886255,18297076,11589179,38662182,2.3618335747028046e-05,32.94337953406075,True,jhalawar
2025-01-03,westbengal,743425,743,1.0,1.0,2025.0,263.0,362.0,136.0,1844.0,0.0,0.0,0.0,2605.0,0.0,2605.0,263.0,362.0,91276115,46809027,44467088,10581466,61538281,29737834,34756355,26716047,8040308,56519760,2.853977735577374e-05,32.90031574199369,True,"northtwentyfourparganas, southtwentyfourparganas"
2025-01-03,rajasthan,313605,313,1.0,1.0,2025.0,296.0,280.0,136.0,3767.0,0.0,0.0,0.0,4479.0,0.0,4479.0,296.0,280.0,68548437,35550997,32997440,10649504,38275282,30273155,29886255,18297076,11589179,38662182,6.53406583143537e-05,32.88429898275099,True,"pratapgarh, udaipur"
2025-01-03,assam,784169,784,1.0,1.0,2025.0,17.0,20.0,10.0,208.0,0.0,0.0,0.0,255.0,0.0,255.0,17.0,20.0,31205576,15939443,15266133,4638130,19177977,12027599,11969690,8541560,3428130,19235886,8.171616508536808e-06,32.86536248561565,True,"biswanath, sonitpur"
2025-01-06,chhatisgarh,491441,491,1.0,1.0,2025.0,1076.0,4204.0,645.0,9113.0,0.0,0.0,0.0,15038.0,0.0,15038.0,1076.0,4204.0,25545198,12832895,12712303,3661689,15379922,10165276,12180225,7133866,5046359,13364973,0.0005886820685437631,32.8349922018999,True,rajnandgaon
2025-01-03,uttarpradesh,250626,250,1.0,1.0,2025.0,335.0,80.0,22.0,383.0,0.0,0.0,0.0,820.0,0.0,820.0,335.0,80.0,199812341,104480510,95331831,30791331,114397555,85414786,65814715,49846762,15967953,133997626,4.103850622519858e-06,32.77885235332044,True,"baghpat, meerut"
2025-01-03,telangana,506348,506,1.0,1.0,2025.0,12.0,51.0,46.0,495.0,0.0,0.0,0.0,604.0,0.0,604.0,12.0,51.0,35241990,17684227,17557762,3809500,21065316,14176673,16426210,10077331,6348879,18815779,1.7138646256922496e-05,32.776605366294845,True,"jayashankarbhupalpally, warangal"
2025-01-03,bihar,854317,854,1.0,1.0,2025.0,3034.0,2634.0,294.0,3814.0,0.0,0.0,0.0,9776.0,0.0,9776.0,3034.0,2634.0,104099452,54278157,49821295,19133964,52504553,51594899,34724987,25222189,9502798,69374465,9.391019656856599e-05,32.76712328767123,True,"katihar, purnia"
2025-01-03,rajasthan,312027,312,1.0,1.0,2025.0,39.0,87.0,37.0,942.0,0.0,0.0,0.0,1105.0,0.0,1105.0,39.0,87.0,68548437,35550997,32997440,10649504,38275282,30273155,29886255,18297076,11589179,38662182,1.6119988264648545e-05,32.75267249757045,True,chittorgarh
2025-01-03,rajasthan,327608,327,1.0,1.0,2025.0,31.0,70.0,10.0,675.0,0.0,0.0,0.0,786.0,0.0,786.0,31.0,70.0,68548437,35550997,32997440,10649504,38275282,30273155,29886255,18297076,11589179,38662182,1.1466344593677606e-05,32.75,True,banswara
2025-01-03,telangana,500030,500,1.0,1.0,2025.0,77.0,121.0,55.0,365.0,0.0,0.0,0.0,618.0,0.0,618.0,77.0,121.0,35241990,17684227,17557762,3809500,21065316,14176673,16426210,10077331,6348879,18815779,1.7535899646983613e-05,32.73217854763491,True,"rangareddy, kvrangareddy"
2025-01-07,karnataka,560049,560,1.0,1.0,2025.0,299.0,454.0,135.0,1164.0,0.0,0.0,0.0,2052.0,0.0,2052.0,299.0,454.0,61095297,30966657,30128640,7161033,40647322,20447975,27872597,18270116,9602481,33222700,3.358687330712215e-05,32.73128834355828,True,"bengalururural, bengaluruurban"
2025-01-06,telangana,500049,500,1.0,1.0,2025.0,183.0,234.0,212.0,1172.0,0.0,0.0,0.0,1801.0,0.0,1801.0,183.0,234.0,35241990,17684227,17557762,3809500,21065316,14176673,16426210,10077331,6348879,18815779,5.1103811107148035e-05,32.730195712954334,True,"hyderabad, medchalmalkajgiri, rangareddy, kvrangareddy"
2025-01-03,tamilnadu,604407,604,1.0,1.0,2025.0,597.0,207.0,66.0,648.0,0.0,0.0,0.0,1518.0,0.0,1518.0,597.0,207.0,72147030,36137975,36009055,7423832,51837507,20309523,32884681,21434978,11449703,39262349,2.1040367150248597e-05,32.72078968573731,True,"tiruvannamalai, vellore"
2025-01-07,chhatisgarh,495115,495,1.0,1.0,2025.0,618.0,2059.0,260.0,3875.0,0.0,0.0,0.0,6812.0,0.0,6812.0,618.0,2059.0,25545198,12832895,12712303,3661689,15379922,10165276,12180225,7133866,5046359,13364973,0.00026666459974199457,32.69174749135819,True,"bilaspur, mungeli, balodabazar"
2025-01-03,chhatisgarh,491888,491,1.0,1.0,2025.0,117.0,499.0,68.0,2939.0,0.0,0.0,0.0,3623.0,0.0,3623.0,117.0,499.0,25545198,12832895,12712303,3661689,15379922,10165276,12180225,7133866,5046359,13364973,0.0001418270471029428,32.65933692905367,True,"kawardha, rajnandgaon, khairagarhchhuikhadangandai, bemetara"
2025-01-03,telangana,506347,506,1.0,1.0,2025.0,16.0,43.0,41.0,418.0,0.0,0.0,0.0,518.0,0.0,518.0,16.0,43.0,35241990,17684227,17557762,3809500,21065316,14176673,16426210,10077331,6348879,18815779,1.4698375432261345e-05,32.65652173913043,True,"mulugu, warangal"
2025-01-03,bihar,844120,844,1.0,1.0,2025.0,297.0,491.0,102.0,1053.0,0.0,0.0,0.0,1943.0,0.0,1943.0,297.0,491.0,104099452,54278157,49821295,19133964,52504553,51594899,34724987,25222189,9502798,69374465,1.8664843691972557e-05,32.622410097642295,True,"muzaffarpur, vaishali"
2025-01-03,rajasthan,322219,322,1.0,1.0,2025.0,125.0,151.0,42.0,822.0,0.0,0.0,0.0,1140.0,0.0,1140.0,125.0,151.0,68548437,35550997,32997440,10649504,38275282,30273155,29886255,18297076,11589179,38662182,1.6630576128234697e-05,32.601476014760145,True,"karauli, sawaimadhopur"
2025-01-03,mizoram,796012,796,1.0,1.0,2025.0,721.0,194.0,59.0,264.0,0.0,0.0,0.0,1238.0,0.0,1238.0,721.0,194.0,1097206,555339,541867,168531,848175,249031,486705,290740,195965,610501,0.0011283204794724053,32.54002389486261,True,aizawl
2025-01-03,rajasthan,305922,305,1.0,1.0,2025.0,62.0,148.0,24.0,599.0,0.0,0.0,0.0,833.0,0.0,833.0,62.0,148.0,68548437,35550997,32997440,10649504,38275282,30273155,29886255,18297076,11589179,38662182,1.215199115335044e-05,32.465941011235955,True,"ajmer, rajsamand"
2025-01-03,jharkhand,816106,816,1.0,1.0,2025.0,788.0,819.0,110.0,4030.0,0.0,0.0,0.0,5747.0,0.0,5747.0,788.0,819.0,32988134,16930315,16057819,5389495,18328069,14660065,13098274,8424769,4673505,19889860,0.00017421415833948048,32.42443781736117,True,pakur
2025-01-03,andhrapradesh,515303,515,1.0,1.0,2025.0,277.0,63.0,0.0,0.0,0.0,0.0,0.0,340.0,0.0,340.0,277.0,63.0,49338786,24757918,24580868,5333301,29491443,19847343,22996695,14108263,8888431,26342091,6.891130235754078e-06,32.41379310344828,True,"ananthapuram, srisathyasai"
2025-01-03,telangana,509382,509,1.0,1.0,2025.0,229.0,394.0,201.0,588.0,0.0,0.0,0.0,1412.0,0.0,1412.0,229.0,394.0,35241990,17684227,17557762,3809500,21065316,14176673,16426210,10077331,6348879,18815779,4.006584191187841e-05,32.395935758767614,True,"mahabubnagar, wanaparthy"
2025-01-03,uttarpradesh,231210,231,1.0,1.0,2025.0,1808.0,657.0,121.0,2343.0,0.0,0.0,0.0,4929.0,0.0,4929.0,1808.0,657.0,199812341,104480510,95331831,30791331,114397555,85414786,65814715,49846762,15967953,133997626,2.466814599804924e-05,32.37180386405662,True,"mirzapur, sonbhadra"
2025-01-03,bihar,854333,854,1.0,1.0,2025.0,1277.0,1944.0,187.0,2510.0,0.0,0.0,0.0,5918.0,0.0,5918.0,1277.0,1944.0,104099452,54278157,49821295,19133964,52504553,51594899,34724987,25222189,9502798,69374465,5.684948274271415e-05,32.3636879202787,True,"araria, kishanganj"
2025-01-03,assam,782485,782,1.0,1.0,2025.0,240.0,92.0,48.0,453.0,0.0,0.0,0.0,833.0,0.0,833.0,240.0,92.0,31205576,15939443,15266133,4638130,19177977,12027599,11969690,8541560,3428130,19235886,2.669394726122024e-05,32.3310502283105,True,"karbianglong, westkarbianglong"
2025-01-03,andhrapradesh,515671,515,1.0,1.0,2025.0,1403.0,376.0,280.0,358.0,0.0,0.0,0.0,2417.0,0.0,2417.0,1403.0,376.0,49338786,24757918,24580868,5333301,29491443,19847343,22996695,14108263,8888431,26342091,4.898782876416943e-05,32.31226206285967,True,"ananthapuram, srisathyasai"
2025-01-07,manipur,795114,795,1.0,1.0,2025.0,1718.0,347.0,0.0,0.0,0.0,0.0,0.0,2065.0,0.0,2065.0,1718.0,347.0,2855794,1438586,1417208,375357,1908476,947318,1304610,739408,565202,1551184,0.0007230913714364552,32.29688581314879,True,"imphaleast, senapati"
2025-06-01,telangana,501141,501,6.0,2.0,2025.0,0.0,0.0,384.0,1529.0,0.0,0.0,0.0,1913.0,0.0,1913.0,0.0,0.0,35241990,17684227,17557762,3809500,21065316,14176673,16426210,10077331,6348879,18815779,5.428183822763698e-05,32.277840269966255,True,"rangareddy, vikarabad, kvrangareddy, jayashankarbhupalpally"
2025-01-03,andhrapradesh,515281,515,1.0,1.0,2025.0,552.0,130.0,0.0,0.0,0.0,0.0,0.0,682.0,0.0,682.0,552.0,130.0,49338786,24757918,24580868,5333301,29491443,19847343,22996695,14108263,8888431,26342091,1.3822796531718475e-05,32.26886969583177,True,"ananthapuram, srisathyasai"
2025-01-03,rajasthan,328022,328,1.0,1.0,2025.0,526.0,397.0,253.0,3900.0,0.0,0.0,0.0,5076.0,0.0,5076.0,526.0,397.0,68548437,35550997,32997440,10649504,38275282,30273155,29886255,18297076,11589179,38662182,7.404982844466607e-05,32.25567703952901,True,"dholpur, bharatpur"
2025-01-03,rajasthan,313703,313,1.0,1.0,2025.0,190.0,249.0,51.0,2270.0,0.0,0.0,0.0,2760.0,0.0,2760.0,190.0,249.0,68548437,35550997,32997440,10649504,38275282,30273155,29886255,18297076,11589179,38662182,4.026350009993663e-05,32.2256152326208,True,udaipur
2025-01-03,assam,781360,781,1.0,1.0,2025.0,135.0,104.0,31.0,497.0,0.0,0.0,0.0,767.0,0.0,767.0,135.0,104.0,31205576,15939443,15266133,4638130,19177977,12027599,11969690,8541560,3428130,19235886,2.45789406354813e-05,32.206422018348626,True,"baksa, tamulpur"
2025-01-03,mizoram,796770,796,1.0,1.0,2025.0,937.0,352.0,0.0,0.0,0.0,0.0,0.0,1289.0,0.0,1289.0,937.0,352.0,1097206,555339,541867,168531,848175,249031,486705,290740,195965,610501,0.0011748021793537404,32.18174496644295,True,"lawngtlai, lunglei"
2025-01-06,chhatisgarh,495224,495,1.0,1.0,2025.0,462.0,856.0,391.0,4016.0,0.0,0.0,0.0,5725.0,0.0,5725.0,462.0,856.0,25545198,12832895,12712303,3661689,15379922,10165276,12180225,7133866,5046359,13364973,0.00022411257098105093,32.17296284733062,True,"bilaspur, mungeli, janjgirchampa, bemetara"
2025-01-07,odisha,754004,754,1.0,1.0,2025.0,769.0,413.0,0.0,0.0,0.0,0.0,0.0,1182.0,0.0,1182.0,769.0,413.0,41974218,21212136,20762082,5273194,26742595,15231623,17541589,11902655,5638934,24432629,2.8160143448056613e-05,32.0879504683283,True,"cuttack, khordha, puri"
2025-01-03,westbengal,700036,700,1.0,1.0,2025.0,40.0,86.0,14.0,376.0,0.0,0.0,0.0,516.0,0.0,516.0,40.0,86.0,91276115,46809027,44467088,10581466,61538281,29737834,34756355,26716047,8040308,56519760,5.653176627861517e-06,32.0566757493188,True,"northtwentyfourparganas, kolkata"
2025-01-03,rajasthan,326037,326,1.0,1.0,2025.0,402.0,375.0,178.0,4527.0,0.0,0.0,0.0,5482.0,0.0,5482.0,402.0,375.0,68548437,35550997,32997440,10649504,38275282,30273155,29886255,18297076,11589179,38662182,7.997264766226544e-05,32.0432859399684,True,jhalawar
2025-01-03,bihar,847102,847,1.0,1.0,2025.0,374.0,505.0,50.0,690.0,0.0,0.0,0.0,1619.0,0.0,1619.0,374.0,505.0,104099452,54278157,49821295,19133964,52504553,51594899,34724987,25222189,9502798,69374465,1.5552435376893242e-05,32.04178119846069,True,"darbhanga, madhubani"
2025-01-03,uttarpradesh,271855,271,1.0,1.0,2025.0,1934.0,752.0,181.0,2878.0,0.0,0.0,0.0,5745.0,0.0,5745.0,1934.0,752.0,199812341,104480510,95331831,30791331,114397555,85414786,65814715,49846762,15967953,133997626,2.8751977837044608e-05,32.03254668049792,True,"bahraich, kheri, shrawasti"
2025-01-03,andhrapradesh,515154,515,1.0,1.0,2025.0,300.0,62.0,0.0,0.0,0.0,0.0,0.0,362.0,0.0,362.0,300.0,62.0,49338786,24757918,24580868,5333301,29491443,19847343,22996695,14108263,8888431,26342091,7.337026898067577e-06,32.01551590380139,True,"ananthapuram, srisathyasai"
2025-01-03,bihar,803213,803,1.0,1.0,2025.0,490.0,611.0,185.0,1556.0,0.0,0.0,0.0,2842.0,0.0,2842.0,490.0,611.0,104099452,54278157,49821295,19133964,52504553,51594899,34724987,25222189,9502798,69374465,2.7300816146467323e-05,32.0125156445557,True,"nalanda, patna"
2025-01-03,jharkhand,825322,825,1.0,1.0,2025.0,404.0,512.0,141.0,3536.0,0.0,0.0,0.0,4593.0,0.0,4593.0,404.0,512.0,32988134,16930315,16057819,5389495,18328069,14660065,13098274,8424769,4673505,19889860,0.00013923188259147971,32.004034106537084,True,"giridih, bokaro"
2025-01-03,punjab,152132,152,1.0,1.0,2025.0,172.0,249.0,21.0,490.0,0.0,0.0,0.0,932.0,0.0,932.0,172.0,249.0,27743338,14639465,13103873,3076219,18707137,9036201,9897362,8074157,1823205,17845976,3.359365048286547e-05,31.99019307385841,True,"fazilka, ferozepur"
2025-01-03,mizoram,796001,796,1.0,1.0,2025.0,2379.0,760.0,0.0,0.0,0.0,0.0,0.0,3139.0,0.0,3139.0,2379.0,760.0,1097206,555339,541867,168531,848175,249031,486705,290740,195965,610501,0.002860903057402165,31.97840260798696,True,aizawl
2025-01-03,telangana,509409,509,1.0,1.0,2025.0,112.0,95.0,64.0,207.0,0.0,0.0,0.0,478.0,0.0,478.0,112.0,95.0,35241990,17684227,17557762,3809500,21065316,14176673,16426210,10077331,6348879,18815779,1.3563365746372438e-05,31.961669505962522,True,"mahabubnagar, narayanpet"
2025-01-03,bihar,841438,841,1.0,1.0,2025.0,725.0,713.0,188.0,1967.0,0.0,0.0,0.0,3593.0,0.0,3593.0,725.0,713.0,104099452,54278157,49821295,19133964,52504553,51594899,34724987,25222189,9502798,69374465,3.451507122246907e-05,31.946240358005063,True,"gopalganj, siwan"
2025-01-03,bihar,854114,854,1.0,1.0,2025.0,476.0,577.0,103.0,1259.0,0.0,0.0,0.0,2415.0,0.0,2415.0,476.0,577.0,104099452,54278157,49821295,19133964,52504553,51594899,34724987,25222189,9502798,69374465,2.3198969385544892e-05,31.945807552805633,True,"katihar, purnia"
2025-01-03,bihar,843328,843,1.0,1.0,2025.0,427.0,685.0,94.0,850.0,0.0,0.0,0.0,2056.0,0.0,2056.0,427.0,685.0,104099452,54278157,49821295,19133964,52504553,51594899,34724987,25222189,9502798,69374465,1.9750344122848986e-05,31.94516165885982,True,"muzaffarpur, sitamarhi"
2025-01-03,tamilnadu,614902,614,1.0,1.0,2025.0,207.0,359.0,17.0,453.0,0.0,0.0,0.0,1036.0,0.0,1036.0,207.0,359.0,72147030,36137975,36009055,7423832,51837507,20309523,32884681,21434978,11449703,39262349,1.4359565459589952e-05,31.922256458876507,True,"pudukkottai, thanjavur"
2025-01-03,westbengal,700063,700,1.0,1.0,2025.0,85.0,155.0,15.0,384.0,0.0,0.0,0.0,639.0,0.0,639.0,85.0,155.0,91276115,46809027,44467088,10581466,61538281,29737834,34756355,26716047,8040308,56519760,7.000736172875018e-06,31.918081918081917,True,"southtwentyfourparganas, kolkata"
2025-03-01,telangana,509321,509,3.0,1.0,2025.0,0.0,0.0,100.0,871.0,0.0,0.0,0.0,971.0,0.0,971.0,0.0,0.0,35241990,17684227,17557762,3809500,21065316,14176673,16426210,10077331,6348879,18815779,2.7552360124953217e-05,31.910798122065728,True,"mahabubnagar, rangareddy, kvrangareddy"
2025-01-04,andhrapradesh,518221,518,1.0,1.0,2025.0,1337.0,112.0,0.0,0.0,0.0,0.0,0.0,1449.0,0.0,1449.0,1337.0,112.0,49338786,24757918,24580868,5333301,29491443,19847343,22996695,14108263,8888431,26342091,2.9368375622375466e-05,31.88178258437442,True,"kurnool, nandyal"
2025-01-03,rajasthan,313334,313,1.0,1.0,2025.0,198.0,171.0,81.0,1361.0,0.0,0.0,0.0,1811.0,0.0,1811.0,198.0,171.0,68548437,35550997,32997440,10649504,38275282,30273155,29886255,18297076,11589179,38662182,2.6419274884414942e-05,31.85389305816135,True,rajsamand
2025-01-03,jharkhand,815314,815,1.0,1.0,2025.0,600.0,835.0,147.0,3940.0,0.0,0.0,0.0,5522.0,0.0,5522.0,600.0,835.0,32988134,16930315,16057819,5389495,18328069,14660065,13098274,8424769,4673505,19889860,0.00016739352398653407,31.850036049026677,True,giridih
2025-01-03,tamilnadu,632102,632,1.0,1.0,2025.0,574.0,94.0,0.0,0.0,0.0,0.0,0.0,668.0,0.0,668.0,574.0,94.0,72147030,36137975,36009055,7423832,51837507,20309523,32884681,21434978,11449703,39262349,9.258870392863019e-06,31.84808080808081,True,"tiruvannamalai, vellore"
2025-01-03,bihar,841227,841,1.0,1.0,2025.0,354.0,527.0,90.0,1048.0,0.0,0.0,0.0,2019.0,0.0,2019.0,354.0,527.0,104099452,54278157,49821295,19133964,52504553,51594899,34724987,25222189,9502798,69374465,1.939491477822573e-05,31.839048811013768,True,"gopalganj, siwan"
2025-01-03,uttarpradesh,202421,202,1.0,1.0,2025.0,1783.0,177.0,188.0,3697.0,0.0,0.0,0.0,5845.0,0.0,5845.0,1783.0,177.0,199812341,104480510,95331831,30791331,114397555,85414786,65814715,49846762,15967953,133997626,2.9252447425156787e-05,31.81967874185093,True,"sambhal, budaun"
2025-01-07,telangana,500064,500,1.0,1.0,2025.0,794.0,669.0,170.0,1766.0,636.0,190.0,14.0,3399.0,840.0,4.041617122473246,4.157068062827225,44.6,35241990,17684227,17557762,3809500,21065316,14176673,16426210,10077331,6348879,18815779,9.644744805840987e-05,31.81177694007539,True,hyderabad
2025-01-07,telangana,505001,505,1.0,1.0,2025.0,864.0,906.0,262.0,1934.0,0.0,0.0,0.0,3966.0,0.0,3966.0,864.0,906.0,35241990,17684227,17557762,3809500,21065316,14176673,16426210,10077331,6348879,18815779,0.00011253621035588513,31.80998008289821,True,karimnagar
2025-01-03,jharkhand,828203,828,1.0,1.0,2025.0,120.0,192.0,35.0,1200.0,0.0,0.0,0.0,1547.0,0.0,1547.0,120.0,192.0,32988134,16930315,16057819,5389495,18328069,14660065,13098274,8424769,4673505,19889860,4.689565041781387e-05,31.80747663551402,True,dhanbad
2025-01-03,rajasthan,314027,314,1.0,1.0,2025.0,68.0,111.0,24.0,1750.0,0.0,0.0,0.0,1953.0,0.0,1953.0,68.0,111.0,68548437,35550997,32997440,10649504,38275282,30273155,29886255,18297076,11589179,38662182,2.8490802788107336e-05,31.742975206611572,True,dungarpur
2025-01-03,telangana,500015,500,1.0,1.0,2025.0,187.0,239.0,84.0,527.0,0.0,0.0,0.0,1037.0,0.0,1037.0,187.0,239.0,35241990,17684227,17557762,3809500,21065316,14176673,16426210,10077331,6348879,18815779,2.9425126106669913e-05,31.717206411514557,True,"hyderabad, medchalmalkajgiri, rangareddy, kvrangareddy"
2025-01-03,jharkhand,815315,815,1.0,1.0,2025.0,177.0,246.0,52.0,1810.0,0.0,0.0,0.0,2285.0,0.0,2285.0,177.0,246.0,32988134,16930315,16057819,5389495,18328069,14660065,13098274,8424769,4673505,19889860,6.926733109547816e-05,31.692094313453538,True,giridih
2025-01-03,uttarpradesh,285205,285,1.0,1.0,2025.0,700.0,368.0,53.0,1433.0,0.0,0.0,0.0,2554.0,0.0,2554.0,700.0,368.0,199812341,104480510,95331831,30791331,114397555,85414786,65814715,49846762,15967953,133997626,1.2781993280385019e-05,31.666701691709573,True,"jalaun, jhansi"
2025-03-01,rajasthan,326035,326,3.0,1.0,2025.0,0.0,0.0,50.0,1285.0,0.0,0.0,0.0,1335.0,0.0,1335.0,0.0,0.0,68548437,35550997,32997440,10649504,38275282,30273155,29886255,18297076,11589179,38662182,1.9475279939643263e-05,31.666666666666668,True,jhalawar
2025-01-03,telangana,500097,500,1.0,1.0,2025.0,207.0,260.0,133.0,671.0,0.0,0.0,0.0,1271.0,0.0,1271.0,207.0,260.0,35241990,17684227,17557762,3809500,21065316,14176673,16426210,10077331,6348879,18815779,3.606493276912002e-05,31.661149974407095,True,"rangareddy, kvrangareddy"
2025-01-03,tripura,799102,799,1.0,1.0,2025.0,1384.0,390.0,91.0,1778.0,0.0,0.0,0.0,3643.0,0.0,3643.0,1384.0,390.0,3673917,1874376,1799541,458014,2804783,869134,1469521,1045326,424195,2204396,0.0009915847309560886,31.59327427002745,True,"sepahijala, westtripura"
2025-01-03,punjab,152024,152,1.0,1.0,2025.0,657.0,1179.0,61.0,1473.0,0.0,0.0,0.0,3370.0,0.0,3370.0,657.0,1179.0,27743338,14639465,13103873,3076219,18707137,9036201,9897362,8074157,1823205,17845976,0.00012147060314083331,31.577538317381702,True,"fazilka, ferozepur"
2025-01-07,madhyapradesh,473331,473,1.0,1.0,2025.0,2033.0,1212.0,289.0,1437.0,0.0,0.0,0.0,4971.0,0.0,4971.0,2033.0,1212.0,72626809,37612306,35014503,10809395,42851169,29775640,31574133,20146970,11427163,41052676,6.844579940170579e-05,31.557000799076622,True,"ashoknagar, guna"
2025-01-07,chhatisgarh,494449,494,1.0,1.0,2025.0,868.0,3873.0,0.0,0.0,0.0,0.0,0.0,4741.0,0.0,4741.0,868.0,3873.0,25545198,12832895,12712303,3661689,15379922,10165276,12180225,7133866,5046359,13364973,0.0001855926111827358,31.51187484801816,True,"dantewada, bastar"
2025-03-01,rajasthan,312601,312,3.0,1.0,2025.0,0.0,0.0,128.0,2440.0,0.0,0.0,0.0,2568.0,0.0,2568.0,0.0,0.0,68548437,35550997,32997440,10649504,38275282,30273155,29886255,18297076,11589179,38662182,3.7462560962549735e-05,31.510854745673832,True,"chittorgarh, pratapgarh"
2025-01-03,karnataka,583216,583,1.0,1.0,2025.0,150.0,201.0,59.0,151.0,0.0,0.0,0.0,561.0,0.0,561.0,150.0,201.0,61095297,30966657,30128640,7161033,40647322,20447975,27872597,18270116,9602481,33222700,9.182376181917898e-06,31.5,True,"ballari, vijayanagara"
2025-01-06,telangana,500052,500,1.0,1.0,2025.0,278.0,256.0,164.0,904.0,0.0,0.0,0.0,1602.0,0.0,1602.0,278.0,256.0,35241990,17684227,17557762,3809500,21065316,14176673,16426210,10077331,6348879,18815779,4.5457137919850727e-05,31.496530454895915,True,"rangareddy, kvrangareddy"
2025-01-03,uttarpradesh,209208,209,1.0,1.0,2025.0,201.0,63.0,17.0,544.0,0.0,0.0,0.0,825.0,0.0,825.0,201.0,63.0,199812341,104480510,95331831,30791331,114397555,85414786,65814715,49846762,15967953,133997626,4.128874101925466e-06,31.474875930521094,True,"kanpurdehat, kanpurnagar"
2025-01-03,bihar,847234,847,1.0,1.0,2025.0,496.0,503.0,63.0,1029.0,0.0,0.0,0.0,2091.0,0.0,2091.0,496.0,503.0,104099452,54278157,49821295,19133964,52504553,51594899,34724987,25222189,9502798,69374465,2.0086561070465577e-05,31.459119496855344,True,"darbhanga, madhubani"
2025-01-03,assam,784168,784,1.0,1.0,2025.0,132.0,41.0,50.0,496.0,0.0,0.0,0.0,719.0,0.0,719.0,132.0,41.0,31205576,15939443,15266133,4638130,19177977,12027599,11969690,8541560,3428130,19235886,2.3040753998580253e-05,31.45773947630096,True,"biswanath, sonitpur, darrang"
2025-01-03,jharkhand,825323,825,1.0,1.0,2025.0,584.0,379.0,100.0,2874.0,0.0,0.0,0.0,3937.0,0.0,3937.0,584.0,379.0,32988134,16930315,16057819,5389495,18328069,14660065,13098274,8424769,4673505,19889860,0.00011934594421133369,31.447082316396717,True,hazaribagh
2025-01-03,rajasthan,327022,327,1.0,1.0,2025.0,95.0,238.0,31.0,2622.0,0.0,0.0,0.0,2986.0,0.0,2986.0,95.0,238.0,68548437,35550997,32997440,10649504,38275282,30273155,29886255,18297076,11589179,38662182,4.356043887623579e-05,31.417200365965233,True,banswara
2025-01-07,chhatisgarh,497001,497,1.0,1.0,2025.0,673.0,2318.0,348.0,3637.0,0.0,0.0,0.0,6976.0,0.0,6976.0,673.0,2318.0,25545198,12832895,12712303,3661689,15379922,10165276,12180225,7133866,5046359,13364973,0.00027308459304171376,31.407550567720115,True,"balrampur, surajpur, surguja"
2025-01-03,uttarpradesh,203131,203,1.0,1.0,2025.0,1828.0,542.0,330.0,3723.0,0.0,0.0,0.0,6423.0,0.0,6423.0,1828.0,542.0,199812341,104480510,95331831,30791331,114397555,85414786,65814715,49846762,15967953,133997626,3.2145161644445175e-05,31.39734636871508,True,"bulandshahr, gautambuddhanagar"
2025-01-03,tamilnadu,607104,607,1.0,1.0,2025.0,256.0,79.0,10.0,179.0,0.0,0.0,0.0,524.0,0.0,524.0,256.0,79.0,72147030,36137975,36009055,7423832,51837507,20309523,32884681,21434978,11449703,39262349,7.2629462363176975e-06,31.393057110862262,True,"cuddalore, viluppuram, kallakurichi"
2025-01-03,bihar,811212,811,1.0,1.0,2025.0,199.0,302.0,93.0,1012.0,0.0,0.0,0.0,1606.0,0.0,1606.0,199.0,302.0,104099452,54278157,49821295,19133964,52504553,51594899,34724987,25222189,9502798,69374465,1.5427554796349937e-05,31.380321004884856,True,"munger, lakhisarai"
2025-01-07,chandigarh,160019,160,1.0,1.0,2025.0,1540.0,179.0,129.0,455.0,0.0,0.0,0.0,2303.0,0.0,2303.0,1540.0,179.0,1055450,580663,474787,119434,805438,250012,404136,328159,75977,651314,0.0021820076744516557,31.35436241610738,True,chandigarh
2025-01-03,tamilnadu,603307,603,1.0,1.0,2025.0,51.0,60.0,10.0,345.0,0.0,0.0,0.0,466.0,0.0,466.0,51.0,60.0,72147030,36137975,36009055,7423832,51837507,20309523,32884681,21434978,11449703,39262349,6.459032339931387e-06,31.354079058031957,True,"kancheepuram, chengalpattu"
2025-01-03,odisha,767020,767,1.0,1.0,2025.0,142.0,328.0,38.0,419.0,0.0,0.0,0.0,927.0,0.0,927.0,142.0,328.0,41974218,21212136,20762082,5273194,26742595,15231623,17541589,11902655,5638934,24432629,2.2084985597587547e-05,31.310904255319148,True,"balangir, sonepur"
2025-01-07,telangana,500019,500,1.0,1.0,2025.0,264.0,218.0,155.0,835.0,0.0,0.0,0.0,1472.0,0.0,1472.0,264.0,218.0,35241990,17684227,17557762,3809500,21065316,14176673,16426210,10077331,6348879,18815779,4.1768356440711775e-05,31.28267831149927,True,"rangareddy, kvrangareddy"
2025-01-07,madhyapradesh,450661,450,1.0,1.0,2025.0,793.0,1095.0,0.0,0.0,189.0,254.0,15.0,1888.0,458.0,4.113289760348584,3.1098039215686275,68.4375,72626809,37612306,35014503,10809395,42851169,29775640,31574133,20146970,11427163,41052676,2.5995910132854658e-05,31.252831503746297,True,"burhanpur, khandwa, khargone, barwani"
2025-01-07,manipur,795003,795,1.0,1.0,2025.0,949.0,1040.0,0.0,0.0,0.0,0.0,0.0,1989.0,0.0,1989.0,949.0,1040.0,2855794,1438586,1417208,375357,1908476,947318,1304610,739408,565202,1551184,0.0006964788076450892,31.228874138371204,True,"imphaleast, imphalwest"
2025-01-03,telangana,506356,506,1.0,1.0,2025.0,11.0,49.0,25.0,643.0,0.0,0.0,0.0,728.0,0.0,728.0,11.0,49.0,35241990,17684227,17557762,3809500,21065316,14176673,16426210,10077331,6348879,18815779,2.0657176283178107e-05,31.222679912769564,True,"jayashankarbhupalpally, warangal"
2025-01-03,bihar,813212,813,1.0,1.0,2025.0,106.0,179.0,36.0,605.0,0.0,0.0,0.0,926.0,0.0,926.0,106.0,179.0,104099452,54278157,49821295,19133964,52504553,51594899,34724987,25222189,9502798,69374465,8.895339814084708e-06,31.21853019645889,True,"banka, munger"
2025-01-07,punjab,152116,152,1.0,1.0,2025.0,1204.0,1394.0,177.0,2043.0,0.0,0.0,0.0,4818.0,0.0,4818.0,1204.0,1394.0,27743338,14639465,13103873,3076219,18707137,9036201,9897362,8074157,1823205,17845976,0.0001736633133330964,31.2129963898917,True,"fazilka, ferozepur"
2025-01-05,delhi,110053,110,1.0,1.0,2025.0,3175.0,5835.0,0.0,0.0,0.0,0.0,0.0,9010.0,0.0,9010.0,3175.0,5835.0,16787941,8987326,7800615,2012454,12737767,4050174,5587049,4762026,825023,11200892,0.0005366947620318657,31.200346285752342,True,"eastdelhi, northeastdelhi, shahdara"
2025-01-03,jharkhand,825413,825,1.0,1.0,2025.0,114.0,56.0,16.0,409.0,0.0,0.0,0.0,595.0,0.0,595.0,114.0,56.0,32988134,16930315,16057819,5389495,18328069,14660065,13098274,8424769,4673505,19889860,1.8036788622236106e-05,31.187551187551186,True,"hazaribagh, koderma"
2025-01-03,maharashtra,401203,401,1.0,1.0,2025.0,198.0,264.0,74.0,1046.0,0.0,0.0,0.0,1582.0,0.0,1582.0,198.0,264.0,112374333,58243056,54131277,13326517,81554290,30820043,49427878,32616875,16811003,62946455,1.407794785309204e-05,31.179440937781784,True,"palghar, thane, mumbaicity"
2025-01-03,mizoram,796911,796,1.0,1.0,2025.0,829.0,100.0,36.0,228.0,0.0,0.0,0.0,1193.0,0.0,1193.0,829.0,100.0,1097206,555339,541867,168531,848175,249031,486705,290740,195965,610501,0.0010873072148712274,31.169827222924567,True,saiha
2025-01-03,uttarpradesh,209202,209,1.0,1.0,2025.0,654.0,253.0,107.0,1988.0,0.0,0.0,0.0,3002.0,0.0,3002.0,654.0,253.0,199812341,104480510,95331831,30791331,114397555,85414786,65814715,49846762,15967953,133997626,1.5024097035127575e-05,31.167318687932593,True,"kanpurdehat, kanpurnagar"
2025-01-03,westbengal,700024,700,1.0,1.0,2025.0,124.0,296.0,49.0,1255.0,0.0,0.0,0.0,1724.0,0.0,1724.0,124.0,296.0,91276115,46809027,44467088,10581466,61538281,29737834,34756355,26716047,8040308,56519760,1.8887745167506307e-05,31.1549203219977,True,"kolkata, southtwentyfourparganas"
2025-01-03,mizoram,796017,796,1.0,1.0,2025.0,1231.0,430.0,110.0,478.0,0.0,0.0,0.0,2249.0,0.0,2249.0,1231.0,430.0,1097206,555339,541867,168531,848175,249031,486705,290740,195965,610501,0.002049751824178869,31.123057270598252,True,"aizawl, saitual, mamit"
2025-07-01,telangana,500049,500,7.0,3.0,2025.0,0.0,0.0,286.0,1424.0,0.0,0.0,0.0,1710.0,0.0,1710.0,0.0,0.0,35241990,17684227,17557762,3809500,21065316,14176673,16426210,10077331,6348879,18815779,4.852166407175077e-05,31.07642124883504,True,"hyderabad, medchalmalkajgiri, rangareddy, kvrangareddy"
2025-03-01,rajasthan,325219,325,3.0,1.0,2025.0,0.0,0.0,81.0,1731.0,0.0,0.0,0.0,1812.0,0.0,1812.0,0.0,0.0,68548437,35550997,32997440,10649504,38275282,30273155,29886255,18297076,11589179,38662182,2.6433863109088834e-05,31.024525682554373,True,baran
2025-01-03,bihar,843319,843,1.0,1.0,2025.0,327.0,380.0,50.0,586.0,0.0,0.0,0.0,1343.0,0.0,1343.0,327.0,380.0,104099452,54278157,49821295,19133964,52504553,51594899,34724987,25222189,9502798,69374465,1.2901124589973826e-05,31.016730314602654,True,"madhubani, sitamarhi"
2025-01-03,mizoram,796007,796,1.0,1.0,2025.0,776.0,273.0,0.0,0.0,0.0,0.0,0.0,1049.0,0.0,1049.0,776.0,273.0,1097206,555339,541867,168531,848175,249031,486705,290740,195965,610501,0.0009560647681474581,31.012031625988314,True,"aizawl, kolasib"
2025-01-03,mizoram,796101,796,1.0,1.0,2025.0,913.0,136.0,0.0,0.0,0.0,0.0,0.0,1049.0,0.0,1049.0,913.0,136.0,1097206,555339,541867,168531,848175,249031,486705,290740,195965,610501,0.0009560647681474581,30.974409448818896,True,"kolasib, lunglei"
2025-01-07,manipur,795126,795,1.0,1.0,2025.0,1858.0,415.0,0.0,0.0,0.0,0.0,0.0,2273.0,0.0,2273.0,1858.0,415.0,2855794,1438586,1417208,375357,1908476,947318,1304610,739408,565202,1551184,0.000795925756549667,30.97433568021803,True,"bishnupur, tamenglong, senapati, churachandpur"
2025-01-03,delhi,110016,110,1.0,1.0,2025.0,153.0,88.0,30.0,304.0,0.0,0.0,0.0,575.0,0.0,575.0,153.0,88.0,16787941,8987326,7800615,2012454,12737767,4050174,5587049,4762026,825023,11200892,3.425077560136767e-05,30.97306689834926,True,"southdelhi, southwestdelhi"
2025-01-05,uttarakhand,244713,244,1.0,1.0,2025.0,1252.0,1835.0,549.0,3553.0,0.0,0.0,0.0,7189.0,0.0,7189.0,1252.0,1835.0,10086292,5137773,4948519,1355814,6880953,3205339,3872275,2551921,1320354,6214017,0.0007127495416551494,30.965155898424943,True,"nainital, udhamsinghnagar"
2025-01-04,andhrapradesh,533464,533,1.0,1.0,2025.0,487.0,153.0,0.0,0.0,0.0,0.0,0.0,640.0,0.0,640.0,487.0,153.0,49338786,24757918,24580868,5333301,29491443,19847343,22996695,14108263,8888431,26342091,1.2971539267301793e-05,30.954986760812,True,"eastgodavari, drbrambedkarkonaseema, kakinada"
2025-01-07,westbengal,733215,733,1.0,1.0,2025.0,382.0,583.0,227.0,2508.0,0.0,0.0,0.0,3700.0,0.0,3700.0,382.0,583.0,91276115,46809027,44467088,10581466,61538281,29737834,34756355,26716047,8040308,56519760,4.0536344036991495e-05,30.945971928475295,True,uttardinajpur
2025-01-03,uttarpradesh,276129,276,1.0,1.0,2025.0,400.0,180.0,112.0,1118.0,0.0,0.0,0.0,1810.0,0.0,1810.0,400.0,180.0,199812341,104480510,95331831,30791331,114397555,85414786,65814715,49846762,15967953,133997626,9.058499544830416e-06,30.922808330215737,True,"azamgarh, mau"
2025-01-03,tamilnadu,627806,627,1.0,1.0,2025.0,193.0,694.0,0.0,0.0,0.0,0.0,0.0,887.0,0.0,887.0,193.0,694.0,72147030,36137975,36009055,7423832,51837507,20309523,32884681,21434978,11449703,39262349,1.2294338380942362e-05,30.879660087719298,True,"tenkasi, tirunelveli"
2025-01-03,telangana,500077,500,1.0,1.0,2025.0,126.0,120.0,89.0,388.0,0.0,0.0,0.0,723.0,0.0,723.0,126.0,120.0,35241990,17684227,17557762,3809500,21065316,14176673,16426210,10077331,6348879,18815779,2.0515300072441995e-05,30.86966292134831,True,"rangareddy, kvrangareddy"
2025-01-03,jharkhand,828134,828,1.0,1.0,2025.0,410.0,814.0,73.0,5398.0,0.0,0.0,0.0,6695.0,0.0,6695.0,410.0,814.0,32988134,16930315,16057819,5389495,18328069,14660065,13098274,8424769,4673505,19889860,0.0002029517644132281,30.865989657965233,True,"bokaro, dhanbad"
2025-07-01,chhatisgarh,497224,497,7.0,3.0,2025.0,0.0,0.0,108.0,2319.0,0.0,0.0,0.0,2427.0,0.0,2427.0,0.0,0.0,25545198,12832895,12712303,3661689,15379922,10165276,12180225,7133866,5046359,13364973,9.500807157572237e-05,30.85714285714286,True,"balrampur, surguja"
2025-01-04,delhi,110025,110,1.0,1.0,2025.0,1477.0,1644.0,442.0,3181.0,0.0,0.0,0.0,6744.0,0.0,6744.0,1477.0,1644.0,16787941,8987326,7800615,2012454,12737767,4050174,5587049,4762026,825023,11200892,0.00040171692287934536,30.84146341463415,True,"southdelhi, southeastdelhi"
2025-01-03,rajasthan,326034,326,1.0,1.0,2025.0,156.0,214.0,88.0,1673.0,0.0,0.0,0.0,2131.0,0.0,2131.0,156.0,214.0,68548437,35550997,32997440,10649504,38275282,30273155,29886255,18297076,11589179,38662182,3.108750678005977e-05,30.837365010799136,True,jhalawar
2025-01-03,rajasthan,303507,303,1.0,1.0,2025.0,122.0,181.0,26.0,431.0,0.0,0.0,0.0,760.0,0.0,760.0,122.0,181.0,68548437,35550997,32997440,10649504,38275282,30273155,29886255,18297076,11589179,38662182,1.1087050752156464e-05,30.833597464342315,True,"dausa, jaipur"
2025-01-05,madhyapradesh,480106,480,1.0,1.0,2025.0,523.0,643.0,86.0,458.0,0.0,0.0,0.0,1710.0,0.0,1710.0,523.0,643.0,72626809,37612306,35014503,10809395,42851169,29775640,31574133,20146970,11427163,41052676,2.354502453770205e-05,30.81314354936402,True,"chhindwara, pandhurna"
2025-01-03,rajasthan,313704,313,1.0,1.0,2025.0,86.0,156.0,30.0,1401.0,0.0,0.0,0.0,1673.0,0.0,1673.0,86.0,156.0,68548437,35550997,32997440,10649504,38275282,30273155,29886255,18297076,11589179,38662182,2.440609987941811e-05,30.791411042944784,True,"udaipur, rajsamand"
2025-01-03,westbengal,733124,733,1.0,1.0,2025.0,230.0,327.0,113.0,1912.0,0.0,0.0,0.0,2582.0,0.0,2582.0,230.0,327.0,91276115,46809027,44467088,10581466,61538281,29737834,34756355,26716047,8040308,56519760,2.8287794676624878e-05,30.772516397376418,True,"dakshindinajpur, malda"
2025-01-03,telangana,500048,500,1.0,1.0,2025.0,261.0,341.0,182.0,914.0,0.0,0.0,0.0,1698.0,0.0,1698.0,261.0,341.0,35241990,17684227,17557762,3809500,21065316,14176673,16426210,10077331,6348879,18815779,4.81811611659841e-05,30.770386740331492,True,"rangareddy, kvrangareddy"
2025-01-06,chhatisgarh,494333,494,1.0,1.0,2025.0,206.0,1122.0,0.0,0.0,0.0,0.0,0.0,1328.0,0.0,1328.0,206.0,1122.0,25545198,12832895,12712303,3661689,15379922,10165276,12180225,7133866,5046359,13364973,5.19862872074822e-05,30.761433379528807,True,"kanker, dhamtari, narayanpur"
2025-01-03,karnataka,586125,586,1.0,1.0,2025.0,187.0,52.0,267.0,108.0,0.0,0.0,0.0,614.0,0.0,614.0,187.0,52.0,61095297,30966657,30128640,7161033,40647322,20447975,27872597,18270116,9602481,33222700,1.00498733969654e-05,30.759921925829534,True,"bagalkot, bijapur, vijayapura"
2025-01-07,manipur,795005,795,1.0,1.0,2025.0,3271.0,2028.0,0.0,0.0,0.0,0.0,0.0,5299.0,0.0,5299.0,3271.0,2028.0,2855794,1438586,1417208,375357,1908476,947318,1304610,739408,565202,1551184,0.0018555259938216832,30.68001304737829,True,imphaleast
2025-01-03,rajasthan,313203,313,1.0,1.0,2025.0,175.0,160.0,73.0,1401.0,0.0,0.0,0.0,1809.0,0.0,1809.0,175.0,160.0,68548437,35550997,32997440,10649504,38275282,30273155,29886255,18297076,11589179,38662182,2.639009843506716e-05,30.645277207392198,True,udaipur
2025-01-03,jharkhand,814113,814,1.0,1.0,2025.0,202.0,218.0,42.0,750.0,0.0,0.0,0.0,1212.0,0.0,1212.0,202.0,218.0,32988134,16930315,16057819,5389495,18328069,14660065,13098274,8424769,4673505,19889860,3.674048371453808e-05,30.610541727672032,True,deoghar
2025-01-04,andhrapradesh,531116,531,1.0,1.0,2025.0,1610.0,378.0,0.0,0.0,0.0,0.0,0.0,1988.0,0.0,1988.0,1610.0,378.0,49338786,24757918,24580868,5333301,29491443,19847343,22996695,14108263,8888431,26342091,4.0292843849056196e-05,30.60423348300192,True,"anakapalli, visakhapatnam, allurisitharamaraju"
2025-01-06,chhatisgarh,491222,491,1.0,1.0,2025.0,237.0,719.0,97.0,920.0,0.0,0.0,0.0,1973.0,0.0,1973.0,237.0,719.0,25545198,12832895,12712303,3661689,15379922,10165276,12180225,7133866,5046359,13364973,7.723565109967048e-05,30.591075255262826,True,"balod, durg"
2025-01-03,rajasthan,305901,305,1.0,1.0,2025.0,770.0,804.0,223.0,2981.0,0.0,0.0,0.0,4778.0,0.0,4778.0,770.0,804.0,68548437,35550997,32997440,10649504,38275282,30273155,29886255,18297076,11589179,38662182,6.970253749184682e-05,30.58531706341268,True,"ajmer, rajsamand"
2025-01-03,tripura,799104,799,1.0,1.0,2025.0,315.0,506.0,30.0,556.0,0.0,0.0,0.0,1407.0,0.0,1407.0,315.0,506.0,3673917,1874376,1799541,458014,2804783,869134,1469521,1045326,424195,2204396,0.00038297000177195075,30.572077185017026,True,"gomati, southtripura"
2025-03-01,rajasthan,314804,314,3.0,1.0,2025.0,0.0,0.0,33.0,2014.0,0.0,0.0,0.0,2047.0,0.0,2047.0,0.0,0.0,68548437,35550997,32997440,10649504,38275282,30273155,29886255,18297076,11589179,38662182,2.9862095907453003e-05,30.56585691999108,True,dungarpur
2025-01-07,telangana,501501,501,1.0,1.0,2025.0,306.0,1065.0,0.0,0.0,0.0,0.0,0.0,1371.0,0.0,1371.0,306.0,1065.0,35241990,17684227,17557762,3809500,21065316,14176673,16426210,10077331,6348879,18815779,3.890245698384229e-05,30.56277602523659,True,"rangareddy, vikarabad, kvrangareddy"
2025-01-07,tamilnadu,600095,600,1.0,1.0,2025.0,292.0,667.0,133.0,978.0,0.0,0.0,0.0,2070.0,0.0,2070.0,292.0,667.0,72147030,36137975,36009055,7423832,51837507,20309523,32884681,21434978,11449703,39262349,2.8691409750338996e-05,30.55541656242182,True,"tiruvallur, chennai"
2025-01-03,uttarpradesh,283152,283,1.0,1.0,2025.0,10.0,17.0,34.0,407.0,0.0,0.0,0.0,468.0,0.0,468.0,10.0,17.0,199812341,104480510,95331831,30791331,114397555,85414786,65814715,49846762,15967953,133997626,2.342197672364992e-06,30.553367875647666,True,firozabad
2025-01-03,jharkhand,825108,825,1.0,1.0,2025.0,526.0,544.0,99.0,2447.0,0.0,0.0,0.0,3616.0,0.0,3616.0,526.0,544.0,32988134,16930315,16057819,5389495,18328069,14660065,13098274,8424769,4673505,19889860,0.00010961517253446346,30.553094313770266,True,giridih
2025-03-01,rajasthan,325220,325,3.0,1.0,2025.0,0.0,0.0,180.0,5201.0,0.0,0.0,0.0,5381.0,0.0,5381.0,0.0,0.0,68548437,35550997,32997440,10649504,38275282,30273155,29886255,18297076,11589179,38662182,7.849923697020254e-05,30.541033900905045,True,baran
2025-01-03,rajasthan,312023,312,1.0,1.0,2025.0,350.0,431.0,274.0,2259.0,0.0,0.0,0.0,3314.0,0.0,3314.0,350.0,431.0,68548437,35550997,32997440,10649504,38275282,30273155,29886255,18297076,11589179,38662182,4.834537656927174e-05,30.5033413188753,True,chittorgarh
2025-01-03,tamilnadu,614614,614,1.0,1.0,2025.0,124.0,252.0,14.0,558.0,0.0,0.0,0.0,948.0,0.0,948.0,124.0,252.0,72147030,36137975,36009055,7423832,51837507,20309523,32884681,21434978,11449703,39262349,1.3139834030590033e-05,30.477157360406093,True,"pudukkottai, thanjavur"
2025-01-03,uttarpradesh,271201,271,1.0,1.0,2025.0,1337.0,611.0,117.0,2605.0,0.0,0.0,0.0,4670.0,0.0,4670.0,1337.0,611.0,199812341,104480510,95331831,30791331,114397555,85414786,65814715,49846762,15967953,133997626,2.3371929764838698e-05,30.45219087086355,True,"balrampur, shrawasti"
2025-01-03,andhrapradesh,522660,522,1.0,1.0,2025.0,240.0,134.0,10.0,420.0,0.0,0.0,0.0,804.0,0.0,804.0,240.0,134.0,49338786,24757918,24580868,5333301,29491443,19847343,22996695,14108263,8888431,26342091,1.6295496204547878e-05,30.44356292823657,True,"guntur, palnadu"
2025-01-03,tamilnadu,625009,625,1.0,1.0,2025.0,951.0,1161.0,132.0,1098.0,0.0,0.0,0.0,3342.0,0.0,3342.0,951.0,1161.0,72147030,36137975,36009055,7423832,51837507,20309523,32884681,21434978,11449703,39262349,4.6322073133156e-05,30.424563436232724,True,"madurai, sivaganga"
2025-01-03,jharkhand,835234,835,1.0,1.0,2025.0,154.0,342.0,27.0,641.0,0.0,0.0,0.0,1164.0,0.0,1164.0,154.0,342.0,32988134,16930315,16057819,5389495,18328069,14660065,13098274,8424769,4673505,19889860,3.5285415052576176e-05,30.41254125412541,True,"gumla, khunti, ranchi"
2025-01-03,bihar,811102,811,1.0,1.0,2025.0,60.0,270.0,32.0,290.0,0.0,0.0,0.0,652.0,0.0,652.0,60.0,270.0,104099452,54278157,49821295,19133964,52504553,51594899,34724987,25222189,9502798,69374465,6.263241424171954e-06,30.389830508474578,True,"nalanda, sheikhpura"
2025-01-07,telangana,500018,500,1.0,1.0,2025.0,346.0,294.0,188.0,1223.0,0.0,0.0,0.0,2051.0,0.0,2051.0,346.0,294.0,35241990,17684227,17557762,3809500,21065316,14176673,16426210,10077331,6348879,18815779,5.8197621643953706e-05,30.384561720288904,True,"hyderabad, medchalmalkajgiri, rangareddy, kvrangareddy"
2025-01-03,rajasthan,343041,343,1.0,1.0,2025.0,961.0,1188.0,338.0,4712.0,0.0,0.0,0.0,7199.0,0.0,7199.0,961.0,1188.0,68548437,35550997,32997440,10649504,38275282,30273155,29886255,18297076,11589179,38662182,0.00010502062942733472,30.380275085964364,True,jalor
2025-01-07,madhyapradesh,451001,451,1.0,1.0,2025.0,1908.0,2852.0,238.0,1147.0,402.0,147.0,32.0,6145.0,581.0,10.558419243986254,12.891891891891891,86.42424242424242,72626809,37612306,35014503,10809395,42851169,29775640,31574133,20146970,11427163,41052676,8.461062911355502e-05,30.348985001997313,True,"khandwa, khargone"
2025-01-03,uttarpradesh,207246,207,1.0,1.0,2025.0,248.0,293.0,50.0,924.0,0.0,0.0,0.0,1515.0,0.0,1515.0,248.0,293.0,199812341,104480510,95331831,30791331,114397555,85414786,65814715,49846762,15967953,133997626,7.582114259899492e-06,30.334248344905536,True,"etah, kasganj"
2025-01-03,uttarpradesh,262903,262,1.0,1.0,2025.0,1163.0,327.0,111.0,2225.0,0.0,0.0,0.0,3826.0,0.0,3826.0,1163.0,327.0,199812341,104480510,95331831,30791331,114397555,85414786,65814715,49846762,15967953,133997626,1.914796644117192e-05,30.322801756452822,True,kheri
2025-01-03,rajasthan,343032,343,1.0,1.0,2025.0,172.0,252.0,35.0,1785.0,0.0,0.0,0.0,2244.0,0.0,2244.0,172.0,252.0,68548437,35550997,32997440,10649504,38275282,30273155,29886255,18297076,11589179,38662182,3.2735976168209346e-05,30.318933333333337,True,jalor
2025-01-03,tamilnadu,627859,627,1.0,1.0,2025.0,357.0,183.0,62.0,246.0,0.0,0.0,0.0,848.0,0.0,848.0,357.0,183.0,72147030,36137975,36009055,7423832,51837507,20309523,32884681,21434978,11449703,39262349,1.1753775588544671e-05,30.31255539143279,True,"tenkasi, tirunelveli"
2025-01-03,uttarpradesh,202170,202,1.0,1.0,2025.0,179.0,93.0,35.0,495.0,0.0,0.0,0.0,802.0,0.0,802.0,179.0,93.0,199812341,104480510,95331831,30791331,114397555,85414786,65814715,49846762,15967953,133997626,4.013766096659665e-06,30.284318080852955,True,"aligarh, hathras"
2025-01-03,andhrapradesh,515241,515,1.0,1.0,2025.0,230.0,62.0,27.0,206.0,0.0,0.0,0.0,525.0,0.0,525.0,230.0,62.0,49338786,24757918,24580868,5333301,29491443,19847343,22996695,14108263,8888431,26342091,1.0640715805208502e-05,30.28301886792453,True,"ananthapuram, srisathyasai"
2025-01-03,tamilnadu,635109,635,1.0,1.0,2025.0,1270.0,627.0,247.0,1754.0,0.0,0.0,0.0,3898.0,0.0,3898.0,1270.0,627.0,72147030,36137975,36009055,7423832,51837507,20309523,32884681,21434978,11449703,39262349,5.402855807092821e-05,30.274079988386443,True,"dharmapuri, krishnagiri"
2025-01-03,andhrapradesh,515301,515,1.0,1.0,2025.0,651.0,170.0,25.0,116.0,0.0,0.0,0.0,962.0,0.0,962.0,651.0,170.0,49338786,24757918,24580868,5333301,29491443,19847343,22996695,14108263,8888431,26342091,1.949784496116301e-05,30.272727272727273,True,"ananthapuram, srisathyasai"
2025-01-03,uttarpradesh,212655,212,1.0,1.0,2025.0,669.0,525.0,194.0,4272.0,0.0,0.0,0.0,5660.0,0.0,5660.0,669.0,525.0,199812341,104480510,95331831,30791331,114397555,85414786,65814715,49846762,15967953,133997626,2.832657868714926e-05,30.241598265448353,True,fatehpur
2025-03-01,telangana,509104,509,3.0,1.0,2025.0,0.0,0.0,137.0,852.0,0.0,0.0,0.0,989.0,0.0,989.0,0.0,0.0,35241990,17684227,17557762,3809500,21065316,14176673,16426210,10077331,6348879,18815779,2.8063114483603223e-05,30.173465829846585,True,"mahabubnagar, wanaparthy"
2025-01-03,gujarat,389172,389,1.0,1.0,2025.0,337.0,412.0,94.0,478.0,0.0,0.0,0.0,1321.0,0.0,1321.0,337.0,412.0,60439692,31491260,28948432,7777262,41093358,19346334,24767747,18000914,6766833,35671945,2.1856497878910434e-05,30.15909634233803,True,"dahod, mahisagar, panchmahal"
2025-01-03,uttarpradesh,284306,284,1.0,1.0,2025.0,207.0,62.0,21.0,397.0,0.0,0.0,0.0,687.0,0.0,687.0,207.0,62.0,199812341,104480510,95331831,30791331,114397555,85414786,65814715,49846762,15967953,133997626,3.4382260703306608e-06,30.151251360174104,True,"jalaun, jhansi"
2025-07-01,assam,782446,782,7.0,3.0,2025.0,0.0,0.0,203.0,1511.0,0.0,0.0,0.0,1714.0,0.0,1714.0,0.0,0.0,31205576,15939443,15266133,4638130,19177977,12027599,11969690,8541560,3428130,19235886,5.4926081159341524e-05,30.142712629367367,True,"hojai, karbianglong, nagaon, westkarbianglong"
2025-01-03,bihar,853203,853,1.0,1.0,2025.0,281.0,396.0,85.0,714.0,0.0,0.0,0.0,1476.0,0.0,1476.0,281.0,396.0,104099452,54278157,49821295,19133964,52504553,51594899,34724987,25222189,9502798,69374465,1.4178748990916879e-05,30.10982255134833,True,"bhagalpur, khagaria"
2025-01-03,bihar,844112,844,1.0,1.0,2025.0,190.0,339.0,74.0,713.0,0.0,0.0,0.0,1316.0,0.0,1316.0,190.0,339.0,104099452,54278157,49821295,19133964,52504553,51594899,34724987,25222189,9502798,69374465,1.2641757230383884e-05,30.099110546378654,True,"muzaffarpur, vaishali"
2025-01-03,westbengal,700028,700,1.0,1.0,2025.0,65.0,262.0,18.0,577.0,0.0,0.0,0.0,922.0,0.0,922.0,65.0,262.0,91276115,46809027,44467088,10581466,61538281,29737834,34756355,26716047,8040308,56519760,1.0101218703271935e-05,30.0920278223649,True,"northtwentyfourparganas, kolkata, bankura"
2025-01-03,assam,785611,785,1.0,1.0,2025.0,45.0,80.0,61.0,589.0,0.0,0.0,0.0,775.0,0.0,775.0,45.0,80.0,31205576,15939443,15266133,4638130,19177977,12027599,11969690,8541560,3428130,19235886,2.4835305074964807e-05,30.077086656034027,True,golaghat
2025-01-03,telangana,506344,506,1.0,1.0,2025.0,0.0,0.0,43.0,404.0,0.0,0.0,0.0,447.0,0.0,447.0,0.0,0.0,35241990,17684227,17557762,3809500,21065316,14176673,16426210,10077331,6348879,18815779,1.2683733239808535e-05,30.053617021276597,True,"mulugu, warangal, jayashankarbhupalpally"
2025-01-05,andhrapradesh,534318,534,1.0,1.0,2025.0,243.0,528.0,0.0,0.0,0.0,0.0,0.0,771.0,0.0,771.0,243.0,528.0,49338786,24757918,24580868,5333301,29491443,19847343,22996695,14108263,8888431,26342091,1.562665121107763e-05,30.0489673550966,True,"eastgodavari, westgodavari, eluru"
2025-01-07,chandigarh,160030,160,1.0,1.0,2025.0,898.0,150.0,0.0,0.0,0.0,0.0,0.0,1048.0,0.0,1048.0,898.0,150.0,1055450,580663,474787,119434,805438,250012,404136,328159,75977,651314,0.0009929413994030983,30.018534119629315,True,chandigarh
2025-01-03,tamilnadu,603103,603,1.0,1.0,2025.0,207.0,221.0,65.0,718.0,0.0,0.0,0.0,1211.0,0.0,1211.0,207.0,221.0,72147030,36137975,36009055,7423832,51837507,20309523,32884681,21434978,11449703,39262349,1.6785167733169333e-05,29.97780623132736,True,"kancheepuram, chengalpattu"
2025-01-03,tamilnadu,627855,627,1.0,1.0,2025.0,413.0,326.0,34.0,416.0,0.0,0.0,0.0,1189.0,0.0,1189.0,413.0,326.0,72147030,36137975,36009055,7423832,51837507,20309523,32884681,21434978,11449703,39262349,1.6480234875919354e-05,29.956679354721768,True,"tenkasi, tirunelveli"
2025-01-03,mizoram,796290,796,1.0,1.0,2025.0,880.0,217.0,0.0,0.0,0.0,0.0,0.0,1097.0,0.0,1097.0,880.0,217.0,1097206,555339,541867,168531,848175,249031,486705,290740,195965,610501,0.0009998122503887146,29.906612529002324,True,"champhai, saitual"
2025-01-03,rajasthan,321023,321,1.0,1.0,2025.0,352.0,235.0,79.0,1555.0,0.0,0.0,0.0,2221.0,0.0,2221.0,352.0,235.0,68548437,35550997,32997440,10649504,38275282,30273155,29886255,18297076,11589179,38662182,3.240044700070988e-05,29.90055008685582,True,"bharatpur, deeg"
2025-01-06,chhatisgarh,491229,491,1.0,1.0,2025.0,660.0,3026.0,0.0,0.0,0.0,0.0,0.0,3686.0,0.0,3686.0,660.0,3026.0,25545198,12832895,12712303,3661689,15379922,10165276,12180225,7133866,5046359,13364973,0.00014429326404124954,29.882815378946077,True,"mohlamanpurambagarhchowki, rajnandgaon"
2025-01-03,westbengal,713148,713,1.0,1.0,2025.0,181.0,250.0,49.0,693.0,0.0,0.0,0.0,1173.0,0.0,1173.0,181.0,250.0,91276115,46809027,44467088,10581466,61538281,29737834,34756355,26716047,8040308,56519760,1.2851116636592169e-05,29.881889763779526,True,"paschimbardhaman, purbabardhaman"
2025-01-03,rajasthan,325223,325,1.0,1.0,2025.0,128.0,133.0,61.0,1156.0,0.0,0.0,0.0,1478.0,0.0,1478.0,128.0,133.0,68548437,35550997,32997440,10649504,38275282,30273155,29886255,18297076,11589179,38662182,2.1561396068009545e-05,29.873426110006626,True,baran
2025-01-03,telangana,501359,501,1.0,1.0,2025.0,143.0,146.0,142.0,713.0,0.0,0.0,0.0,1144.0,0.0,1144.0,143.0,146.0,35241990,17684227,17557762,3809500,21065316,14176673,16426210,10077331,6348879,18815779,3.246127701642274e-05,29.869982238010653,True,"rangareddy, kvrangareddy"
2025-01-07,telangana,509335,509,1.0,1.0,2025.0,147.0,498.0,0.0,0.0,0.0,0.0,0.0,645.0,0.0,645.0,147.0,498.0,35241990,17684227,17557762,3809500,21065316,14176673,16426210,10077331,6348879,18815779,1.8302031184958626e-05,29.84328358208955,True,"rangareddy, vikarabad, mahabubnagar, kvrangareddy"
2025-01-03,andhrapradesh,517194,517,1.0,1.0,2025.0,213.0,79.0,30.0,338.0,0.0,0.0,0.0,660.0,0.0,660.0,213.0,79.0,49338786,24757918,24580868,5333301,29491443,19847343,22996695,14108263,8888431,26342091,1.3376899869404974e-05,29.821640903686088,True,"chittoor, tirupati"
2025-01-03,rajasthan,328024,328,1.0,1.0,2025.0,321.0,425.0,130.0,2780.0,0.0,0.0,0.0,3656.0,0.0,3656.0,321.0,425.0,68548437,35550997,32997440,10649504,38275282,30273155,29886255,18297076,11589179,38662182,5.333454940774215e-05,29.80855569673867,True,dholpur
2025-01-04,telangana,500049,500,1.0,1.0,2025.0,226.0,219.0,165.0,1027.0,0.0,0.0,0.0,1637.0,0.0,1637.0,226.0,219.0,35241990,17684227,17557762,3809500,21065316,14176673,16426210,10077331,6348879,18815779,4.6450271395003514e-05,29.749767008387696,True,"hyderabad, medchalmalkajgiri, rangareddy, kvrangareddy"
2025-01-03,westbengal,700104,700,1.0,1.0,2025.0,194.0,221.0,28.0,672.0,0.0,0.0,0.0,1115.0,0.0,1115.0,194.0,221.0,91276115,46809027,44467088,10581466,61538281,29737834,34756355,26716047,8040308,56519760,1.221568205439068e-05,29.720383275261323,True,"kolkata, southtwentyfourparganas"
2025-01-03,tamilnadu,641302,641,1.0,1.0,2025.0,175.0,203.0,19.0,578.0,0.0,0.0,0.0,975.0,0.0,975.0,175.0,203.0,72147030,36137975,36009055,7423832,51837507,20309523,32884681,21434978,11449703,39262349,1.3514069809942281e-05,29.720062208398133,True,"coimbatore, erode"
2025-01-03,uttarpradesh,245101,245,1.0,1.0,2025.0,2904.0,882.0,382.0,4277.0,0.0,0.0,0.0,8445.0,0.0,8445.0,2904.0,882.0,199812341,104480510,95331831,30791331,114397555,85414786,65814715,49846762,15967953,133997626,4.226465671607341e-05,29.71094264248587,True,"ghaziabad, hapur, gautambuddhanagar"
2025-01-06,tamilnadu,621705,621,1.0,1.0,2025.0,116.0,1251.0,0.0,0.0,0.0,0.0,0.0,1367.0,0.0,1367.0,116.0,1251.0,72147030,36137975,36009055,7423832,51837507,20309523,32884681,21434978,11449703,39262349,1.89474189027601e-05,29.707752189425886,True,ariyalur
2025-01-03,karnataka,585309,585,1.0,1.0,2025.0,192.0,205.0,126.0,360.0,0.0,0.0,0.0,883.0,0.0,883.0,192.0,205.0,61095297,30966657,30128640,7161033,40647322,20447975,27872597,18270116,9602481,33222700,1.4452830960131023e-05,29.707056892778994,True,"kalaburagi, yadgir"
2025-01-03,jharkhand,825106,825,1.0,1.0,2025.0,188.0,426.0,48.0,1638.0,0.0,0.0,0.0,2300.0,0.0,2300.0,188.0,426.0,32988134,16930315,16057819,5389495,18328069,14660065,13098274,8424769,4673505,19889860,6.972204005234124e-05,29.706905116741183,True,"giridih, bokaro"
2025-03-01,rajasthan,327034,327,3.0,1.0,2025.0,0.0,0.0,51.0,3047.0,0.0,0.0,0.0,3098.0,0.0,3098.0,0.0,0.0,68548437,35550997,32997440,10649504,38275282,30273155,29886255,18297076,11589179,38662182,4.519432003971148e-05,29.705669816564757,True,banswara
2025-01-03,assam,784110,784,1.0,1.0,2025.0,235.0,90.0,63.0,828.0,0.0,0.0,0.0,1216.0,0.0,1216.0,235.0,90.0,31205576,15939443,15266133,4638130,19177977,12027599,11969690,8541560,3428130,19235886,3.896739480149317e-05,29.69086548942664,True,"sonitpur, udalguri"
2025-01-07,westbengal,742202,742,1.0,1.0,2025.0,883.0,866.0,493.0,4017.0,0.0,0.0,0.0,6259.0,0.0,6259.0,883.0,866.0,91276115,46809027,44467088,10581466,61538281,29737834,34756355,26716047,8040308,56519760,6.857215603446751e-05,29.684094852515905,True,"murshidabad, malda"
2025-01-03,rajasthan,313001,313,1.0,1.0,2025.0,921.0,1560.0,190.0,3121.0,0.0,0.0,0.0,5792.0,0.0,5792.0,921.0,1560.0,68548437,35550997,32997440,10649504,38275282,30273155,29886255,18297076,11589179,38662182,8.449499731117137e-05,29.66288131819194,True,"rajsamand, udaipur, pratapgarh"
2025-01-04,andhrapradesh,507114,507,1.0,1.0,2025.0,504.0,242.0,0.0,0.0,0.0,0.0,0.0,746.0,0.0,746.0,504.0,242.0,49338786,24757918,24580868,5333301,29491443,19847343,22996695,14108263,8888431,26342091,1.5119950458448654e-05,29.6415828738242,True,"eluru, khammam, westgodavari"
2025-01-05,maharashtra,401209,401,1.0,1.0,2025.0,766.0,860.0,277.0,2447.0,162.0,155.0,14.0,4350.0,331.0,13.102409638554217,4.910256410256411,57.333333333333336,112374333,58243056,54131277,13326517,81554290,30820043,49427878,32616875,16811003,62946455,3.870990718138456e-05,29.64121818940342,True,"palghar, thane, mumbaicity"
2025-01-03,telangana,506168,506,1.0,1.0,2025.0,12.0,31.0,38.0,307.0,0.0,0.0,0.0,388.0,0.0,388.0,12.0,31.0,35241990,17684227,17557762,3809500,21065316,14176673,16426210,10077331,6348879,18815779,1.1009593953122397e-05,29.612265758091993,True,"jayashankarbhupalpally, warangal, karimnagar, mulugu"
2025-01-03,rajasthan,325204,325,1.0,1.0,2025.0,355.0,308.0,102.0,1595.0,0.0,0.0,0.0,2360.0,0.0,2360.0,355.0,308.0,68548437,35550997,32997440,10649504,38275282,30273155,29886255,18297076,11589179,38662182,3.44282102303806e-05,29.56549318109737,True,kota
2025-01-03,telangana,500052,500,1.0,1.0,2025.0,194.0,287.0,141.0,881.0,0.0,0.0,0.0,1503.0,0.0,1503.0,194.0,287.0,35241990,17684227,17557762,3809500,21065316,14176673,16426210,10077331,6348879,18815779,4.264798894727568e-05,29.55011565150347,True,"rangareddy, kvrangareddy"
2025-06-01,chhatisgarh,496225,496,6.0,2.0,2025.0,0.0,0.0,273.0,3444.0,0.0,0.0,0.0,3717.0,0.0,3717.0,0.0,0.0,25545198,12832895,12712303,3661689,15379922,10165276,12180225,7133866,5046359,13364973,0.00014550679936009892,29.542630057803468,True,jashpur
2025-01-06,chhatisgarh,493551,493,1.0,1.0,2025.0,586.0,2692.0,0.0,0.0,0.0,0.0,0.0,3278.0,0.0,3278.0,586.0,2692.0,25545198,12832895,12712303,3661689,15379922,10165276,12180225,7133866,5046359,13364973,0.00012832157339316767,29.502,True,"balodabazar, mahasamund"
2025-03-01,rajasthan,327606,327,3.0,1.0,2025.0,0.0,0.0,17.0,1502.0,0.0,0.0,0.0,1519.0,0.0,1519.0,0.0,0.0,68548437,35550997,32997440,10649504,38275282,30273155,29886255,18297076,11589179,38662182,2.215951327963904e-05,29.49514563106796,True,banswara
2025-01-03,uttarpradesh,230501,230,1.0,1.0,2025.0,174.0,98.0,31.0,569.0,0.0,0.0,0.0,872.0,0.0,872.0,174.0,98.0,199812341,104480510,95331831,30791331,114397555,85414786,65814715,49846762,15967953,133997626,4.36409480833819e-06,29.493546951490877,True,"pratapgarh, amethi"
2025-01-03,telangana,500075,500,1.0,1.0,2025.0,111.0,216.0,134.0,593.0,0.0,0.0,0.0,1054.0,0.0,1054.0,111.0,216.0,35241990,17684227,17557762,3809500,21065316,14176673,16426210,10077331,6348879,18815779,2.99075052231727e-05,29.491484184914842,True,"rangareddy, kvrangareddy"
2025-01-03,uttarpradesh,203141,203,1.0,1.0,2025.0,276.0,70.0,43.0,357.0,0.0,0.0,0.0,746.0,0.0,746.0,276.0,70.0,199812341,104480510,95331831,30791331,114397555,85414786,65814715,49846762,15967953,133997626,3.7335031273168457e-06,29.488835244417622,True,"bulandshahr, gautambuddhanagar"
2025-01-03,tamilnadu,603306,603,1.0,1.0,2025.0,116.0,171.0,14.0,411.0,0.0,0.0,0.0,712.0,0.0,712.0,116.0,171.0,72147030,36137975,36009055,7423832,51837507,20309523,32884681,21434978,11449703,39262349,9.868736107362979e-06,29.481861487724444,True,"chengalpattu, kancheepuram"
2025-01-07,telangana,500028,500,1.0,1.0,2025.0,764.0,602.0,221.0,1663.0,580.0,190.0,22.0,3250.0,792.0,4.098360655737705,4.0,26.17391304347826,35241990,17684227,17557762,3809500,21065316,14176673,16426210,10077331,6348879,18815779,9.22195369784737e-05,29.478015377222487,True,hyderabad
2025-01-03,andhrapradesh,534451,534,1.0,1.0,2025.0,229.0,135.0,20.0,398.0,0.0,0.0,0.0,782.0,0.0,782.0,229.0,135.0,49338786,24757918,24580868,5333301,29491443,19847343,22996695,14108263,8888431,26342091,1.584959954223438e-05,29.460518384569017,True,"westgodavari, eluru"
2025-01-03,bihar,843334,843,1.0,1.0,2025.0,441.0,559.0,143.0,1296.0,0.0,0.0,0.0,2439.0,0.0,2439.0,441.0,559.0,104099452,54278157,49821295,19133964,52504553,51594899,34724987,25222189,9502798,69374465,2.3429518149624842e-05,29.375801104972375,True,"sheohar, sitamarhi"
2025-01-03,andhrapradesh,531149,531,1.0,1.0,2025.0,761.0,661.0,31.0,847.0,0.0,0.0,0.0,2300.0,0.0,2300.0,761.0,661.0,49338786,24757918,24580868,5333301,29491443,19847343,22996695,14108263,8888431,26342091,4.661646924186582e-05,29.371962260554657,True,"allurisitharamaraju, visakhapatnam"
2025-01-03,jharkhand,822118,822,1.0,1.0,2025.0,672.0,870.0,176.0,3646.0,0.0,0.0,0.0,5364.0,0.0,5364.0,672.0,870.0,32988134,16930315,16057819,5389495,18328069,14660065,13098274,8424769,4673505,19889860,0.0001626039229742428,29.348484848484848,True,"palamu, garhwa"
2025-01-03,tamilnadu,621715,621,1.0,1.0,2025.0,307.0,1938.0,0.0,0.0,0.0,0.0,0.0,2245.0,0.0,2245.0,307.0,1938.0,72147030,36137975,36009055,7423832,51837507,20309523,32884681,21434978,11449703,39262349,3.111701202391838e-05,29.33251278167014,True,ariyalur
2025-01-03,uttarpradesh,276405,276,1.0,1.0,2025.0,249.0,132.0,52.0,584.0,0.0,0.0,0.0,1017.0,0.0,1017.0,249.0,132.0,199812341,104480510,95331831,30791331,114397555,85414786,65814715,49846762,15967953,133997626,5.089775711100847e-06,29.312030075187966,True,"azamgarh, mau"
2025-01-03,maharashtra,401208,401,1.0,1.0,2025.0,402.0,619.0,178.0,2534.0,0.0,0.0,0.0,3733.0,0.0,3733.0,402.0,619.0,112374333,58243056,54131277,13326517,81554290,30820043,49427878,32616875,16811003,62946455,3.3219329542093925e-05,29.30361847411151,True,"palghar, thane"
2025-01-03,telangana,500054,500,1.0,1.0,2025.0,206.0,214.0,170.0,595.0,0.0,0.0,0.0,1185.0,0.0,1185.0,206.0,214.0,35241990,17684227,17557762,3809500,21065316,14176673,16426210,10077331,6348879,18815779,3.362466194445887e-05,29.29945054945055,True,hyderabad
2025-01-03,tamilnadu,636906,636,1.0,1.0,2025.0,683.0,325.0,29.0,654.0,0.0,0.0,0.0,1691.0,0.0,1691.0,683.0,325.0,72147030,36137975,36009055,7423832,51837507,20309523,32884681,21434978,11449703,39262349,2.343824825498707e-05,29.277764036606477,True,dharmapuri
2025-01-03,uttarpradesh,229402,229,1.0,1.0,2025.0,248.0,125.0,57.0,819.0,0.0,0.0,0.0,1249.0,0.0,1249.0,248.0,125.0,199812341,104480510,95331831,30791331,114397555,85414786,65814715,49846762,15967953,133997626,6.250865155521099e-06,29.26358311452232,True,"raebareli, amethi"
2025-01-03,westbengal,735217,735,1.0,1.0,2025.0,62.0,119.0,16.0,578.0,0.0,0.0,0.0,775.0,0.0,775.0,62.0,119.0,91276115,46809027,44467088,10581466,61538281,29737834,34756355,26716047,8040308,56519760,8.490720710450922e-06,29.245283018867923,True,"alipurduar, jalpaiguri, coochbehar"
2025-01-07,telangana,503224,503,1.0,1.0,2025.0,391.0,472.0,99.0,869.0,0.0,0.0,0.0,1831.0,0.0,1831.0,391.0,472.0,35241990,17684227,17557762,3809500,21065316,14176673,16426210,10077331,6348879,18815779,5.1955068371564717e-05,29.230389341908808,True,nizamabad
2025-01-03,jharkhand,815301,815,1.0,1.0,2025.0,623.0,709.0,73.0,3130.0,0.0,0.0,0.0,4535.0,0.0,4535.0,623.0,709.0,32988134,16930315,16057819,5389495,18328069,14660065,13098274,8424769,4673505,19889860,0.0001374736746249424,29.22964859615045,True,giridih
2025-01-03,uttarpradesh,203205,203,1.0,1.0,2025.0,880.0,360.0,179.0,1481.0,0.0,0.0,0.0,2900.0,0.0,2900.0,880.0,360.0,199812341,104480510,95331831,30791331,114397555,85414786,65814715,49846762,15967953,133997626,1.4513618055253154e-05,29.207648123377133,True,"bulandshahr, gautambuddhanagar"
2025-01-03,tamilnadu,606207,606,1.0,1.0,2025.0,1213.0,518.0,0.0,0.0,0.0,0.0,0.0,1731.0,0.0,1731.0,1213.0,518.0,72147030,36137975,36009055,7423832,51837507,20309523,32884681,21434978,11449703,39262349,2.3992671631805218e-05,29.187040828616162,True,"kallakurichi, viluppuram"
2025-01-07,rajasthan,313011,313,1.0,1.0,2025.0,334.0,354.0,89.0,640.0,0.0,0.0,0.0,1417.0,0.0,1417.0,334.0,354.0,68548437,35550997,32997440,10649504,38275282,30273155,29886255,18297076,11589179,38662182,2.067151436290225e-05,29.16481749477408,True,"rajsamand, udaipur"
2025-01-03,westbengal,700105,700,1.0,1.0,2025.0,44.0,160.0,11.0,338.0,0.0,0.0,0.0,553.0,0.0,553.0,44.0,160.0,91276115,46809027,44467088,10581466,61538281,29737834,34756355,26716047,8040308,56519760,6.058540068231432e-06,29.153463980126965,True,"kolkata, northtwentyfourparganas, southtwentyfourparganas"
2025-01-03,telangana,508113,508,1.0,1.0,2025.0,24.0,45.0,34.0,467.0,0.0,0.0,0.0,570.0,0.0,570.0,24.0,45.0,35241990,17684227,17557762,3809500,21065316,14176673,16426210,10077331,6348879,18815779,1.6173888023916926e-05,29.152542372881356,True,"nalgonda, yadadribhuvanagiri"
2025-01-03,uttarpradesh,202412,202,1.0,1.0,2025.0,658.0,204.0,104.0,1715.0,0.0,0.0,0.0,2681.0,0.0,2681.0,658.0,204.0,199812341,104480510,95331831,30791331,114397555,85414786,65814715,49846762,15967953,133997626,1.3417589657287484e-05,29.126913580246914,True,"sambhal, moradabad, agra"
2025-01-03,tamilnadu,627756,627,1.0,1.0,2025.0,412.0,546.0,31.0,418.0,0.0,0.0,0.0,1407.0,0.0,1407.0,412.0,546.0,72147030,36137975,36009055,7423832,51837507,20309523,32884681,21434978,11449703,39262349,1.9501842279578246e-05,29.1119257086999,True,"tenkasi, tirunelveli"
2025-01-03,bihar,811103,811,1.0,1.0,2025.0,172.0,244.0,57.0,555.0,0.0,0.0,0.0,1028.0,0.0,1028.0,172.0,244.0,104099452,54278157,49821295,19133964,52504553,51594899,34724987,25222189,9502798,69374465,9.875172061424493e-06,29.10103567318757,True,"nalanda, sheikhpura"
2025-01-03,rajasthan,325004,325,1.0,1.0,2025.0,122.0,248.0,60.0,1862.0,0.0,0.0,0.0,2292.0,0.0,2292.0,122.0,248.0,68548437,35550997,32997440,10649504,38275282,30273155,29886255,18297076,11589179,38662182,3.343621095255607e-05,29.09337506520605,True,"kota, baran"
2025-01-03,rajasthan,328041,328,1.0,1.0,2025.0,211.0,197.0,69.0,1423.0,0.0,0.0,0.0,1900.0,0.0,1900.0,211.0,197.0,68548437,35550997,32997440,10649504,38275282,30273155,29886255,18297076,11589179,38662182,2.771762688039116e-05,29.041980624327234,True,dholpur
2025-01-03,telangana,502313,502,1.0,1.0,2025.0,261.0,283.0,133.0,341.0,0.0,0.0,0.0,1018.0,0.0,1018.0,261.0,283.0,35241990,17684227,17557762,3809500,21065316,14176673,16426210,10077331,6348879,18815779,2.888599650587268e-05,28.99757575757576,True,"medak, sangareddy"
2025-01-03,odisha,754141,754,1.0,1.0,2025.0,248.0,700.0,103.0,771.0,0.0,0.0,0.0,1822.0,0.0,1822.0,248.0,700.0,41974218,21212136,20762082,5273194,26742595,15231623,17541589,11902655,5638934,24432629,4.340759844531231e-05,28.975311387900355,True,"jagatsinghpur, kendrapara"
2025-01-06,telangana,500070,500,1.0,1.0,2025.0,302.0,385.0,164.0,909.0,0.0,0.0,0.0,1760.0,0.0,1760.0,302.0,385.0,35241990,17684227,17557762,3809500,21065316,14176673,16426210,10077331,6348879,18815779,4.9940426179111905e-05,28.959103374269702,True,"rangareddy, kvrangareddy"
2025-01-03,jammuandkashmir,191111,191,1.0,1.0,2025.0,680.0,1225.0,556.0,3300.0,0.0,0.0,0.0,5761.0,0.0,5761.0,680.0,1225.0,12267013,6483906,12423769,6608718,12361296,6546379,12414350,6547558,12507454,6493325,0.0004696334796417025,28.943137702671844,True,budgam
2025-01-06,madhyapradesh,450661,450,1.0,1.0,2025.0,814.0,934.0,0.0,0.0,0.0,0.0,0.0,1748.0,0.0,1748.0,814.0,934.0,72626809,37612306,35014503,10809395,42851169,29775640,31574133,20146970,11427163,41052676,2.406824730520654e-05,28.935354591392226,True,"burhanpur, khandwa, khargone, barwani"
2025-01-03,rajasthan,312620,312,1.0,1.0,2025.0,70.0,64.0,46.0,939.0,0.0,0.0,0.0,1119.0,0.0,1119.0,70.0,64.0,68548437,35550997,32997440,10649504,38275282,30273155,29886255,18297076,11589179,38662182,1.6324223410083004e-05,28.92330508474576,True,chittorgarh
2025-01-06,telangana,500005,500,1.0,1.0,2025.0,462.0,394.0,331.0,1412.0,0.0,0.0,0.0,2599.0,0.0,2599.0,462.0,394.0,35241990,17684227,17557762,3809500,21065316,14176673,16426210,10077331,6348879,18815779,7.374725434063172e-05,28.907459070552825,True,"hyderabad, rangareddy, kvrangareddy"
2025-01-03,telangana,505467,505,1.0,1.0,2025.0,97.0,177.0,80.0,237.0,0.0,0.0,0.0,591.0,0.0,591.0,97.0,177.0,35241990,17684227,17557762,3809500,21065316,14176673,16426210,10077331,6348879,18815779,1.67697681090086e-05,28.863149647427527,True,"karimnagar, siddipet"
2025-01-03,andhrapradesh,515501,515,1.0,1.0,2025.0,518.0,72.0,0.0,0.0,0.0,0.0,0.0,590.0,0.0,590.0,518.0,72.0,49338786,24757918,24580868,5333301,29491443,19847343,22996695,14108263,8888431,26342091,1.1958137762043841e-05,28.850317282568124,True,"ananthapuram, srisathyasai"
2025-03-01,rajasthan,314801,314,3.0,1.0,2025.0,0.0,0.0,28.0,2940.0,0.0,0.0,0.0,2968.0,0.0,2968.0,0.0,0.0,68548437,35550997,32997440,10649504,38275282,30273155,29886255,18297076,11589179,38662182,4.329785083210577e-05,28.850066577896136,True,dungarpur
2025-01-03,gujarat,389380,389,1.0,1.0,2025.0,635.0,672.0,138.0,646.0,0.0,0.0,0.0,2091.0,0.0,2091.0,635.0,672.0,60439692,31491260,28948432,7777262,41093358,19346334,24767747,18000914,6766833,35671945,3.4596470147465344e-05,28.844304696216653,True,"dahod, panchmahal"
2025-01-03,madhyapradesh,484661,484,1.0,1.0,2025.0,541.0,1252.0,274.0,2827.0,0.0,0.0,0.0,4894.0,0.0,4894.0,541.0,1252.0,72626809,37612306,35014503,10809395,42851169,29775640,31574133,20146970,11427163,41052676,6.738558484649932e-05,28.842769943169863,True,"umaria, shahdol"
2025-01-03,tamilnadu,603210,603,1.0,1.0,2025.0,132.0,94.0,22.0,294.0,0.0,0.0,0.0,542.0,0.0,542.0,132.0,94.0,72147030,36137975,36009055,7423832,51837507,20309523,32884681,21434978,11449703,39262349,7.5124367558858625e-06,28.81989708404803,True,"chengalpattu, kancheepuram"
2025-01-03,meghalaya,794102,794,1.0,1.0,2025.0,20.0,22.0,25.0,609.0,0.0,0.0,0.0,676.0,0.0,676.0,20.0,22.0,2966889,1491832,1475057,568536,1785005,1181884,1185619,703709,481910,1781270,0.00022784809273282552,28.798206278026907,True,southgarohills
2025-01-03,rajasthan,313322,313,1.0,1.0,2025.0,79.0,76.0,82.0,488.0,0.0,0.0,0.0,725.0,0.0,725.0,79.0,76.0,68548437,35550997,32997440,10649504,38275282,30273155,29886255,18297076,11589179,38662182,1.0576462888570312e-05,28.750826173165898,True,"rajsamand, udaipur"
2025-01-03,chhatisgarh,491668,491,1.0,1.0,2025.0,58.0,330.0,47.0,1553.0,0.0,0.0,0.0,1988.0,0.0,1988.0,58.0,330.0,25545198,12832895,12712303,3661689,15379922,10165276,12180225,7133866,5046359,13364973,7.782284560879113e-05,28.716875871687588,True,"mohlamanpurambagarhchowki, rajnandgaon, durg"
2025-03-01,telangana,504293,504,3.0,1.0,2025.0,0.0,0.0,185.0,1010.0,0.0,0.0,0.0,1195.0,0.0,1195.0,0.0,0.0,35241990,17684227,17557762,3809500,21065316,14176673,16426210,10077331,6348879,18815779,3.3908414365931095e-05,28.703795892968262,True,"adilabad, komarambheemasifabad, jagitial, bhadradrikothagudem"
2025-01-03,jharkhand,829110,829,1.0,1.0,2025.0,459.0,581.0,82.0,2488.0,0.0,0.0,0.0,3610.0,0.0,3610.0,459.0,581.0,32988134,16930315,16057819,5389495,18328069,14660065,13098274,8424769,4673505,19889860,0.00010943328895171822,28.69812099938055,True,"ramgarh, hazaribagh"
2025-01-03,gujarat,360590,360,1.0,1.0,2025.0,142.0,191.0,101.0,336.0,0.0,0.0,0.0,770.0,0.0,770.0,142.0,191.0,60439692,31491260,28948432,7777262,41093358,19346334,24767747,18000914,6766833,35671945,1.273997226855491e-05,28.665977249224404,True,"devbhumidwarka, porbandar, jamnagar"
2025-01-03,tamilnadu,600125,600,1.0,1.0,2025.0,136.0,165.0,43.0,451.0,0.0,0.0,0.0,795.0,0.0,795.0,136.0,165.0,72147030,36137975,36009055,7423832,51837507,20309523,32884681,21434978,11449703,39262349,1.1019164614260629e-05,28.660279311464762,True,"kancheepuram, chennai"
2025-03-01,uttarpradesh,209868,209,3.0,1.0,2025.0,0.0,0.0,18.0,207.0,0.0,0.0,0.0,225.0,0.0,225.0,0.0,0.0,199812341,104480510,95331831,30791331,114397555,85414786,65814715,49846762,15967953,133997626,1.1260565732524e-06,28.645833333333332,True,unnao
2025-01-07,gujarat,389190,389,1.0,1.0,2025.0,754.0,557.0,0.0,0.0,245.0,356.0,29.0,1311.0,630.0,2.0776545166402536,2.112044817927171,18.566666666666666,60439692,31491260,28948432,7777262,41093358,19346334,24767747,18000914,6766833,35671945,2.1691043693604527e-05,28.6400873839432,True,"dahod, mahisagar, panchmahal"
2025-01-03,tamilnadu,621653,621,1.0,1.0,2025.0,61.0,453.0,0.0,0.0,0.0,0.0,0.0,514.0,0.0,514.0,61.0,453.0,72147030,36137975,36009055,7423832,51837507,20309523,32884681,21434978,11449703,39262349,7.124340392113161e-06,28.629533678756477,True,"ariyalur, perambalur, tiruchirappalli"
2025-01-03,mizoram,796431,796,1.0,1.0,2025.0,1685.0,355.0,36.0,336.0,0.0,0.0,0.0,2412.0,0.0,2412.0,1685.0,355.0,1097206,555339,541867,168531,848175,249031,486705,290740,195965,610501,0.0021983109826231354,28.62908011869436,True,mamit
2025-01-03,uttarpradesh,222133,222,1.0,1.0,2025.0,260.0,133.0,82.0,1221.0,0.0,0.0,0.0,1696.0,0.0,1696.0,260.0,133.0,199812341,104480510,95331831,30791331,114397555,85414786,65814715,49846762,15967953,133997626,8.487964214382534e-06,28.612895770741854,True,jaunpur
2025-01-07,westbengal,733207,733,1.0,1.0,2025.0,494.0,1129.0,368.0,5370.0,0.0,0.0,0.0,7361.0,0.0,7361.0,494.0,1129.0,91276115,46809027,44467088,10581466,61538281,29737834,34756355,26716047,8040308,56519760,8.064541309629579e-05,28.6005439581788,True,"uttardinajpur, dakshindinajpur"
2025-01-03,rajasthan,321402,321,1.0,1.0,2025.0,114.0,168.0,34.0,1225.0,0.0,0.0,0.0,1541.0,0.0,1541.0,114.0,168.0,68548437,35550997,32997440,10649504,38275282,30273155,29886255,18297076,11589179,38662182,2.248045422246462e-05,28.597560975609756,True,bharatpur
2025-01-03,assam,784111,784,1.0,1.0,2025.0,110.0,28.0,40.0,448.0,0.0,0.0,0.0,626.0,0.0,626.0,110.0,28.0,31205576,15939443,15266133,4638130,19177977,12027599,11969690,8541560,3428130,19235886,2.0060517389584478e-05,28.577421344848858,True,"sonitpur, udalguri"
2025-03-01,jharkhand,816105,816,3.0,1.0,2025.0,0.0,0.0,40.0,590.0,0.0,0.0,0.0,630.0,0.0,630.0,0.0,0.0,32988134,16930315,16057819,5389495,18328069,14660065,13098274,8424769,4673505,19889860,1.9097776188249992e-05,28.56472795497186,True,"pakur, sahibganj"
2025-01-03,andhrapradesh,531077,531,1.0,1.0,2025.0,602.0,366.0,55.0,899.0,0.0,0.0,0.0,1922.0,0.0,1922.0,602.0,366.0,49338786,24757918,24580868,5333301,29491443,19847343,22996695,14108263,8888431,26342091,3.89551538621157e-05,28.552631578947366,True,"allurisitharamaraju, visakhapatnam"
2025-01-03,jharkhand,825409,825,1.0,1.0,2025.0,1125.0,1276.0,12.0,551.0,0.0,0.0,0.0,2964.0,0.0,2964.0,1125.0,1276.0,32988134,16930315,16057819,5389495,18328069,14660065,13098274,8424769,4673505,19889860,8.985048987614758e-05,28.534296028880867,True,"hazaribagh, koderma, chatra"
2025-01-03,rajasthan,312206,312,1.0,1.0,2025.0,48.0,70.0,32.0,859.0,0.0,0.0,0.0,1009.0,0.0,1009.0,48.0,70.0,68548437,35550997,32997440,10649504,38275282,30273155,29886255,18297076,11589179,38662182,1.4719518695955095e-05,28.532133676092542,True,chittorgarh
2025-01-06,andhrapradesh,516360,516,1.0,1.0,2025.0,1354.0,428.0,180.0,1116.0,0.0,0.0,0.0,3078.0,0.0,3078.0,1354.0,428.0,49338786,24757918,24580868,5333301,29491443,19847343,22996695,14108263,8888431,26342091,6.238499666367957e-05,28.524350969438053,True,"cuddapah, ysrkadapa"
2025-01-07,chhatisgarh,497778,497,1.0,1.0,2025.0,1105.0,1181.0,0.0,0.0,0.0,0.0,0.0,2286.0,0.0,2286.0,1105.0,1181.0,25545198,12832895,12712303,3661689,15379922,10165276,12180225,7133866,5046359,13364973,8.948844318998819e-05,28.52015355086372,True,"koriya, manendragarhchirmiribharatpur"
2025-01-07,telangana,501106,501,1.0,1.0,2025.0,170.0,1005.0,0.0,0.0,0.0,0.0,0.0,1175.0,0.0,1175.0,170.0,1005.0,35241990,17684227,17557762,3809500,21065316,14176673,16426210,10077331,6348879,18815779,3.3340909522986645e-05,28.516772298655123,True,"rangareddy, vikarabad, kvrangareddy"
2025-01-03,rajasthan,312022,312,1.0,1.0,2025.0,184.0,151.0,133.0,1554.0,0.0,0.0,0.0,2022.0,0.0,2022.0,184.0,151.0,68548437,35550997,32997440,10649504,38275282,30273155,29886255,18297076,11589179,38662182,2.949739029060575e-05,28.50563909774436,True,chittorgarh
2025-01-03,westbengal,713143,713,1.0,1.0,2025.0,262.0,263.0,47.0,694.0,0.0,0.0,0.0,1266.0,0.0,1266.0,262.0,263.0,91276115,46809027,44467088,10581466,61538281,29737834,34756355,26716047,8040308,56519760,1.387000312184628e-05,28.460686850429283,True,"paschimbardhaman, purbabardhaman, birbhum"
2025-01-03,rajasthan,335803,335,1.0,1.0,2025.0,349.0,819.0,135.0,1626.0,0.0,0.0,0.0,2929.0,0.0,2929.0,349.0,819.0,68548437,35550997,32997440,10649504,38275282,30273155,29886255,18297076,11589179,38662182,4.272891006982406e-05,28.459919028340078,True,"ganganagar, hanumangarh"
2025-01-03,odisha,752014,752,1.0,1.0,2025.0,147.0,213.0,59.0,954.0,0.0,0.0,0.0,1373.0,0.0,1373.0,147.0,213.0,41974218,21212136,20762082,5273194,26742595,15231623,17541589,11902655,5638934,24432629,3.271055579880011e-05,28.458095524181434,True,puri
2025-03-01,rajasthan,326520,326,3.0,1.0,2025.0,0.0,0.0,15.0,570.0,0.0,0.0,0.0,585.0,0.0,585.0,0.0,0.0,68548437,35550997,32997440,10649504,38275282,30273155,29886255,18297076,11589179,38662182,8.5341114342257e-06,28.42105263157895,True,kota
2025-01-03,andhrapradesh,531055,531,1.0,1.0,2025.0,554.0,212.0,56.0,699.0,0.0,0.0,0.0,1521.0,0.0,1521.0,554.0,212.0,49338786,24757918,24580868,5333301,29491443,19847343,22996695,14108263,8888431,26342091,3.082767378994692e-05,28.408273381294965,True,"anakapalli, visakhapatnam"
2025-01-03,uttarpradesh,231219,231,1.0,1.0,2025.0,1032.0,514.0,68.0,976.0,0.0,0.0,0.0,2590.0,0.0,2590.0,1032.0,514.0,199812341,104480510,95331831,30791331,114397555,85414786,65814715,49846762,15967953,133997626,1.2962162332105403e-05,28.404386777880752,True,"sonbhadra, mirzapur"
2025-01-06,chhatisgarh,494337,494,1.0,1.0,2025.0,282.0,1503.0,0.0,0.0,0.0,0.0,0.0,1785.0,0.0,1785.0,282.0,1503.0,25545198,12832895,12712303,3661689,15379922,10165276,12180225,7133866,5046359,13364973,6.987614658535824e-05,28.380753138075317,True,"kanker, dhamtari"
2025-01-03,uttarpradesh,273303,273,1.0,1.0,2025.0,742.0,967.0,388.0,4768.0,0.0,0.0,0.0,6865.0,0.0,6865.0,742.0,967.0,199812341,104480510,95331831,30791331,114397555,85414786,65814715,49846762,15967953,133997626,3.4357237223901e-05,28.37341898217309,True,"maharajganj, mahrajganj, gorakhpur"
2025-01-03,rajasthan,313905,313,1.0,1.0,2025.0,130.0,183.0,32.0,805.0,0.0,0.0,0.0,1150.0,0.0,1150.0,130.0,183.0,68548437,35550997,32997440,10649504,38275282,30273155,29886255,18297076,11589179,38662182,1.6776458374973598e-05,28.372891942535915,True,udaipur
2025-01-07,manipur,795148,795,1.0,1.0,2025.0,1936.0,1808.0,0.0,0.0,0.0,0.0,0.0,3744.0,0.0,3744.0,1936.0,1808.0,2855794,1438586,1417208,375357,1908476,947318,1304610,739408,565202,1551184,0.0013110189320378151,28.363636363636363,True,"thoubal, chandel"
2025-01-03,assam,781369,781,1.0,1.0,2025.0,167.0,29.0,108.0,655.0,0.0,0.0,0.0,959.0,0.0,959.0,167.0,29.0,31205576,15939443,15266133,4638130,19177977,12027599,11969690,8541560,3428130,19235886,3.073168718308549e-05,28.335763622409825,True,"nalbari, barpeta"
2025-03-01,rajasthan,312604,312,3.0,1.0,2025.0,0.0,0.0,59.0,1813.0,0.0,0.0,0.0,1872.0,0.0,1872.0,0.0,0.0,68548437,35550997,32997440,10649504,38275282,30273155,29886255,18297076,11589179,38662182,2.730915658952224e-05,28.31413612565445,True,"pratapgarh, chittorgarh"
2025-01-03,mizoram,796190,796,1.0,1.0,2025.0,481.0,178.0,0.0,0.0,0.0,0.0,0.0,659.0,0.0,659.0,481.0,178.0,1097206,555339,541867,168531,848175,249031,486705,290740,195965,610501,0.0006006164749372497,28.307560137457042,True,aizawl
2025-01-03,jharkhand,822126,822,1.0,1.0,2025.0,347.0,487.0,66.0,1656.0,0.0,0.0,0.0,2556.0,0.0,2556.0,347.0,487.0,32988134,16930315,16057819,5389495,18328069,14660065,13098274,8424769,4673505,19889860,7.74824062494714e-05,28.304285026480503,True,"latehar, palamu"
2025-01-03,tamilnadu,627860,627,1.0,1.0,2025.0,324.0,118.0,0.0,0.0,0.0,0.0,0.0,442.0,0.0,442.0,324.0,118.0,72147030,36137975,36009055,7423832,51837507,20309523,32884681,21434978,11449703,39262349,6.1263783138405005e-06,28.301781737193764,True,"tenkasi, tirunelveli"
2025-01-03,karnataka,583127,583,1.0,1.0,2025.0,240.0,74.0,51.0,50.0,0.0,0.0,0.0,415.0,0.0,415.0,240.0,74.0,61095297,30966657,30128640,7161033,40647322,20447975,27872597,18270116,9602481,33222700,6.79266687254176e-06,28.29026937877955,True,"davanagere, vijayanagara, ballari"
2025-01-03,jammuandkashmir,191202,191,1.0,1.0,2025.0,253.0,444.0,61.0,420.0,0.0,0.0,0.0,1178.0,0.0,1178.0,253.0,444.0,12267013,6483906,12423769,6608718,12361296,6546379,12414350,6547558,12507454,6493325,9.6029897416755e-05,28.272000000000002,True,"ganderbal, srinagar"
2025-01-06,chhatisgarh,495689,495,1.0,1.0,2025.0,506.0,1718.0,183.0,1987.0,0.0,0.0,0.0,4394.0,0.0,4394.0,506.0,1718.0,25545198,12832895,12712303,3661689,15379922,10165276,12180225,7133866,5046359,13364973,0.00017200884487174458,28.25524524759446,True,"janjgirchampa, sakti, gariyaband, balodabazar"
2025-01-03,assam,783337,783,1.0,1.0,2025.0,753.0,131.0,38.0,389.0,0.0,0.0,0.0,1311.0,0.0,1311.0,753.0,131.0,31205576,15939443,15266133,4638130,19177977,12027599,11969690,8541560,3428130,19235886,4.201172252035982e-05,28.242794759825326,True,"dhubri, kokrajhar, chirang"
2025-01-03,jharkhand,828204,828,1.0,1.0,2025.0,100.0,200.0,27.0,1501.0,0.0,0.0,0.0,1828.0,0.0,1828.0,100.0,200.0,32988134,16930315,16057819,5389495,18328069,14660065,13098274,8424769,4673505,19889860,5.541386487638252e-05,28.24157303370787,True,dhanbad
2025-01-03,tripura,799101,799,1.0,1.0,2025.0,392.0,656.0,31.0,842.0,0.0,0.0,0.0,1921.0,0.0,1921.0,392.0,656.0,3673917,1874376,1799541,458014,2804783,869134,1469521,1045326,424195,2204396,0.0005228751765486264,28.240341880341884,True,"gomati, southtripura"
2025-01-06,karnataka,562123,562,1.0,1.0,2025.0,252.0,271.0,175.0,897.0,0.0,0.0,0.0,1595.0,0.0,1595.0,252.0,271.0,61095297,30966657,30128640,7161033,40647322,20447975,27872597,18270116,9602481,33222700,2.61067558113352e-05,28.23957866427611,True,"bengalururural, bengaluruurban"
2025-01-03,tamilnadu,600129,600,1.0,1.0,2025.0,32.0,31.0,22.0,251.0,0.0,0.0,0.0,336.0,0.0,336.0,32.0,31.0,72147030,36137975,36009055,7423832,51837507,20309523,32884681,21434978,11449703,39262349,4.657156365272417e-06,28.235294117647058,True,"chennai, kancheepuram"
2025-01-03,bihar,853201,853,1.0,1.0,2025.0,748.0,1318.0,130.0,1165.0,0.0,0.0,0.0,3361.0,0.0,3361.0,748.0,1318.0,104099452,54278157,49821295,19133964,52504553,51594899,34724987,25222189,9502798,69374465,3.228643316969623e-05,28.22497237569061,True,"bhagalpur, banka"
2025-01-07,telangana,506167,506,1.0,1.0,2025.0,59.0,92.0,51.0,652.0,0.0,0.0,0.0,854.0,0.0,854.0,59.0,92.0,35241990,17684227,17557762,3809500,21065316,14176673,16426210,10077331,6348879,18815779,2.4232456793728163e-05,28.211032713277742,True,"jangaon, warangal"
2025-03-01,meghalaya,794108,794,3.0,1.0,2025.0,0.0,0.0,12.0,337.0,0.0,0.0,0.0,349.0,0.0,349.0,0.0,0.0,2966889,1491832,1475057,568536,1785005,1181884,1185619,703709,481910,1781270,0.00011763163367419543,28.2020202020202,True,"northgarohills, eastgarohills"
2025-01-03,bihar,804426,804,1.0,1.0,2025.0,77.0,251.0,29.0,368.0,0.0,0.0,0.0,725.0,0.0,725.0,77.0,251.0,104099452,54278157,49821295,19133964,52504553,51594899,34724987,25222189,9502798,69374465,6.964493914915133e-06,28.188512518409425,True,"arwal, patna, jehanabad"
2025-01-03,andhrapradesh,515305,515,1.0,1.0,2025.0,272.0,70.0,12.0,52.0,0.0,0.0,0.0,406.0,0.0,406.0,272.0,70.0,49338786,24757918,24580868,5333301,29491443,19847343,22996695,14108263,8888431,26342091,8.228820222694575e-06,28.178137651821864,True,"ananthapuram, srisathyasai"
2025-01-03,westbengal,734005,734,1.0,1.0,2025.0,66.0,180.0,10.0,413.0,0.0,0.0,0.0,669.0,0.0,669.0,66.0,180.0,91276115,46809027,44467088,10581466,61538281,29737834,34756355,26716047,8040308,56519760,7.329409232634408e-06,28.177690029615004,True,"darjeeling, jalpaiguri"
2025-01-06,chhatisgarh,494669,494,1.0,1.0,2025.0,198.0,898.0,149.0,1924.0,0.0,0.0,0.0,3169.0,0.0,3169.0,198.0,898.0,25545198,12832895,12712303,3661689,15379922,10165276,12180225,7133866,5046359,13364973,0.00012405462662689088,28.15426329756548,True,kanker
2025-01-03,rajasthan,312404,312,1.0,1.0,2025.0,68.0,122.0,20.0,892.0,0.0,0.0,0.0,1102.0,0.0,1102.0,68.0,122.0,68548437,35550997,32997440,10649504,38275282,30273155,29886255,18297076,11589179,38662182,1.6076223590626872e-05,28.14365522745411,True,chittorgarh
2025-01-03,assam,781318,781,1.0,1.0,2025.0,643.0,103.0,0.0,0.0,0.0,0.0,0.0,746.0,0.0,746.0,643.0,103.0,31205576,15939443,15266133,4638130,19177977,12027599,11969690,8541560,3428130,19235886,2.3905983981837094e-05,28.140253164556963,True,"baksa, barpeta, bajali"
2025-01-07,telangana,500053,500,1.0,1.0,2025.0,1061.0,1001.0,373.0,2667.0,936.0,250.0,15.0,5102.0,1201.0,4.24459234608985,4.227091633466135,62.5625,35241990,17684227,17557762,3809500,21065316,14176673,16426210,10077331,6348879,18815779,0.0001447704854351301,28.1356822976424,True,hyderabad
2025-03-01,rajasthan,314406,314,3.0,1.0,2025.0,0.0,0.0,59.0,1815.0,0.0,0.0,0.0,1874.0,0.0,1874.0,0.0,0.0,68548437,35550997,32997440,10649504,38275282,30273155,29886255,18297076,11589179,38662182,2.733833303887002e-05,28.115857470306317,True,dungarpur
2025-01-03,telangana,506391,506,1.0,1.0,2025.0,0.0,0.0,13.0,277.0,0.0,0.0,0.0,290.0,0.0,290.0,0.0,0.0,35241990,17684227,17557762,3809500,21065316,14176673,16426210,10077331,6348879,18815779,8.228820222694575e-06,28.093194359288777,True,"hanumakonda, warangal"
2025-01-03,andhrapradesh,515271,515,1.0,1.0,2025.0,332.0,79.0,17.0,93.0,0.0,0.0,0.0,521.0,0.0,521.0,332.0,79.0,49338786,24757918,24580868,5333301,29491443,19847343,22996695,14108263,8888431,26342091,1.0559643684787866e-05,28.0642919200695,True,"ananthapuram, srisathyasai"
2025-01-04,andhrapradesh,507129,507,1.0,1.0,2025.0,386.0,394.0,0.0,0.0,0.0,0.0,0.0,780.0,0.0,780.0,386.0,394.0,49338786,24757918,24580868,5333301,29491443,19847343,22996695,14108263,8888431,26342091,1.580906348202406e-05,28.060221870047542,True,"allurisitharamaraju, eastgodavari, khammam"
2025-01-03,telangana,507166,507,1.0,1.0,2025.0,22.0,39.0,60.0,446.0,0.0,0.0,0.0,567.0,0.0,567.0,22.0,39.0,35241990,17684227,17557762,3809500,21065316,14176673,16426210,10077331,6348879,18815779,1.6088762297475257e-05,28.037533512064346,True,"bhadradrikothagudem, khammam"
2025-01-03,uttarpradesh,202126,202,1.0,1.0,2025.0,358.0,97.0,56.0,1132.0,0.0,0.0,0.0,1643.0,0.0,1643.0,358.0,97.0,199812341,104480510,95331831,30791331,114397555,85414786,65814715,49846762,15967953,133997626,8.22271533268308e-06,28.03366382291907,True,aligarh
2025-01-03,rajasthan,305408,305,1.0,1.0,2025.0,30.0,59.0,15.0,550.0,0.0,0.0,0.0,654.0,0.0,654.0,30.0,59.0,68548437,35550997,32997440,10649504,38275282,30273155,29886255,18297076,11589179,38662182,9.540698936724115e-06,28.022684310018903,True,ajmer
2025-01-07,madhyapradesh,464228,464,1.0,1.0,2025.0,4029.0,2342.0,359.0,1268.0,0.0,0.0,0.0,7998.0,0.0,7998.0,4029.0,2342.0,72626809,37612306,35014503,10809395,42851169,29775640,31574133,20146970,11427163,41052676,0.00011012462353949765,28.012048192771086,True,"vidisha, raisen"
2025-01-03,rajasthan,321026,321,1.0,1.0,2025.0,44.0,103.0,40.0,509.0,0.0,0.0,0.0,696.0,0.0,696.0,44.0,103.0,68548437,35550997,32997440,10649504,38275282,30273155,29886255,18297076,11589179,38662182,1.0153404373027499e-05,28.01117942984908,True,"bharatpur, deeg"
2025-03-01,jharkhand,815351,815,3.0,1.0,2025.0,0.0,0.0,90.0,2972.0,0.0,0.0,0.0,3062.0,0.0,3062.0,0.0,0.0,32988134,16930315,16057819,5389495,18328069,14660065,13098274,8424769,4673505,19889860,9.282125506098648e-05,28.00254032770227,True,"deoghar, jamtara"
2025-01-03,bihar,854102,854,1.0,1.0,2025.0,683.0,801.0,83.0,1071.0,0.0,0.0,0.0,2638.0,0.0,2638.0,683.0,801.0,104099452,54278157,49821295,19133964,52504553,51594899,34724987,25222189,9502798,69374465,2.5341151651787753e-05,28.001929969671906,True,"araria, purnia"
2025-01-03,uttarpradesh,276124,276,1.0,1.0,2025.0,157.0,103.0,69.0,647.0,0.0,0.0,0.0,976.0,0.0,976.0,157.0,103.0,199812341,104480510,95331831,30791331,114397555,85414786,65814715,49846762,15967953,133997626,4.884583179974854e-06,28.00110344827586,True,"azamgarh, mau"
2025-01-03,telangana,507111,507,1.0,1.0,2025.0,16.0,56.0,53.0,346.0,0.0,0.0,0.0,471.0,0.0,471.0,16.0,56.0,35241990,17684227,17557762,3809500,21065316,14176673,16426210,10077331,6348879,18815779,1.336473905134188e-05,27.984272608125824,True,"bhadradrikothagudem, khammam"
2025-01-07,telangana,509125,509,1.0,1.0,2025.0,190.0,240.0,369.0,1914.0,0.0,0.0,0.0,2713.0,0.0,2713.0,190.0,240.0,35241990,17684227,17557762,3809500,21065316,14176673,16426210,10077331,6348879,18815779,7.698203194541512e-05,27.955838284001892,True,"jogulambagadwal, mahabubnagar"
2025-01-03,rajasthan,322033,322,1.0,1.0,2025.0,95.0,153.0,55.0,252.0,0.0,0.0,0.0,555.0,0.0,555.0,95.0,153.0,68548437,35550997,32997440,10649504,38275282,30273155,29886255,18297076,11589179,38662182,8.096464694008998e-06,27.9530779164873,True,"karauli, sawaimadhopur"
2025-01-05,chhatisgarh,495449,495,1.0,1.0,2025.0,306.0,1028.0,68.0,1192.0,0.0,0.0,0.0,2594.0,0.0,2594.0,306.0,1028.0,25545198,12832895,12712303,3661689,15379922,10165276,12180225,7133866,5046359,13364973,0.00010154550377726569,27.93753365643511,True,"bilaspur, korba, gariyaband"
2025-01-03,bihar,841407,841,1.0,1.0,2025.0,131.0,211.0,55.0,479.0,0.0,0.0,0.0,876.0,0.0,876.0,131.0,211.0,104099452,54278157,49821295,19133964,52504553,51594899,34724987,25222189,9502798,69374465,8.415029888918148e-06,27.933411488862838,True,"gopalganj, siwan"
2025-01-03,westbengal,713212,713,1.0,1.0,2025.0,159.0,265.0,49.0,764.0,0.0,0.0,0.0,1237.0,0.0,1237.0,159.0,265.0,91276115,46809027,44467088,10581466,61538281,29737834,34756355,26716047,8040308,56519760,1.3552285830745535e-05,27.93040037243948,True,"paschimbardhaman, purbabardhaman"
2025-01-03,rajasthan,305407,305,1.0,1.0,2025.0,122.0,184.0,54.0,1174.0,0.0,0.0,0.0,1534.0,0.0,1534.0,122.0,184.0,68548437,35550997,32997440,10649504,38275282,30273155,29886255,18297076,11589179,38662182,2.237833664974739e-05,27.928804347826087,True,ajmer
2025-01-07,madhyapradesh,475110,475,1.0,1.0,2025.0,1728.0,1897.0,243.0,1528.0,363.0,518.0,32.0,5396.0,913.0,5.903719912472647,3.3294797687861273,57.484848484848484,72626809,37612306,35014503,10809395,42851169,29775640,31574133,20146970,11427163,41052676,7.429763298563758e-05,27.902255983160206,True,"gwalior, shivpuri"
2025-01-05,tamilnadu,641201,641,1.0,1.0,2025.0,247.0,1586.0,0.0,0.0,0.0,0.0,0.0,1833.0,0.0,1833.0,247.0,1586.0,72147030,36137975,36009055,7423832,51837507,20309523,32884681,21434978,11449703,39262349,2.5406451242691488e-05,27.898798397863818,True,coimbatore
2025-01-03,tamilnadu,600016,600,1.0,1.0,2025.0,142.0,262.0,54.0,428.0,0.0,0.0,0.0,886.0,0.0,886.0,142.0,262.0,72147030,36137975,36009055,7423832,51837507,20309523,32884681,21434978,11449703,39262349,1.2280477796521909e-05,27.883986423943227,True,"chennai, kancheepuram"
2025-01-03,westbengal,700055,700,1.0,1.0,2025.0,43.0,130.0,12.0,407.0,0.0,0.0,0.0,592.0,0.0,592.0,43.0,130.0,91276115,46809027,44467088,10581466,61538281,29737834,34756355,26716047,8040308,56519760,6.4858150459186395e-06,27.875058275058276,True,"northtwentyfourparganas, kolkata"
2025-01-03,andhrapradesh,515631,515,1.0,1.0,2025.0,181.0,69.0,28.0,264.0,0.0,0.0,0.0,542.0,0.0,542.0,181.0,69.0,49338786,24757918,24580868,5333301,29491443,19847343,22996695,14108263,8888431,26342091,1.0985272316996207e-05,27.86833253243633,True,"ananthapuram, srisathyasai"
2025-01-03,rajasthan,328023,328,1.0,1.0,2025.0,254.0,232.0,96.0,2176.0,0.0,0.0,0.0,2758.0,0.0,2758.0,254.0,232.0,68548437,35550997,32997440,10649504,38275282,30273155,29886255,18297076,11589179,38662182,4.0234323650588854e-05,27.862664714494876,True,dholpur
2025-01-03,jammuandkashmir,184121,184,1.0,1.0,2025.0,146.0,287.0,42.0,350.0,0.0,0.0,0.0,825.0,0.0,825.0,146.0,287.0,12267013,6483906,12423769,6608718,12361296,6546379,12414350,6547558,12507454,6493325,6.725353596674268e-05,27.86144578313253,True,"jammu, samba, udhampur, kathua"
2025-01-05,gujarat,380026,380,1.0,1.0,2025.0,1054.0,1789.0,292.0,1940.0,121.0,47.0,12.0,5075.0,180.0,28.03867403314917,21.958333333333332,137.6153846153846,60439692,31491260,28948432,7777262,41093358,19346334,24767747,18000914,6766833,35671945,8.396799904274826e-05,27.851195357345613,True,ahmedabad
2025-01-04,assam,781325,781,1.0,1.0,2025.0,559.0,61.0,0.0,0.0,63.0,17.0,11.0,620.0,91.0,6.739130434782608,31.055555555555557,5.083333333333333,31205576,15939443,15266133,4638130,19177977,12027599,11969690,8541560,3428130,19235886,1.9868244059971845e-05,27.849978194505017,True,"barpeta, bajali, baksa"
2025-01-03,telangana,500016,500,1.0,1.0,2025.0,148.0,151.0,76.0,356.0,0.0,0.0,0.0,731.0,0.0,731.0,148.0,151.0,35241990,17684227,17557762,3809500,21065316,14176673,16426210,10077331,6348879,18815779,2.0742302009619775e-05,27.837799717912553,True,"hyderabad, medchalmalkajgiri"
2025-01-04,andhrapradesh,515641,515,1.0,1.0,2025.0,680.0,86.0,0.0,0.0,0.0,0.0,0.0,766.0,0.0,766.0,680.0,86.0,49338786,24757918,24580868,5333301,29491443,19847343,22996695,14108263,8888431,26342091,1.5525311060551833e-05,27.814409221902014,True,"ananthapuram, srisathyasai"
2025-01-03,assam,785670,785,1.0,1.0,2025.0,22.0,26.0,22.0,225.0,0.0,0.0,0.0,295.0,0.0,295.0,22.0,26.0,31205576,15939443,15266133,4638130,19177977,12027599,11969690,8541560,3428130,19235886,9.453438705954345e-06,27.787096774193547,True,"charaideo, dibrugarh, sibsagar"
2025-01-05,uttarpradesh,245101,245,1.0,1.0,2025.0,2284.0,1164.0,513.0,3936.0,681.0,450.0,11.0,7897.0,1142.0,6.909011373578303,5.06430155210643,97.0,199812341,104480510,95331831,30791331,114397555,85414786,65814715,49846762,15967953,133997626,3.9522083373218674e-05,27.782985677644866,True,"ghaziabad, hapur, gautambuddhanagar"
2025-01-03,jharkhand,822120,822,1.0,1.0,2025.0,683.0,1178.0,0.0,0.0,0.0,0.0,0.0,1861.0,0.0,1861.0,683.0,1178.0,32988134,16930315,16057819,5389495,18328069,14660065,13098274,8424769,4673505,19889860,5.641422458148133e-05,27.781799591002045,True,"garhwa, palamu"
2025-01-03,ladakh,194201,194,1.0,1.0,2025.0,33.0,60.0,69.0,184.0,0.0,0.0,0.0,346.0,0.0,346.0,33.0,60.0,274289,156756,117533,31944,180006,94283,126952,93104,33848,147337,0.0012614432222947329,27.755697356426616,True,leh
2025-01-03,tamilnadu,613402,613,1.0,1.0,2025.0,87.0,169.0,30.0,328.0,0.0,0.0,0.0,614.0,0.0,614.0,87.0,169.0,72147030,36137975,36009055,7423832,51837507,20309523,32884681,21434978,11449703,39262349,8.510398834158523e-06,27.74010246856078,True,"thanjavur, pudukkottai"
2025-01-03,telangana,505162,505,1.0,1.0,2025.0,48.0,496.0,0.0,0.0,0.0,0.0,0.0,544.0,0.0,544.0,48.0,496.0,35241990,17684227,17557762,3809500,21065316,14176673,16426210,10077331,6348879,18815779,1.5436131728089136e-05,27.718095238095238,True,"karimnagar, peddapalli"
2025-01-03,westbengal,743711,743,1.0,1.0,2025.0,55.0,97.0,24.0,488.0,0.0,0.0,0.0,664.0,0.0,664.0,55.0,97.0,91276115,46809027,44467088,10581466,61538281,29737834,34756355,26716047,8040308,56519760,7.274630389341176e-06,27.717245581962217,True,"northtwentyfourparganas, nadia"
2025-01-07,assam,788161,788,1.0,1.0,2025.0,325.0,98.0,76.0,703.0,277.0,88.0,20.0,1202.0,385.0,3.1139896373056994,3.651685393258427,4.666666666666667,31205576,15939443,15266133,4638130,19177977,12027599,11969690,8541560,3428130,19235886,3.851875703239703e-05,27.66267339218159,True,"hailakandi, cachar"
2025-03-01,rajasthan,313604,313,3.0,1.0,2025.0,0.0,0.0,57.0,2898.0,0.0,0.0,0.0,2955.0,0.0,2955.0,0.0,0.0,68548437,35550997,32997440,10649504,38275282,30273155,29886255,18297076,11589179,38662182,4.31082039113452e-05,27.658827658827658,True,"udaipur, pratapgarh"
2025-01-07,uttarpradesh,210431,210,1.0,1.0,2025.0,2211.0,510.0,0.0,0.0,0.0,0.0,0.0,2721.0,0.0,2721.0,2211.0,510.0,199812341,104480510,95331831,30791331,114397555,85414786,65814715,49846762,15967953,133997626,1.3617777492532356e-05,27.65436066712995,True,"hamirpur, mahoba"
2025-03-01,rajasthan,328029,328,3.0,1.0,2025.0,0.0,0.0,94.0,1812.0,0.0,0.0,0.0,1906.0,0.0,1906.0,0.0,0.0,68548437,35550997,32997440,10649504,38275282,30273155,29886255,18297076,11589179,38662182,2.7805156228434502e-05,27.652656283336892,True,dholpur
2025-01-03,jharkhand,829111,829,1.0,1.0,2025.0,152.0,288.0,35.0,1198.0,0.0,0.0,0.0,1673.0,0.0,1673.0,152.0,288.0,32988134,16930315,16057819,5389495,18328069,14660065,13098274,8424769,4673505,19889860,5.071520565546387e-05,27.639839509086617,True,bokaro
2025-01-03,bihar,804454,804,1.0,1.0,2025.0,106.0,163.0,39.0,383.0,0.0,0.0,0.0,691.0,0.0,691.0,106.0,163.0,104099452,54278157,49821295,19133964,52504553,51594899,34724987,25222189,9502798,69374465,6.637883165801872e-06,27.631932282545243,True,"jehanabad, patna"
2025-01-05,madhyapradesh,484334,484,1.0,1.0,2025.0,870.0,676.0,140.0,677.0,0.0,0.0,0.0,2363.0,0.0,2363.0,870.0,676.0,72626809,37612306,35014503,10809395,42851169,29775640,31574133,20146970,11427163,41052676,3.253619472666078e-05,27.614357262103507,True,"anuppur, shahdol, sidhi"
2025-01-04,jammuandkashmir,193224,193,1.0,1.0,2025.0,902.0,1226.0,698.0,3103.0,0.0,0.0,0.0,5929.0,0.0,5929.0,902.0,1226.0,12267013,6483906,12423769,6608718,12361296,6546379,12414350,6547558,12507454,6493325,0.0004833287451476574,27.60472751149048,True,kupwara
2025-01-07,telangana,502220,502,1.0,1.0,2025.0,102.0,115.0,111.0,468.0,0.0,0.0,0.0,796.0,0.0,796.0,102.0,115.0,35241990,17684227,17557762,3809500,21065316,14176673,16426210,10077331,6348879,18815779,2.2586692749189247e-05,27.599266544424072,True,"medak, sangareddy"
2025-01-03,rajasthan,304507,304,1.0,1.0,2025.0,63.0,136.0,36.0,738.0,0.0,0.0,0.0,973.0,0.0,973.0,63.0,136.0,68548437,35550997,32997440,10649504,38275282,30273155,29886255,18297076,11589179,38662182,1.4194342607695052e-05,27.576407506702413,True,tonk
2025-01-03,jharkhand,828116,828,1.0,1.0,2025.0,238.0,590.0,42.0,1826.0,0.0,0.0,0.0,2696.0,0.0,2696.0,238.0,590.0,32988134,16930315,16057819,5389495,18328069,14660065,13098274,8424769,4673505,19889860,8.172635651352695e-05,27.565720435893986,True,"dhanbad, bokaro"
2025-01-03,telangana,505188,505,1.0,1.0,2025.0,81.0,251.0,18.0,122.0,0.0,0.0,0.0,472.0,0.0,472.0,81.0,251.0,35241990,17684227,17557762,3809500,21065316,14176673,16426210,10077331,6348879,18815779,1.3393114293489102e-05,27.55215311004785,True,"karimnagar, peddapalli"
2025-01-03,telangana,503301,503,1.0,1.0,2025.0,92.0,371.0,0.0,0.0,0.0,0.0,0.0,463.0,0.0,463.0,92.0,371.0,35241990,17684227,17557762,3809500,21065316,14176673,16426210,10077331,6348879,18815779,1.3137737114164098e-05,27.54586018839861,True,"kamareddy, nizamabad"
2025-01-03,andhrapradesh,531084,531,1.0,1.0,2025.0,225.0,69.0,23.0,277.0,0.0,0.0,0.0,594.0,0.0,594.0,225.0,69.0,49338786,24757918,24580868,5333301,29491443,19847343,22996695,14108263,8888431,26342091,1.2039209882464477e-05,27.542232722976966,True,"allurisitharamaraju, visakhapatnam, anakapalli"
2025-01-03,tamilnadu,636806,636,1.0,1.0,2025.0,367.0,183.0,15.0,219.0,0.0,0.0,0.0,784.0,0.0,784.0,367.0,183.0,72147030,36137975,36009055,7423832,51837507,20309523,32884681,21434978,11449703,39262349,1.0866698185635639e-05,27.517095310136156,True,"dharmapuri, krishnagiri"
2025-01-03,jharkhand,828402,828,1.0,1.0,2025.0,208.0,502.0,49.0,1769.0,0.0,0.0,0.0,2528.0,0.0,2528.0,208.0,502.0,32988134,16930315,16057819,5389495,18328069,14660065,13098274,8424769,4673505,19889860,7.663361619666029e-05,27.4996114996115,True,dhanbad
2025-01-03,telangana,509216,509,1.0,1.0,2025.0,94.0,193.0,136.0,788.0,0.0,0.0,0.0,1211.0,0.0,1211.0,94.0,193.0,35241990,17684227,17557762,3809500,21065316,14176673,16426210,10077331,6348879,18815779,3.4362418240286656e-05,27.487122192167472,True,"mahabubnagar, rangareddy, kvrangareddy"
2025-01-03,himachalpradesh,173022,173,1.0,1.0,2025.0,246.0,368.0,86.0,284.0,0.0,0.0,0.0,984.0,0.0,984.0,246.0,368.0,6864602,3481873,3382729,777898,5039736,1824866,3559422,2043373,1516049,3305180,0.0001433440715135415,27.45634563456346,True,sirmaur
2025-01-03,karnataka,587118,587,1.0,1.0,2025.0,294.0,164.0,325.0,260.0,0.0,0.0,0.0,1043.0,0.0,1043.0,294.0,164.0,61095297,30966657,30128640,7161033,40647322,20447975,27872597,18270116,9602481,33222700,1.7071690477255558e-05,27.43747747747748,True,bagalkot
2025-03-01,rajasthan,343049,343,3.0,1.0,2025.0,0.0,0.0,16.0,939.0,0.0,0.0,0.0,955.0,0.0,955.0,0.0,0.0,68548437,35550997,32997440,10649504,38275282,30273155,29886255,18297076,11589179,38662182,1.393175456356503e-05,27.43646408839779,True,jalor
2025-01-03,tamilnadu,630611,630,1.0,1.0,2025.0,257.0,463.0,33.0,539.0,0.0,0.0,0.0,1292.0,0.0,1292.0,257.0,463.0,72147030,36137975,36009055,7423832,51837507,20309523,32884681,21434978,11449703,39262349,1.790787507122608e-05,27.433155080213904,True,"sivaganga, virudhunagar"
2025-03-01,ladakh,194103,194,3.0,1.0,2025.0,0.0,0.0,108.0,247.0,0.0,0.0,0.0,355.0,0.0,355.0,0.0,0.0,274289,156756,117533,31944,180006,94283,126952,93104,33848,147337,0.0012942553292330352,27.428256070640177,True,kargil
2025-01-04,mizoram,796501,796,1.0,1.0,2025.0,473.0,100.0,0.0,0.0,0.0,0.0,0.0,573.0,0.0,573.0,473.0,100.0,1097206,555339,541867,168531,848175,249031,486705,290740,195965,610501,0.0005222355692549986,27.421734795613162,True,mamit
2025-01-03,rajasthan,326036,326,1.0,1.0,2025.0,135.0,217.0,77.0,1241.0,0.0,0.0,0.0,1670.0,0.0,1670.0,135.0,217.0,68548437,35550997,32997440,10649504,38275282,30273155,29886255,18297076,11589179,38662182,2.436233520539644e-05,27.401006344344783,True,"jhalawar, baran"
2025-01-03,uttarpradesh,271401,271,1.0,1.0,2025.0,683.0,221.0,64.0,1398.0,0.0,0.0,0.0,2366.0,0.0,2366.0,683.0,221.0,199812341,104480510,95331831,30791331,114397555,85414786,65814715,49846762,15967953,133997626,1.1841110454734125e-05,27.39277691377225,True,gonda
2025-01-03,rajasthan,343042,343,1.0,1.0,2025.0,119.0,303.0,40.0,1124.0,0.0,0.0,0.0,1586.0,0.0,1586.0,119.0,303.0,68548437,35550997,32997440,10649504,38275282,30273155,29886255,18297076,11589179,38662182,2.3136924332789675e-05,27.364216497281966,True,jalor
2025-01-04,haryana,121004,121,1.0,1.0,2025.0,2200.0,2467.0,1045.0,5354.0,1047.0,215.0,15.0,11066.0,1277.0,8.658841940532081,10.185185185185185,154.1875,25351462,13494734,11856728,3380721,16598988,8752474,8916508,6806636,2109872,16434954,0.0004365034253251351,27.357455099133908,True,"faridabad, palwal"
2025-01-07,jammuandkashmir,182144,182,1.0,1.0,2025.0,649.0,310.0,0.0,0.0,0.0,0.0,0.0,959.0,0.0,959.0,649.0,310.0,12267013,6483906,12423769,6608718,12361296,6546379,12414350,6547558,12507454,6493325,7.81771405964924e-05,27.351957919345413,True,"ramban, reasi, doda, udhampur"
2025-01-03,mizoram,796471,796,1.0,1.0,2025.0,870.0,167.0,0.0,0.0,0.0,0.0,0.0,1037.0,0.0,1037.0,870.0,167.0,1097206,555339,541867,168531,848175,249031,486705,290740,195965,610501,0.0009451278975871441,27.3448275862069,True,mamit
2025-01-03,rajasthan,323803,323,1.0,1.0,2025.0,147.0,276.0,62.0,1763.0,0.0,0.0,0.0,2248.0,0.0,2248.0,147.0,276.0,68548437,35550997,32997440,10649504,38275282,30273155,29886255,18297076,11589179,38662182,3.279432906690491e-05,27.344183655987663,True,bundi
2025-01-07,madhyapradesh,451442,451,1.0,1.0,2025.0,836.0,835.0,0.0,0.0,0.0,0.0,0.0,1671.0,0.0,1671.0,836.0,835.0,72626809,37612306,35014503,10809395,42851169,29775640,31574133,20146970,11427163,41052676,2.3008032750000073e-05,27.341324200913242,True,"barwani, khargone"
2025-01-03,bihar,813201,813,1.0,1.0,2025.0,216.0,307.0,20.0,448.0,0.0,0.0,0.0,991.0,0.0,991.0,216.0,307.0,104099452,54278157,49821295,19133964,52504553,51594899,34724987,25222189,9502798,69374465,9.519742716801238e-06,27.341239109390127,True,"bhagalpur, munger, banka"
2025-01-05,madhyapradesh,450661,450,1.0,1.0,2025.0,777.0,874.0,0.0,0.0,47.0,21.0,10.0,1651.0,78.0,20.89873417721519,35.31818181818182,79.45454545454545,72626809,37612306,35014503,10809395,42851169,29775640,31574133,20146970,11427163,41052676,2.2732652346050342e-05,27.329674159261195,True,"burhanpur, khandwa, khargone, barwani"
2025-01-03,uttarpradesh,273305,273,1.0,1.0,2025.0,354.0,216.0,111.0,2474.0,0.0,0.0,0.0,3155.0,0.0,3155.0,354.0,216.0,199812341,104480510,95331831,30791331,114397555,85414786,65814715,49846762,15967953,133997626,1.5789815504939207e-05,27.328019081094652,True,"maharajganj, mahrajganj"
2025-01-03,bihar,824118,824,1.0,1.0,2025.0,523.0,852.0,162.0,1149.0,0.0,0.0,0.0,2686.0,0.0,2686.0,523.0,852.0,104099452,54278157,49821295,19133964,52504553,51594899,34724987,25222189,9502798,69374465,2.5802249179947653e-05,27.32487779098956,True,gaya
2025-03-01,meghalaya,794103,794,3.0,1.0,2025.0,0.0,0.0,31.0,774.0,0.0,0.0,0.0,805.0,0.0,805.0,0.0,0.0,2966889,1491832,1475057,568536,1785005,1181884,1185619,703709,481910,1781270,0.0002713279802513677,27.321477056747216,True,"southgarohills, westgarohills, southwestgarohills"
2025-01-07,telangana,500078,500,1.0,1.0,2025.0,250.0,289.0,0.0,0.0,0.0,0.0,0.0,539.0,0.0,539.0,250.0,289.0,35241990,17684227,17557762,3809500,21065316,14176673,16426210,10077331,6348879,18815779,1.529425551735302e-05,27.320952589032117,True,"hyderabad, rangareddy, medchalmalkajgiri, kvrangareddy"
2025-03-01,rajasthan,325222,325,3.0,1.0,2025.0,0.0,0.0,47.0,1317.0,0.0,0.0,0.0,1364.0,0.0,1364.0,0.0,0.0,68548437,35550997,32997440,10649504,38275282,30273155,29886255,18297076,11589179,38662182,1.9898338455186076e-05,27.320176730486008,True,baran
2025-03-01,rajasthan,343027,343,3.0,1.0,2025.0,0.0,0.0,66.0,1629.0,0.0,0.0,0.0,1695.0,0.0,1695.0,0.0,0.0,68548437,35550997,32997440,10649504,38275282,30273155,29886255,18297076,11589179,38662182,2.4727040822243693e-05,27.31982500575639,True,jalor
2025-01-03,telangana,507115,507,1.0,1.0,2025.0,124.0,120.0,104.0,883.0,0.0,0.0,0.0,1231.0,0.0,1231.0,124.0,120.0,35241990,17684227,17557762,3809500,21065316,14176673,16426210,10077331,6348879,18815779,3.492992308323111e-05,27.314634754425327,True,"bhadradrikothagudem, khammam"
2025-01-03,tamilnadu,605802,605,1.0,1.0,2025.0,609.0,143.0,0.0,0.0,0.0,0.0,0.0,752.0,0.0,752.0,609.0,143.0,72147030,36137975,36009055,7423832,51837507,20309523,32884681,21434978,11449703,39262349,1.0423159484181122e-05,27.30408472012103,True,"viluppuram, kallakurichi"
2025-01-03,rajasthan,313803,313,1.0,1.0,2025.0,247.0,315.0,110.0,2923.0,0.0,0.0,0.0,3595.0,0.0,3595.0,247.0,315.0,68548437,35550997,32997440,10649504,38275282,30273155,29886255,18297076,11589179,38662182,5.2444667702634856e-05,27.29478433098592,True,udaipur
2025-01-04,assam,781318,781,1.0,1.0,2025.0,657.0,66.0,0.0,0.0,0.0,0.0,0.0,723.0,0.0,723.0,657.0,66.0,31205576,15939443,15266133,4638130,19177977,12027599,11969690,8541560,3428130,19235886,2.3168936218322006e-05,27.2726582278481,True,"baksa, barpeta, bajali"
2025-01-03,telangana,500089,500,1.0,1.0,2025.0,175.0,305.0,143.0,947.0,0.0,0.0,0.0,1570.0,0.0,1570.0,175.0,305.0,35241990,17684227,17557762,3809500,21065316,14176673,16426210,10077331,6348879,18815779,4.45491301711396e-05,27.272391277565603,True,"rangareddy, kvrangareddy, hyderabad"
2025-01-07,manipur,795009,795,1.0,1.0,2025.0,1828.0,734.0,0.0,0.0,0.0,0.0,0.0,2562.0,0.0,2562.0,1828.0,734.0,2855794,1438586,1417208,375357,1908476,947318,1304610,739408,565202,1551184,0.0008971235320194663,27.239220318960424,True,imphalwest
2025-01-03,jharkhand,814157,814,1.0,1.0,2025.0,141.0,210.0,45.0,1187.0,0.0,0.0,0.0,1583.0,0.0,1583.0,141.0,210.0,32988134,16930315,16057819,5389495,18328069,14660065,13098274,8424769,4673505,19889860,4.79869519142853e-05,27.21900452488688,True,deoghar
2025-03-01,telangana,500084,500,3.0,1.0,2025.0,0.0,0.0,104.0,792.0,0.0,0.0,0.0,896.0,0.0,896.0,0.0,0.0,35241990,17684227,17557762,3809500,21065316,14176673,16426210,10077331,6348879,18815779,2.5424216963911517e-05,27.20647773279352,True,"rangareddy, hyderabad, kvrangareddy"
2025-01-04,chhatisgarh,493889,493,1.0,1.0,2025.0,179.0,1083.0,0.0,0.0,0.0,0.0,0.0,1262.0,0.0,1262.0,179.0,1083.0,25545198,12832895,12712303,3661689,15379922,10165276,12180225,7133866,5046359,13364973,4.940263136735131e-05,27.204175704989154,True,"gariyaband, raipur, dhamtari"
2025-01-03,rajasthan,344043,344,1.0,1.0,2025.0,84.0,173.0,38.0,1343.0,0.0,0.0,0.0,1638.0,0.0,1638.0,84.0,173.0,68548437,35550997,32997440,10649504,38275282,30273155,29886255,18297076,11589179,38662182,2.389551201583196e-05,27.199261992619927,True,barmer
2025-01-07,chandigarh,160055,160,1.0,1.0,2025.0,754.0,96.0,0.0,0.0,0.0,0.0,0.0,850.0,0.0,850.0,754.0,96.0,1055450,580663,474787,119434,805438,250012,404136,328159,75977,651314,0.0008053436922639632,27.19573400250941,True,"chandigarh, rupnagar"
2025-01-03,bihar,804418,804,1.0,1.0,2025.0,207.0,386.0,38.0,769.0,0.0,0.0,0.0,1400.0,0.0,1400.0,207.0,386.0,104099452,54278157,49821295,19133964,52504553,51594899,34724987,25222189,9502798,69374465,1.3448677904663706e-05,27.19475277497477,True,"jehanabad, arwal"
2025-01-03,jharkhand,828113,828,1.0,1.0,2025.0,486.0,1056.0,91.0,2678.0,0.0,0.0,0.0,4311.0,0.0,4311.0,486.0,1056.0,32988134,16930315,16057819,5389495,18328069,14660065,13098274,8424769,4673505,19889860,0.00013068335420245354,27.19286269765834,True,"dhanbad, bokaro"
2025-01-03,karnataka,583220,583,1.0,1.0,2025.0,80.0,72.0,31.0,163.0,0.0,0.0,0.0,346.0,0.0,346.0,80.0,72.0,61095297,30966657,30128640,7161033,40647322,20447975,27872597,18270116,9602481,33222700,5.663283705781805e-06,27.180467091295117,True,"ballari, vijayanagara"
2025-01-03,uttarpradesh,209204,209,1.0,1.0,2025.0,237.0,97.0,65.0,670.0,0.0,0.0,0.0,1069.0,0.0,1069.0,237.0,97.0,199812341,104480510,95331831,30791331,114397555,85414786,65814715,49846762,15967953,133997626,5.35001989691918e-06,27.179697954502004,True,"kanpurdehat, kanpurnagar"
2025-03-01,uttarpradesh,271870,271,3.0,1.0,2025.0,0.0,0.0,75.0,1414.0,0.0,0.0,0.0,1489.0,0.0,1489.0,0.0,0.0,199812341,104480510,95331831,30791331,114397555,85414786,65814715,49846762,15967953,133997626,7.451992166990326e-06,27.179675793488624,True,"bahraich, shrawasti"
2025-01-03,tamilnadu,635116,635,1.0,1.0,2025.0,317.0,169.0,32.0,358.0,0.0,0.0,0.0,876.0,0.0,876.0,317.0,169.0,72147030,36137975,36009055,7423832,51837507,20309523,32884681,21434978,11449703,39262349,1.2141871952317373e-05,27.175182481751825,True,"dharmapuri, krishnagiri"
2025-01-07,uttarpradesh,202001,202,1.0,1.0,2025.0,5082.0,3522.0,1067.0,11142.0,1436.0,1351.0,58.0,20813.0,2845.0,7.313070976809557,3.7588757396449703,59.69491525423729,199812341,104480510,95331831,30791331,114397555,85414786,65814715,49846762,15967953,133997626,0.00010416273537378755,27.16893188973355,True,"aligarh, hathras"
2025-01-03,jharkhand,822102,822,1.0,1.0,2025.0,309.0,426.0,53.0,1161.0,0.0,0.0,0.0,1949.0,0.0,1949.0,309.0,426.0,32988134,16930315,16057819,5389495,18328069,14660065,13098274,8424769,4673505,19889860,5.908185046174482e-05,27.166467542811628,True,palamu
2025-01-03,assam,785619,785,1.0,1.0,2025.0,47.0,28.0,24.0,496.0,0.0,0.0,0.0,595.0,0.0,595.0,47.0,28.0,31205576,15939443,15266133,4638130,19177977,12027599,11969690,8541560,3428130,19235886,1.9067105186585884e-05,27.127659574468083,True,golaghat
2025-01-03,tamilnadu,632311,632,1.0,1.0,2025.0,190.0,80.0,21.0,204.0,0.0,0.0,0.0,495.0,0.0,495.0,190.0,80.0,72147030,36137975,36009055,7423832,51837507,20309523,32884681,21434978,11449703,39262349,6.860989288124542e-06,27.126696832579185,True,"tiruvannamalai, vellore"
2025-01-04,delhi,110095,110,1.0,1.0,2025.0,1573.0,2051.0,0.0,0.0,0.0,0.0,0.0,3624.0,0.0,3624.0,1573.0,2051.0,16787941,8987326,7800615,2012454,12737767,4050174,5587049,4762026,825023,11200892,0.0002158692361380112,27.072873893039134,True,"eastdelhi, shahdara"
2025-01-03,tamilnadu,621215,621,1.0,1.0,2025.0,193.0,105.0,11.0,300.0,0.0,0.0,0.0,609.0,0.0,609.0,193.0,105.0,72147030,36137975,36009055,7423832,51837507,20309523,32884681,21434978,11449703,39262349,8.441095912056256e-06,27.071990558615266,True,"namakkal, tiruchirappalli"
2025-01-07,punjab,143105,143,1.0,1.0,2025.0,452.0,885.0,90.0,1310.0,0.0,0.0,0.0,2737.0,0.0,2737.0,452.0,885.0,27743338,14639465,13103873,3076219,18707137,9036201,9897362,8074157,1823205,17845976,9.865431477639785e-05,27.054009172860983,True,"amritsar, tarntaran"
2025-01-07,chandigarh,160047,160,1.0,1.0,2025.0,3607.0,639.0,258.0,1373.0,0.0,0.0,0.0,5877.0,0.0,5877.0,3607.0,639.0,1055450,580663,474787,119434,805438,250012,404136,328159,75977,651314,0.005568241034629779,27.044729414652103,True,chandigarh
2025-01-03,uttarpradesh,242303,242,1.0,1.0,2025.0,566.0,184.0,146.0,1712.0,0.0,0.0,0.0,2608.0,0.0,2608.0,566.0,184.0,199812341,104480510,95331831,30791331,114397555,85414786,65814715,49846762,15967953,133997626,1.3052246857965594e-05,27.042283867492593,True,shahjahanpur
2025-01-03,westbengal,700035,700,1.0,1.0,2025.0,45.0,117.0,16.0,396.0,0.0,0.0,0.0,574.0,0.0,574.0,45.0,117.0,91276115,46809027,44467088,10581466,61538281,29737834,34756355,26716047,8040308,56519760,6.288611210063005e-06,27.035324901875274,True,"northtwentyfourparganas, kolkata, bankura"
2025-03-01,assam,785614,785,3.0,1.0,2025.0,0.0,0.0,49.0,766.0,0.0,0.0,0.0,815.0,0.0,815.0,0.0,0.0,31205576,15939443,15266133,4638130,19177977,12027599,11969690,8541560,3428130,19235886,2.6117127272382345e-05,27.02937460518004,True,"golaghat, jorhat, majuli"
2025-01-03,telangana,505001,505,1.0,1.0,2025.0,611.0,743.0,320.0,1694.0,0.0,0.0,0.0,3368.0,0.0,3368.0,611.0,743.0,35241990,17684227,17557762,3809500,21065316,14176673,16426210,10077331,6348879,18815779,9.556781555184596e-05,27.01361899122571,True,karimnagar
2025-01-03,bihar,854201,854,1.0,1.0,2025.0,180.0,210.0,46.0,820.0,0.0,0.0,0.0,1256.0,0.0,1256.0,180.0,210.0,104099452,54278157,49821295,19133964,52504553,51594899,34724987,25222189,9502798,69374465,1.2065385320184011e-05,27.01315321720583,True,"araria, purnia"
2025-01-03,rajasthan,328027,328,1.0,1.0,2025.0,424.0,365.0,135.0,2945.0,0.0,0.0,0.0,3869.0,0.0,3869.0,424.0,365.0,68548437,35550997,32997440,10649504,38275282,30273155,29886255,18297076,11589179,38662182,5.6441841263280735e-05,27.009999999999998,True,dholpur
2025-01-03,westbengal,700156,700,1.0,1.0,2025.0,38.0,87.0,23.0,396.0,0.0,0.0,0.0,544.0,0.0,544.0,38.0,87.0,91276115,46809027,44467088,10581466,61538281,29737834,34756355,26716047,8040308,56519760,5.959938150303615e-06,27.00709219858156,True,"northtwentyfourparganas, southtwentyfourparganas"
2025-01-03,telangana,508238,508,1.0,1.0,2025.0,76.0,184.0,33.0,182.0,0.0,0.0,0.0,475.0,0.0,475.0,76.0,184.0,35241990,17684227,17557762,3809500,21065316,14176673,16426210,10077331,6348879,18815779,1.347824001993077e-05,27.001733102253034,True,"nalgonda, suryapet"
2025-01-03,rajasthan,311404,311,1.0,1.0,2025.0,281.0,353.0,59.0,2010.0,0.0,0.0,0.0,2703.0,0.0,2703.0,281.0,353.0,68548437,35550997,32997440,10649504,38275282,30273155,29886255,18297076,11589179,38662182,3.94319712935249e-05,27.000809935205183,True,bhilwara
2025-01-03,rajasthan,312602,312,1.0,1.0,2025.0,57.0,92.0,36.0,671.0,0.0,0.0,0.0,856.0,0.0,856.0,57.0,92.0,68548437,35550997,32997440,10649504,38275282,30273155,29886255,18297076,11589179,38662182,1.2487520320849912e-05,26.994913530010173,True,chittorgarh
2025-01-05,uttarpradesh,203131,203,1.0,1.0,2025.0,1545.0,530.0,429.0,3017.0,0.0,0.0,0.0,5521.0,0.0,5521.0,1545.0,530.0,199812341,104480510,95331831,30791331,114397555,85414786,65814715,49846762,15967953,133997626,2.7630925959673332e-05,26.98812849162011,True,"bulandshahr, gautambuddhanagar"
2025-01-06,tamilnadu,621716,621,1.0,1.0,2025.0,280.0,1050.0,0.0,0.0,0.0,0.0,0.0,1330.0,0.0,1330.0,280.0,1050.0,72147030,36137975,36009055,7423832,51837507,20309523,32884681,21434978,11449703,39262349,1.8434577279203315e-05,26.987785657998426,True,"ariyalur, perambalur"
2025-01-03,uttarpradesh,209503,209,1.0,1.0,2025.0,0.0,0.0,15.0,306.0,0.0,0.0,0.0,321.0,0.0,321.0,0.0,0.0,199812341,104480510,95331831,30791331,114397555,85414786,65814715,49846762,15967953,133997626,1.6065073778400904e-06,26.984238178633973,True,farrukhabad
2025-01-03,andhrapradesh,522402,522,1.0,1.0,2025.0,286.0,97.0,15.0,376.0,0.0,0.0,0.0,774.0,0.0,774.0,286.0,97.0,49338786,24757918,24580868,5333301,29491443,19847343,22996695,14108263,8888431,26342091,1.568745530139311e-05,26.982288445319092,True,"guntur, palnadu"
2025-03-01,telangana,500072,500,3.0,1.0,2025.0,0.0,0.0,204.0,1394.0,0.0,0.0,0.0,1598.0,0.0,1598.0,0.0,0.0,35241990,17684227,17557762,3809500,21065316,14176673,16426210,10077331,6348879,18815779,4.534363695126183e-05,26.98120420516088,True,"hyderabad, medchalmalkajgiri"
2025-01-07,telangana,500024,500,1.0,1.0,2025.0,231.0,297.0,76.0,578.0,205.0,87.0,10.0,1182.0,302.0,3.900990099009901,2.625,27.0,35241990,17684227,17557762,3809500,21065316,14176673,16426210,10077331,6348879,18815779,3.35395362180172e-05,26.959659574468084,True,hyderabad
2025-01-03,rajasthan,342301,342,1.0,1.0,2025.0,700.0,582.0,161.0,3108.0,0.0,0.0,0.0,4551.0,0.0,4551.0,700.0,582.0,68548437,35550997,32997440,10649504,38275282,30273155,29886255,18297076,11589179,38662182,6.639101049087378e-05,26.949703914481276,True,"jodhpur, jaisalmer"
2025-01-03,jharkhand,828207,828,1.0,1.0,2025.0,62.0,107.0,18.0,563.0,0.0,0.0,0.0,750.0,0.0,750.0,62.0,107.0,32988134,16930315,16057819,5389495,18328069,14660065,13098274,8424769,4673505,19889860,2.2735447843154754e-05,26.937618147448017,True,dhanbad
2025-01-03,bihar,824209,824,1.0,1.0,2025.0,309.0,561.0,114.0,877.0,0.0,0.0,0.0,1861.0,0.0,1861.0,309.0,561.0,104099452,54278157,49821295,19133964,52504553,51594899,34724987,25222189,9502798,69374465,1.7877135414699397e-05,26.935526315789474,True,gaya
2025-01-03,rajasthan,311402,311,1.0,1.0,2025.0,101.0,94.0,39.0,910.0,0.0,0.0,0.0,1144.0,0.0,1144.0,101.0,94.0,68548437,35550997,32997440,10649504,38275282,30273155,29886255,18297076,11589179,38662182,1.6688929026930255e-05,26.922519913106445,True,bhilwara
2025-01-03,andhrapradesh,515556,515,1.0,1.0,2025.0,220.0,26.0,0.0,0.0,0.0,0.0,0.0,246.0,0.0,246.0,220.0,26.0,49338786,24757918,24580868,5333301,29491443,19847343,22996695,14108263,8888431,26342091,4.985935405869127e-06,26.914660831509845,True,"ananthapuram, srisathyasai"
2025-01-07,maharashtra,410207,410,1.0,1.0,2025.0,273.0,300.0,0.0,0.0,0.0,0.0,0.0,573.0,0.0,573.0,273.0,300.0,112374333,58243056,54131277,13326517,81554290,30820043,49427878,32616875,16811003,62946455,5.099029152858242e-06,26.903837471783294,True,"raigarh, raigad"
2025-01-03,uttarpradesh,246763,246,1.0,1.0,2025.0,1440.0,668.0,265.0,2375.0,0.0,0.0,0.0,4748.0,0.0,4748.0,1440.0,668.0,199812341,104480510,95331831,30791331,114397555,85414786,65814715,49846762,15967953,133997626,2.3762296043566198e-05,26.897488232598825,True,bijnor
2025-01-03,karnataka,574153,574,1.0,1.0,2025.0,113.0,244.0,51.0,174.0,0.0,0.0,0.0,582.0,0.0,582.0,113.0,244.0,61095297,30966657,30128640,7161033,40647322,20447975,27872597,18270116,9602481,33222700,9.526101493540494e-06,26.88033589923023,True,dakshinakannada
2025-01-03,westbengal,731215,731,1.0,1.0,2025.0,96.0,155.0,36.0,364.0,0.0,0.0,0.0,651.0,0.0,651.0,96.0,155.0,91276115,46809027,44467088,10581466,61538281,29737834,34756355,26716047,8040308,56519760,7.132205396778774e-06,26.865876958349254,True,"birbhum, purbabardhaman, paschimbardhaman"
2025-01-03,meghalaya,793114,793,1.0,1.0,2025.0,77.0,169.0,92.0,703.0,0.0,0.0,0.0,1041.0,0.0,1041.0,77.0,169.0,2966889,1491832,1475057,568536,1785005,1181884,1185619,703709,481910,1781270,0.00035087258067288663,26.848769050410315,True,"southwestkhasihills, westkhasihills, eastkhasihills"
2025-01-04,uttarpradesh,247776,247,1.0,1.0,2025.0,1829.0,956.0,322.0,2620.0,374.0,151.0,12.0,5727.0,537.0,10.644981412639405,12.032894736842104,73.53846153846153,199812341,104480510,95331831,30791331,114397555,85414786,65814715,49846762,15967953,133997626,2.866189331118442e-05,26.846494123861085,True,"muzaffarnagar, shamli"
2025-01-03,uttarpradesh,273302,273,1.0,1.0,2025.0,275.0,338.0,157.0,1950.0,0.0,0.0,0.0,2720.0,0.0,2720.0,275.0,338.0,199812341,104480510,95331831,30791331,114397555,85414786,65814715,49846762,15967953,133997626,1.3612772796651234e-05,26.842105263157897,True,"maharajganj, gorakhpur, mahrajganj"
2025-01-03,telangana,509412,509,1.0,1.0,2025.0,133.0,252.0,104.0,265.0,0.0,0.0,0.0,754.0,0.0,754.0,133.0,252.0,35241990,17684227,17557762,3809500,21065316,14176673,16426210,10077331,6348879,18815779,2.1394932579005897e-05,26.822134387351777,True,"mahabubnagar, nagarkurnool"
2025-01-03,westbengal,700061,700,1.0,1.0,2025.0,85.0,139.0,36.0,624.0,0.0,0.0,0.0,884.0,0.0,884.0,85.0,139.0,91276115,46809027,44467088,10581466,61538281,29737834,34756355,26716047,8040308,56519760,9.684899494243374e-06,26.819750148721,True,"southtwentyfourparganas, kolkata"
2025-01-03,delhi,110003,110,1.0,1.0,2025.0,347.0,411.0,75.0,571.0,0.0,0.0,0.0,1404.0,0.0,1404.0,347.0,411.0,16787941,8987326,7800615,2012454,12737767,4050174,5587049,4762026,825023,11200892,8.363145903360037e-05,26.815825375170533,True,"centraldelhi, southdelhi, newdelhi"
2025-01-03,jharkhand,814114,814,1.0,1.0,2025.0,160.0,139.0,20.0,674.0,0.0,0.0,0.0,993.0,0.0,993.0,160.0,139.0,32988134,16930315,16057819,5389495,18328069,14660065,13098274,8424769,4673505,19889860,3.0101732944336895e-05,26.807649043869517,True,deoghar
2025-01-03,assam,781371,781,1.0,1.0,2025.0,30.0,10.0,10.0,143.0,0.0,0.0,0.0,193.0,0.0,193.0,30.0,10.0,31205576,15939443,15266133,4638130,19177977,12027599,11969690,8541560,3428130,19235886,6.184792102539623e-06,26.805555555555554,True,"nalbari, barpeta, baksa, bajali"
2025-01-03,telangana,509357,509,1.0,1.0,2025.0,86.0,111.0,33.0,216.0,0.0,0.0,0.0,446.0,0.0,446.0,86.0,111.0,35241990,17684227,17557762,3809500,21065316,14176673,16426210,10077331,6348879,18815779,1.2655357997661312e-05,26.805432937181664,True,"mahabubnagar, rangareddy, nagarkurnool, kvrangareddy"
2025-01-07,haryana,134118,134,1.0,1.0,2025.0,285.0,554.0,52.0,357.0,0.0,0.0,0.0,1248.0,0.0,1248.0,285.0,554.0,25351462,13494734,11856728,3380721,16598988,8752474,8916508,6806636,2109872,16434954,4.9227930128842275e-05,26.79905437352246,True,"ambala, panchkula"
2025-01-03,jharkhand,816117,816,1.0,1.0,2025.0,298.0,445.0,24.0,759.0,0.0,0.0,0.0,1526.0,0.0,1526.0,298.0,445.0,32988134,16930315,16057819,5389495,18328069,14660065,13098274,8424769,4673505,19889860,4.6259057878205536e-05,26.783677051338305,True,"dumka, pakur"
2025-01-03,telangana,506169,506,1.0,1.0,2025.0,19.0,43.0,38.0,466.0,0.0,0.0,0.0,566.0,0.0,566.0,19.0,43.0,35241990,17684227,17557762,3809500,21065316,14176673,16426210,10077331,6348879,18815779,1.6060387055328034e-05,26.781390430874964,True,"jayashankarbhupalpally, warangal, karimnagar"
2025-01-03,assam,788806,788,1.0,1.0,2025.0,60.0,63.0,42.0,332.0,0.0,0.0,0.0,497.0,0.0,497.0,60.0,63.0,31205576,15939443,15266133,4638130,19177977,12027599,11969690,8541560,3428130,19235886,1.5926640802912916e-05,26.780007432181346,True,"karimganj, cachar, sribhumi, hailakandi"
2025-01-03,jharkhand,828109,828,1.0,1.0,2025.0,1003.0,3512.0,200.0,5656.0,0.0,0.0,0.0,10371.0,0.0,10371.0,1003.0,3512.0,32988134,16930315,16057819,5389495,18328069,14660065,13098274,8424769,4673505,19889860,0.00031438577277514393,26.776347402015276,True,"dhanbad, bokaro"
2025-03-01,bihar,843132,843,3.0,1.0,2025.0,0.0,0.0,23.0,542.0,0.0,0.0,0.0,565.0,0.0,565.0,0.0,0.0,104099452,54278157,49821295,19133964,52504553,51594899,34724987,25222189,9502798,69374465,5.427502154382138e-06,26.77351916376307,True,muzaffarpur
2025-03-01,jharkhand,835301,835,3.0,1.0,2025.0,0.0,0.0,68.0,1828.0,0.0,0.0,0.0,1896.0,0.0,1896.0,0.0,0.0,32988134,16930315,16057819,5389495,18328069,14660065,13098274,8424769,4673505,19889860,5.747521214749522e-05,26.77278562259307,True,"lohardaga, ranchi"
2025-01-03,westbengal,700154,700,1.0,1.0,2025.0,52.0,126.0,21.0,544.0,0.0,0.0,0.0,743.0,0.0,743.0,52.0,126.0,91276115,46809027,44467088,10581466,61538281,29737834,34756355,26716047,8040308,56519760,8.140136113374239e-06,26.7433489827856,True,southtwentyfourparganas
2025-01-06,madhyapradesh,485881,485,1.0,1.0,2025.0,1478.0,793.0,263.0,622.0,0.0,0.0,0.0,3156.0,0.0,3156.0,1478.0,793.0,72626809,37612306,35014503,10809395,42851169,29775640,31574133,20146970,11427163,41052676,4.345502774326764e-05,26.74252511802445,True,"maihar, satna"
2025-01-07,punjab,152123,152,1.0,1.0,2025.0,891.0,1038.0,127.0,1228.0,0.0,0.0,0.0,3284.0,0.0,3284.0,891.0,1038.0,27743338,14639465,13103873,3076219,18707137,9036201,9897362,8074157,1823205,17845976,0.0001183707598559337,26.741057964895347,True,"fazilka, ferozepur"
2025-01-07,chandigarh,160023,160,1.0,1.0,2025.0,516.0,74.0,0.0,0.0,0.0,0.0,0.0,590.0,0.0,590.0,516.0,74.0,1055450,580663,474787,119434,805438,250012,404136,328159,75977,651314,0.0005590032687479274,26.73848439821694,True,chandigarh
2025-01-03,jharkhand,813208,813,1.0,1.0,2025.0,883.0,482.0,64.0,974.0,0.0,0.0,0.0,2403.0,0.0,2403.0,883.0,482.0,32988134,16930315,16057819,5389495,18328069,14660065,13098274,8424769,4673505,19889860,7.284437488946783e-05,26.73435253159767,True,"godda, sahibganj, dumka"
2025-01-06,chhatisgarh,491881,491,1.0,1.0,2025.0,854.0,1973.0,0.0,0.0,0.0,0.0,0.0,2827.0,0.0,2827.0,854.0,1973.0,25545198,12832895,12712303,3661689,15379922,10165276,12180225,7133866,5046359,13364973,0.0001106665918189399,26.719461549477302,True,"rajnandgaon, khairagarhchhuikhadangandai"
2025-01-03,rajasthan,341503,341,1.0,1.0,2025.0,404.0,641.0,198.0,3196.0,0.0,0.0,0.0,4439.0,0.0,4439.0,404.0,641.0,68548437,35550997,32997440,10649504,38275282,30273155,29886255,18297076,11589179,38662182,6.475712932739809e-05,26.71729509647725,True,nagaur
2025-01-05,delhi,110030,110,1.0,1.0,2025.0,605.0,1073.0,131.0,1223.0,0.0,0.0,0.0,3032.0,0.0,3032.0,605.0,1073.0,16787941,8987326,7800615,2012454,12737767,4050174,5587049,4762026,825023,11200892,0.0001806058289101683,26.6998186998187,True,"southdelhi, southwestdelhi"
2025-01-03,rajasthan,327032,327,1.0,1.0,2025.0,71.0,199.0,18.0,1805.0,0.0,0.0,0.0,2093.0,0.0,2093.0,71.0,199.0,68548437,35550997,32997440,10649504,38275282,30273155,29886255,18297076,11589179,38662182,3.053315424245195e-05,26.69849246231156,True,banswara
2025-01-03,andhrapradesh,515164,515,1.0,1.0,2025.0,157.0,41.0,16.0,12.0,0.0,0.0,0.0,226.0,0.0,226.0,157.0,41.0,49338786,24757918,24580868,5333301,29491443,19847343,22996695,14108263,8888431,26342091,4.580574803765946e-06,26.69291338582677,True,"ananthapuram, srisathyasai"
2025-03-01,rajasthan,313701,313,3.0,1.0,2025.0,0.0,0.0,226.0,2492.0,0.0,0.0,0.0,2718.0,0.0,2718.0,0.0,0.0,68548437,35550997,32997440,10649504,38275282,30273155,29886255,18297076,11589179,38662182,3.965079466363325e-05,26.690671031096564,True,"udaipur, rajsamand"
2025-01-03,bihar,811310,811,1.0,1.0,2025.0,383.0,749.0,84.0,965.0,0.0,0.0,0.0,2181.0,0.0,2181.0,383.0,749.0,104099452,54278157,49821295,19133964,52504553,51594899,34724987,25222189,9502798,69374465,2.0951118935765387e-05,26.687449015266285,True,"lakhisarai, jamui"
2025-01-03,rajasthan,311403,311,1.0,1.0,2025.0,167.0,125.0,55.0,1235.0,0.0,0.0,0.0,1582.0,0.0,1582.0,167.0,125.0,68548437,35550997,32997440,10649504,38275282,30273155,29886255,18297076,11589179,38662182,2.3078571434094113e-05,26.677908937605398,True,bhilwara
2025-01-03,telangana,500006,500,1.0,1.0,2025.0,478.0,513.0,300.0,1223.0,0.0,0.0,0.0,2514.0,0.0,2514.0,478.0,513.0,35241990,17684227,17557762,3809500,21065316,14176673,16426210,10077331,6348879,18815779,7.13353587581178e-05,26.677464395420273,True,hyderabad
2025-01-03,assam,782139,782,1.0,1.0,2025.0,70.0,75.0,51.0,459.0,0.0,0.0,0.0,655.0,0.0,655.0,70.0,75.0,31205576,15939443,15266133,4638130,19177977,12027599,11969690,8541560,3428130,19235886,2.0989838482712192e-05,26.675222450376452,True,"karbianglong, nagaon"
2025-01-03,bihar,854336,854,1.0,1.0,2025.0,530.0,636.0,51.0,606.0,0.0,0.0,0.0,1823.0,0.0,1823.0,530.0,636.0,104099452,54278157,49821295,19133964,52504553,51594899,34724987,25222189,9502798,69374465,1.751209987157281e-05,26.674987088999828,True,"araria, katihar, kishanganj"
2025-01-03,rajasthan,323802,323,1.0,1.0,2025.0,182.0,227.0,58.0,1534.0,0.0,0.0,0.0,2001.0,0.0,2001.0,182.0,227.0,68548437,35550997,32997440,10649504,38275282,30273155,29886255,18297076,11589179,38662182,2.9191037572454058e-05,26.664977477477475,True,bundi
2025-01-06,chhatisgarh,497442,497,1.0,1.0,2025.0,396.0,1901.0,0.0,0.0,0.0,0.0,0.0,2297.0,0.0,2297.0,396.0,1901.0,25545198,12832895,12712303,3661689,15379922,10165276,12180225,7133866,5046359,13364973,8.991905249667667e-05,26.654607508532425,True,"koriya, manendragarhchirmiribharatpur"
2025-01-03,karnataka,591112,591,1.0,1.0,2025.0,181.0,62.0,167.0,133.0,0.0,0.0,0.0,543.0,0.0,543.0,181.0,62.0,61095297,30966657,30128640,7161033,40647322,20447975,27872597,18270116,9602481,33222700,8.887754486241388e-06,26.652486910994764,True,belagavi
2025-01-03,madhyapradesh,484665,484,1.0,1.0,2025.0,178.0,299.0,108.0,1325.0,0.0,0.0,0.0,1910.0,0.0,1910.0,178.0,299.0,72626809,37612306,35014503,10809395,42851169,29775640,31574133,20146970,11427163,41052676,2.6298828577199363e-05,26.629807692307693,True,"umaria, shahdol"
2025-01-06,westbengal,713129,713,1.0,1.0,2025.0,214.0,255.0,39.0,544.0,0.0,0.0,0.0,1052.0,0.0,1052.0,214.0,255.0,91276115,46809027,44467088,10581466,61538281,29737834,34756355,26716047,8040308,56519760,1.152546862889596e-05,26.61878787878788,True,"birbhum, paschimbardhaman, purbabardhaman"
2025-01-06,telangana,509339,509,1.0,1.0,2025.0,345.0,234.0,0.0,0.0,0.0,0.0,0.0,579.0,0.0,579.0,345.0,234.0,35241990,17684227,17557762,3809500,21065316,14176673,16426210,10077331,6348879,18815779,1.6429265203241927e-05,26.61575532900834,True,"mahabubnagar, rangareddy, vikarabad, narayanpet, kvrangareddy"
2025-01-03,andhrapradesh,515571,515,1.0,1.0,2025.0,190.0,93.0,32.0,514.0,0.0,0.0,0.0,829.0,0.0,829.0,190.0,93.0,49338786,24757918,24580868,5333301,29491443,19847343,22996695,14108263,8888431,26342091,1.6802196957176855e-05,26.608951175406872,True,"ananthapuram, srisathyasai"
2025-01-03,rajasthan,306102,306,1.0,1.0,2025.0,169.0,365.0,57.0,1648.0,0.0,0.0,0.0,2239.0,0.0,2239.0,169.0,365.0,68548437,35550997,32997440,10649504,38275282,30273155,29886255,18297076,11589179,38662182,3.2663035044839896e-05,26.593089619003546,True,pali
2025-01-04,andhrapradesh,533401,533,1.0,1.0,2025.0,1264.0,223.0,0.0,0.0,0.0,0.0,0.0,1487.0,0.0,1487.0,1264.0,223.0,49338786,24757918,24580868,5333301,29491443,19847343,22996695,14108263,8888431,26342091,3.013856076637151e-05,26.587976159626848,True,"eastgodavari, kakinada"
2025-01-03,tamilnadu,627811,627,1.0,1.0,2025.0,165.0,373.0,108.0,264.0,0.0,0.0,0.0,910.0,0.0,910.0,165.0,373.0,72147030,36137975,36009055,7423832,51837507,20309523,32884681,21434978,11449703,39262349,1.2613131822612795e-05,26.58698539176627,True,"tenkasi, tirunelveli"
2025-01-03,gujarat,394730,394,1.0,1.0,2025.0,368.0,535.0,152.0,276.0,0.0,0.0,0.0,1331.0,0.0,1331.0,368.0,535.0,60439692,31491260,28948432,7777262,41093358,19346334,24767747,18000914,6766833,35671945,2.202195206421634e-05,26.582025677603426,True,"dang, navsari, tapi, surat"
2025-01-03,telangana,509327,509,1.0,1.0,2025.0,24.0,64.0,61.0,354.0,0.0,0.0,0.0,503.0,0.0,503.0,24.0,64.0,35241990,17684227,17557762,3809500,21065316,14176673,16426210,10077331,6348879,18815779,1.4272746800053006e-05,26.57807570977918,True,"mahabubnagar, rangareddy, kvrangareddy"
2025-01-05,madhyapradesh,451449,451,1.0,1.0,2025.0,844.0,488.0,159.0,743.0,190.0,77.0,11.0,2234.0,278.0,8.007168458781361,10.820512820512821,40.666666666666664,72626809,37612306,35014503,10809395,42851169,29775640,31574133,20146970,11427163,41052676,3.0759991121185016e-05,26.576309100152518,True,"barwani, khargone"
2025-01-03,assam,783345,783,1.0,1.0,2025.0,317.0,57.0,36.0,312.0,0.0,0.0,0.0,722.0,0.0,722.0,317.0,57.0,31205576,15939443,15266133,4638130,19177977,12027599,11969690,8541560,3428130,19235886,2.313689066338657e-05,26.57082340481864,True,"dhubri, kokrajhar"
2025-01-03,meghalaya,793102,793,1.0,1.0,2025.0,100.0,85.0,123.0,959.0,0.0,0.0,0.0,1267.0,0.0,1267.0,100.0,85.0,2966889,1491832,1475057,568536,1785005,1181884,1185619,703709,481910,1781270,0.00042704664717823954,26.561121698883746,True,"ribhoi, eastkhasihills"
2025-01-07,telangana,506002,506,1.0,1.0,2025.0,163.0,304.0,176.0,1481.0,0.0,0.0,0.0,2124.0,0.0,2124.0,163.0,304.0,35241990,17684227,17557762,3809500,21065316,14176673,16426210,10077331,6348879,18815779,6.026901432070096e-05,26.55,True,"hanumakonda, warangal"
2025-01-03,jharkhand,816109,816,1.0,1.0,2025.0,921.0,652.0,152.0,3584.0,0.0,0.0,0.0,5309.0,0.0,5309.0,921.0,652.0,32988134,16930315,16057819,5389495,18328069,14660065,13098274,8424769,4673505,19889860,0.00016093665679907813,26.545,True,sahibganj
2025-01-03,uttarpradesh,245208,245,1.0,1.0,2025.0,259.0,54.0,40.0,416.0,0.0,0.0,0.0,769.0,0.0,769.0,259.0,54.0,199812341,104480510,95331831,30791331,114397555,85414786,65814715,49846762,15967953,133997626,3.848611132582647e-06,26.544162436548223,True,"ghaziabad, hapur"
2025-01-03,uttarpradesh,244701,244,1.0,1.0,2025.0,35.0,10.0,15.0,189.0,0.0,0.0,0.0,249.0,0.0,249.0,35.0,10.0,199812341,104480510,95331831,30791331,114397555,85414786,65814715,49846762,15967953,133997626,1.2461692743993224e-06,26.536412078152754,True,rampur
2025-01-03,jharkhand,835211,835,1.0,1.0,2025.0,621.0,769.0,53.0,1393.0,0.0,0.0,0.0,2836.0,0.0,2836.0,621.0,769.0,32988134,16930315,16057819,5389495,18328069,14660065,13098274,8424769,4673505,19889860,8.597030677758251e-05,26.529466791393826,True,"gumla, simdega, khunti"
2025-03-01,telangana,508112,508,3.0,1.0,2025.0,0.0,0.0,59.0,594.0,0.0,0.0,0.0,653.0,0.0,653.0,0.0,0.0,35241990,17684227,17557762,3809500,21065316,14176673,16426210,10077331,6348879,18815779,1.8529033122136407e-05,26.516940707523666,True,"nalgonda, yadadribhuvanagiri"
2025-03-01,jharkhand,814120,814,3.0,1.0,2025.0,0.0,0.0,40.0,1258.0,0.0,0.0,0.0,1298.0,0.0,1298.0,0.0,0.0,32988134,16930315,16057819,5389495,18328069,14660065,13098274,8424769,4673505,19889860,3.934748173388649e-05,26.516472450007193,True,"deoghar, dumka"
2025-01-05,delhi,110094,110,1.0,1.0,2025.0,4311.0,7241.0,2099.0,6969.0,0.0,0.0,0.0,20620.0,0.0,20620.0,4311.0,7241.0,16787941,8987326,7800615,2012454,12737767,4050174,5587049,4762026,825023,11200892,0.0012282625963481763,26.515141192901183,True,"northeastdelhi, northwestdelhi, eastdelhi"
2025-01-04,delhi,110096,110,1.0,1.0,2025.0,2637.0,1865.0,2262.0,5956.0,0.0,0.0,0.0,12720.0,0.0,12720.0,2637.0,1865.0,16787941,8987326,7800615,2012454,12737767,4050174,5587049,4762026,825023,11200892,0.0007576867228685162,26.509078451524495,True,eastdelhi
2025-01-03,assam,787034,787,1.0,1.0,2025.0,246.0,65.0,39.0,418.0,0.0,0.0,0.0,768.0,0.0,768.0,246.0,65.0,31205576,15939443,15266133,4638130,19177977,12027599,11969690,8541560,3428130,19235886,2.4610986190416737e-05,26.495104895104895,True,"dhemaji, lakhimpur"
2025-01-03,telangana,505415,505,1.0,1.0,2025.0,81.0,77.0,40.0,318.0,0.0,0.0,0.0,516.0,0.0,516.0,81.0,77.0,35241990,17684227,17557762,3809500,21065316,14176673,16426210,10077331,6348879,18815779,1.46416249479669e-05,26.486384976525823,True,"karimnagar, jagitial, peddapalli"
2025-03-01,jharkhand,828401,828,3.0,1.0,2025.0,0.0,0.0,21.0,819.0,0.0,0.0,0.0,840.0,0.0,840.0,0.0,0.0,32988134,16930315,16057819,5389495,18328069,14660065,13098274,8424769,4673505,19889860,2.5463701584333323e-05,26.475644699140403,True,"bokaro, dhanbad"
2025-01-03,telangana,500060,500,1.0,1.0,2025.0,131.0,222.0,78.0,412.0,0.0,0.0,0.0,843.0,0.0,843.0,131.0,222.0,35241990,17684227,17557762,3809500,21065316,14176673,16426210,10077331,6348879,18815779,2.3920329130108714e-05,26.468387096774194,True,"rangareddy, hyderabad, kvrangareddy"
2025-01-03,assam,782448,782,1.0,1.0,2025.0,252.0,105.0,84.0,462.0,0.0,0.0,0.0,903.0,0.0,903.0,252.0,105.0,31205576,15939443,15266133,4638130,19177977,12027599,11969690,8541560,3428130,19235886,2.893713610670093e-05,26.46633778293674,True,"karbianglong, cachar, westkarbianglong"
2025-01-03,westbengal,700094,700,1.0,1.0,2025.0,35.0,122.0,11.0,362.0,0.0,0.0,0.0,530.0,0.0,530.0,35.0,122.0,91276115,46809027,44467088,10581466,61538281,29737834,34756355,26716047,8040308,56519760,5.806557389082565e-06,26.454388984509464,True,"kolkata, southtwentyfourparganas"
2025-01-03,uttarpradesh,221001,221,1.0,1.0,2025.0,1199.0,1106.0,304.0,3470.0,0.0,0.0,0.0,6079.0,0.0,6079.0,1199.0,1106.0,199812341,104480510,95331831,30791331,114397555,85414786,65814715,49846762,15967953,133997626,3.0423546261339283e-05,26.449314890577313,True,"chandauli, varanasi"
2025-01-03,bihar,851130,851,1.0,1.0,2025.0,746.0,348.0,89.0,691.0,0.0,0.0,0.0,1874.0,0.0,1874.0,746.0,348.0,104099452,54278157,49821295,19133964,52504553,51594899,34724987,25222189,9502798,69374465,1.8002015995242702e-05,26.429578806937297,True,begusarai
2025-01-03,jharkhand,832303,832,1.0,1.0,2025.0,722.0,485.0,50.0,1863.0,0.0,0.0,0.0,3120.0,0.0,3120.0,722.0,485.0,32988134,16930315,16057819,5389495,18328069,14660065,13098274,8424769,4673505,19889860,9.457946302752377e-05,26.4255465262676,True,eastsinghbhum
2025-01-03,bihar,824210,824,1.0,1.0,2025.0,910.0,713.0,113.0,1109.0,0.0,0.0,0.0,2845.0,0.0,2845.0,910.0,713.0,104099452,54278157,49821295,19133964,52504553,51594899,34724987,25222189,9502798,69374465,2.7329634741977317e-05,26.424148606811144,True,gaya
2025-01-03,himachalpradesh,173223,173,1.0,1.0,2025.0,61.0,190.0,22.0,93.0,0.0,0.0,0.0,366.0,0.0,366.0,61.0,190.0,6864602,3481873,3382729,777898,5039736,1824866,3559422,2043373,1516049,3305180,5.331700220930507e-05,26.418491484184916,True,"sirmaur, solan"
2025-03-01,telangana,507209,507,3.0,1.0,2025.0,0.0,0.0,89.0,907.0,0.0,0.0,0.0,996.0,0.0,996.0,0.0,0.0,35241990,17684227,17557762,3809500,21065316,14176673,16426210,10077331,6348879,18815779,2.8261741178633783e-05,26.40159045725646,True,khammam
2025-01-03,uttarpradesh,209307,209,1.0,1.0,2025.0,230.0,123.0,24.0,534.0,0.0,0.0,0.0,911.0,0.0,911.0,230.0,123.0,199812341,104480510,95331831,30791331,114397555,85414786,65814715,49846762,15967953,133997626,4.559277947701939e-06,26.398295454545455,True,"kanpurdehat, kanpurnagar"
2025-01-03,tamilnadu,605751,605,1.0,1.0,2025.0,226.0,255.0,14.0,142.0,0.0,0.0,0.0,637.0,0.0,637.0,226.0,255.0,72147030,36137975,36009055,7423832,51837507,20309523,32884681,21434978,11449703,39262349,8.829192275828956e-06,26.394453507340945,True,"viluppuram, kallakurichi"
2025-01-03,tamilnadu,610201,610,1.0,1.0,2025.0,211.0,14.0,0.0,0.0,0.0,0.0,0.0,225.0,0.0,225.0,211.0,14.0,72147030,36137975,36009055,7423832,51837507,20309523,32884681,21434978,11449703,39262349,3.118631494602065e-06,26.37481910274964,True,"nagapattinam, thiruvarur"
2025-01-03,tamilnadu,635852,635,1.0,1.0,2025.0,149.0,129.0,22.0,232.0,0.0,0.0,0.0,532.0,0.0,532.0,149.0,129.0,72147030,36137975,36009055,7423832,51837507,20309523,32884681,21434978,11449703,39262349,7.373830911681327e-06,26.368520620507,True,"tirupathur, vellore"
2025-01-03,andhrapradesh,515581,515,1.0,1.0,2025.0,492.0,125.0,0.0,0.0,0.0,0.0,0.0,617.0,0.0,617.0,492.0,125.0,49338786,24757918,24580868,5333301,29491443,19847343,22996695,14108263,8888431,26342091,1.2505374574883136e-05,26.356177012907192,True,"ananthapuram, srisathyasai"
2025-01-03,telangana,501203,501,1.0,1.0,2025.0,145.0,194.0,112.0,357.0,0.0,0.0,0.0,808.0,0.0,808.0,145.0,194.0,35241990,17684227,17557762,3809500,21065316,14176673,16426210,10077331,6348879,18815779,2.292719565495592e-05,26.333514394350896,True,"rangareddy, vikarabad, kvrangareddy"
2025-01-03,assam,782442,782,1.0,1.0,2025.0,138.0,107.0,25.0,425.0,0.0,0.0,0.0,695.0,0.0,695.0,138.0,107.0,31205576,15939443,15266133,4638130,19177977,12027599,11969690,8541560,3428130,19235886,2.227166068012973e-05,26.311742088139603,True,"hojai, nagaon"
2025-01-03,rajasthan,307025,307,1.0,1.0,2025.0,427.0,539.0,74.0,1713.0,0.0,0.0,0.0,2753.0,0.0,2753.0,427.0,539.0,68548437,35550997,32997440,10649504,38275282,30273155,29886255,18297076,11589179,38662182,4.0161382527219404e-05,26.30828642492473,True,udaipur
2025-01-03,telangana,500034,500,1.0,1.0,2025.0,182.0,169.0,136.0,608.0,0.0,0.0,0.0,1095.0,0.0,1095.0,182.0,169.0,35241990,17684227,17557762,3809500,21065316,14176673,16426210,10077331,6348879,18815779,3.1070890151208825e-05,26.30457653866386,True,hyderabad
2025-01-03,mizoram,796161,796,1.0,1.0,2025.0,554.0,131.0,0.0,0.0,0.0,0.0,0.0,685.0,0.0,685.0,554.0,131.0,1097206,555339,541867,168531,848175,249031,486705,290740,195965,610501,0.0006243130278179303,26.295585412667947,True,"aizawl, serchhip"
2025-01-03,odisha,754140,754,1.0,1.0,2025.0,94.0,247.0,43.0,283.0,0.0,0.0,0.0,667.0,0.0,667.0,94.0,247.0,41974218,21212136,20762082,5273194,26742595,15231623,17541589,11902655,5638934,24432629,1.589070700495242e-05,26.286767061839154,True,"jagatsinghpur, kendrapara"
2025-01-03,tripura,799278,799,1.0,1.0,2025.0,306.0,152.0,29.0,496.0,0.0,0.0,0.0,983.0,0.0,983.0,306.0,152.0,3673917,1874376,1799541,458014,2804783,869134,1469521,1045326,424195,2204396,0.0002675618420339926,26.281324820430967,True,dhalai
2025-01-04,delhi,110065,110,1.0,1.0,2025.0,775.0,586.0,127.0,1009.0,0.0,0.0,0.0,2497.0,0.0,2497.0,775.0,586.0,16787941,8987326,7800615,2012454,12737767,4050174,5587049,4762026,825023,11200892,0.00014873771595933058,26.28047219456692,True,southdelhi
2025-01-03,tamilnadu,606201,606,1.0,1.0,2025.0,1003.0,266.0,0.0,0.0,0.0,0.0,0.0,1269.0,0.0,1269.0,1003.0,266.0,72147030,36137975,36009055,7423832,51837507,20309523,32884681,21434978,11449703,39262349,1.7589081629555644e-05,26.279946364719905,True,"kallakurichi, viluppuram"
2025-01-03,assam,783392,783,1.0,1.0,2025.0,566.0,116.0,26.0,334.0,0.0,0.0,0.0,1042.0,0.0,1042.0,566.0,116.0,31205576,15939443,15266133,4638130,19177977,12027599,11969690,8541560,3428130,19235886,3.339146824272688e-05,26.278264586450096,True,"bongaigaon, chirang"
2025-01-03,uttarpradesh,229304,229,1.0,1.0,2025.0,175.0,135.0,78.0,744.0,0.0,0.0,0.0,1132.0,0.0,1132.0,175.0,135.0,199812341,104480510,95331831,30791331,114397555,85414786,65814715,49846762,15967953,133997626,5.665315737429852e-06,26.27342202094537,True,"amethi, raebareli"
2025-01-03,uttarpradesh,273301,273,1.0,1.0,2025.0,292.0,302.0,113.0,1681.0,0.0,0.0,0.0,2388.0,0.0,2388.0,292.0,302.0,199812341,104480510,95331831,30791331,114397555,85414786,65814715,49846762,15967953,133997626,1.1951213764118804e-05,26.272970561998218,True,"maharajganj, mahrajganj, gorakhpur"
2025-01-07,tamilnadu,621717,621,1.0,1.0,2025.0,230.0,1939.0,0.0,0.0,0.0,0.0,0.0,2169.0,0.0,2169.0,230.0,1939.0,72147030,36137975,36009055,7423832,51837507,20309523,32884681,21434978,11449703,39262349,3.0063607607963902e-05,26.270726714431934,True,perambalur
2025-01-03,tamilnadu,600048,600,1.0,1.0,2025.0,471.0,485.0,83.0,949.0,0.0,0.0,0.0,1988.0,0.0,1988.0,471.0,485.0,72147030,36137975,36009055,7423832,51837507,20309523,32884681,21434978,11449703,39262349,2.7554841827861798e-05,26.263067202757036,True,"kancheepuram, chengalpattu"
2025-01-03,gujarat,384130,384,1.0,1.0,2025.0,91.0,98.0,19.0,198.0,0.0,0.0,0.0,406.0,0.0,406.0,91.0,98.0,60439692,31491260,28948432,7777262,41093358,19346334,24767747,18000914,6766833,35671945,6.717439923419861e-06,26.25998731769182,True,"mahesana, patan"
2025-07-01,telangana,500048,500,7.0,3.0,2025.0,0.0,0.0,217.0,1232.0,0.0,0.0,0.0,1449.0,0.0,1449.0,0.0,0.0,35241990,17684227,17557762,3809500,21065316,14176673,16426210,10077331,6348879,18815779,4.1115725871325654e-05,26.258121546961327,True,"rangareddy, kvrangareddy"
2025-01-07,uttarpradesh,201310,201,1.0,1.0,2025.0,399.0,490.0,182.0,2106.0,192.0,326.0,31.0,3177.0,549.0,5.776363636363636,1.2201834862385321,15.3125,199812341,104480510,95331831,30791331,114397555,85414786,65814715,49846762,15967953,133997626,1.5899918814323885e-05,26.251093613298337,True,gautambuddhanagar
2025-01-06,chhatisgarh,497001,497,1.0,1.0,2025.0,704.0,1947.0,285.0,2893.0,0.0,0.0,0.0,5829.0,0.0,5829.0,704.0,1947.0,25545198,12832895,12712303,3661689,15379922,10165276,12180225,7133866,5046359,13364973,0.00022818378624428747,26.243493729822326,True,"balrampur, surajpur, surguja"
2025-01-03,tamilnadu,627719,627,1.0,1.0,2025.0,120.0,215.0,20.0,112.0,0.0,0.0,0.0,467.0,0.0,467.0,120.0,215.0,72147030,36137975,36009055,7423832,51837507,20309523,32884681,21434978,11449703,39262349,6.472892924351841e-06,26.235955056179773,True,"tenkasi, tirunelveli"
2025-03-01,rajasthan,307803,307,3.0,1.0,2025.0,0.0,0.0,35.0,908.0,0.0,0.0,0.0,943.0,0.0,943.0,0.0,0.0,68548437,35550997,32997440,10649504,38275282,30273155,29886255,18297076,11589179,38662182,1.375669586747835e-05,26.234375,True,jalor
2025-01-03,westbengal,735210,735,1.0,1.0,2025.0,206.0,289.0,83.0,1666.0,0.0,0.0,0.0,2244.0,0.0,2244.0,206.0,289.0,91276115,46809027,44467088,10581466,61538281,29737834,34756355,26716047,8040308,56519760,2.458474487000241e-05,26.229912563276574,True,"jalpaiguri, coochbehar"
2025-01-03,odisha,768108,768,1.0,1.0,2025.0,218.0,453.0,91.0,819.0,0.0,0.0,0.0,1581.0,0.0,1581.0,218.0,453.0,41974218,21212136,20762082,5273194,26742595,15231623,17541589,11902655,5638934,24432629,3.766597867290821e-05,26.2129388816645,True,"deogarh, bargarh, sambalpur"
2025-01-03,madhyapradesh,484555,484,1.0,1.0,2025.0,181.0,329.0,87.0,1416.0,0.0,0.0,0.0,2013.0,0.0,2013.0,181.0,329.0,72626809,37612306,35014503,10809395,42851169,29775640,31574133,20146970,11427163,41052676,2.7717037657540483e-05,26.20030425963489,True,"umaria, anuppur"
2025-01-03,telangana,508207,508,1.0,1.0,2025.0,562.0,837.0,322.0,1642.0,0.0,0.0,0.0,3363.0,0.0,3363.0,562.0,837.0,35241990,17684227,17557762,3809500,21065316,14176673,16426210,10077331,6348879,18815779,9.542593934110985e-05,26.199616858237547,True,nalgonda
2025-01-07,karnataka,583136,583,1.0,1.0,2025.0,195.0,776.0,0.0,0.0,0.0,0.0,0.0,971.0,0.0,971.0,195.0,776.0,61095297,30966657,30128640,7161033,40647322,20447975,27872597,18270116,9602481,33222700,1.5893203694549517e-05,26.160387286886973,True,"ballari, vijayanagara, davanagere"
2025-01-04,madhyapradesh,486445,486,1.0,1.0,2025.0,1557.0,468.0,89.0,666.0,0.0,0.0,0.0,2780.0,0.0,2780.0,1557.0,468.0,72626809,37612306,35014503,10809395,42851169,29775640,31574133,20146970,11427163,41052676,3.827787614901269e-05,26.15988871614434,True,"rewa, satna"
2025-03-01,rajasthan,312207,312,3.0,1.0,2025.0,0.0,0.0,42.0,910.0,0.0,0.0,0.0,952.0,0.0,952.0,0.0,0.0,68548437,35550997,32997440,10649504,38275282,30273155,29886255,18297076,11589179,38662182,1.388798988954336e-05,26.158201498751044,True,chittorgarh
2025-01-06,chhatisgarh,494334,494,1.0,1.0,2025.0,311.0,1565.0,0.0,0.0,0.0,0.0,0.0,1876.0,0.0,1876.0,311.0,1565.0,25545198,12832895,12712303,3661689,15379922,10165276,12180225,7133866,5046359,13364973,7.343845994069023e-05,26.14226289517471,True,"kanker, kondagaon, gariyaband"
2025-03-01,rajasthan,311011,311,3.0,1.0,2025.0,0.0,0.0,58.0,1195.0,0.0,0.0,0.0,1253.0,0.0,1253.0,0.0,0.0,68548437,35550997,32997440,10649504,38275282,30273155,29886255,18297076,11589179,38662182,1.8279045516384277e-05,26.13820078226858,True,bhilwara
2025-01-03,rajasthan,341514,341,1.0,1.0,2025.0,133.0,297.0,57.0,1029.0,0.0,0.0,0.0,1516.0,0.0,1516.0,133.0,297.0,68548437,35550997,32997440,10649504,38275282,30273155,29886255,18297076,11589179,38662182,2.2115748605617367e-05,26.137931034482758,True,nagaur
2025-01-03,andhrapradesh,515561,515,1.0,1.0,2025.0,298.0,71.0,39.0,217.0,0.0,0.0,0.0,625.0,0.0,625.0,298.0,71.0,49338786,24757918,24580868,5333301,29491443,19847343,22996695,14108263,8888431,26342091,1.2667518815724408e-05,26.136363636363633,True,"ananthapuram, srisathyasai"
2025-01-03,gujarat,364750,364,1.0,1.0,2025.0,116.0,277.0,85.0,260.0,0.0,0.0,0.0,738.0,0.0,738.0,116.0,277.0,60439692,31491260,28948432,7777262,41093358,19346334,24767747,18000914,6766833,35671945,1.2210518875576005e-05,26.134651019147622,True,"bhavnagar, botad, rajkot"
2025-03-01,telangana,509126,509,3.0,1.0,2025.0,0.0,0.0,235.0,419.0,0.0,0.0,0.0,654.0,0.0,654.0,0.0,0.0,35241990,17684227,17557762,3809500,21065316,14176673,16426210,10077331,6348879,18815779,1.8557408364283627e-05,26.12870813397129,True,"jogulambagadwal, mahabubnagar"
2025-01-04,andhrapradesh,531081,531,1.0,1.0,2025.0,842.0,123.0,0.0,0.0,0.0,0.0,0.0,965.0,0.0,965.0,842.0,123.0,49338786,24757918,24580868,5333301,29491443,19847343,22996695,14108263,8888431,26342091,1.9558649051478485e-05,26.121588639893496,True,"visakhapatnam, anakapalli"
2025-01-03,andhrapradesh,532440,532,1.0,1.0,2025.0,187.0,214.0,59.0,757.0,0.0,0.0,0.0,1217.0,0.0,1217.0,187.0,214.0,49338786,24757918,24580868,5333301,29491443,19847343,22996695,14108263,8888431,26342091,2.4666192637978568e-05,26.11587982832618,True,"parvathipurammanyam, srikakulam, vizianagaram"
2025-01-03,jharkhand,816101,816,1.0,1.0,2025.0,484.0,624.0,116.0,2294.0,0.0,0.0,0.0,3518.0,0.0,3518.0,484.0,624.0,32988134,16930315,16057819,5389495,18328069,14660065,13098274,8424769,4673505,19889860,0.00010664440734962456,26.10760667903525,True,"sahibganj, deoghar, dumka"
2025-01-03,madhyapradesh,458339,458,1.0,1.0,2025.0,160.0,167.0,56.0,211.0,0.0,0.0,0.0,594.0,0.0,594.0,160.0,167.0,72626809,37612306,35014503,10809395,42851169,29775640,31574133,20146970,11427163,41052676,8.178797997307028e-06,26.102658788774,True,"mandsaur, neemuch"
2025-01-03,karnataka,591224,591,1.0,1.0,2025.0,199.0,162.0,253.0,413.0,0.0,0.0,0.0,1027.0,0.0,1027.0,199.0,162.0,61095297,30966657,30128640,7161033,40647322,20447975,27872597,18270116,9602481,33222700,1.6809804525543104e-05,26.099110546378654,True,belagavi
2025-01-06,chhatisgarh,496554,496,1.0,1.0,2025.0,94.0,1505.0,0.0,0.0,0.0,0.0,0.0,1599.0,0.0,1599.0,94.0,1505.0,25545198,12832895,12712303,3661689,15379922,10165276,12180225,7133866,5046359,13364973,6.259493467226208e-05,26.096439169139465,True,"raigarh, sarangarhbilaigarh, raigad"
2025-01-03,assam,784525,784,1.0,1.0,2025.0,244.0,90.0,33.0,391.0,0.0,0.0,0.0,758.0,0.0,758.0,244.0,90.0,31205576,15939443,15266133,4638130,19177977,12027599,11969690,8541560,3428130,19235886,2.4290530641062354e-05,26.0857855361596,True,"darrang, udalguri"
2025-01-03,andhrapradesh,522613,522,1.0,1.0,2025.0,278.0,112.0,26.0,578.0,0.0,0.0,0.0,994.0,0.0,994.0,278.0,112.0,49338786,24757918,24580868,5333301,29491443,19847343,22996695,14108263,8888431,26342091,2.0146421924528098e-05,26.07679465776294,True,"guntur, palnadu"
2025-01-05,andhrapradesh,532440,532,1.0,1.0,2025.0,503.0,245.0,67.0,400.0,0.0,0.0,0.0,1215.0,0.0,1215.0,503.0,245.0,49338786,24757918,24580868,5333301,29491443,19847343,22996695,14108263,8888431,26342091,2.4625656577768248e-05,26.07296137339056,True,"parvathipurammanyam, srikakulam, vizianagaram"
2025-01-04,chhatisgarh,497001,497,1.0,1.0,2025.0,550.0,2970.0,210.0,2060.0,0.0,0.0,0.0,5790.0,0.0,5790.0,550.0,2970.0,25545198,12832895,12712303,3661689,15379922,10165276,12180225,7133866,5046359,13364973,0.00022665708052057378,26.067906792875494,True,"balrampur, surajpur, surguja"
2025-01-04,uttarpradesh,207001,207,1.0,1.0,2025.0,4529.0,894.0,0.0,0.0,724.0,354.0,13.0,5423.0,1091.0,4.966117216117216,12.757746478873239,63.857142857142854,199812341,104480510,95331831,30791331,114397555,85414786,65814715,49846762,15967953,133997626,2.7140465763323398e-05,26.052845528455283,True,"etah, kasganj"
2025-01-03,karnataka,583222,583,1.0,1.0,2025.0,505.0,208.0,29.0,29.0,0.0,0.0,0.0,771.0,0.0,771.0,505.0,208.0,61095297,30966657,30128640,7161033,40647322,20447975,27872597,18270116,9602481,33222700,1.2619629298143849e-05,26.051042415528396,True,"ballari, vijayanagara"
2025-01-07,madhyapradesh,484440,484,1.0,1.0,2025.0,365.0,495.0,104.0,289.0,0.0,0.0,0.0,1253.0,0.0,1253.0,365.0,495.0,72626809,37612306,35014503,10809395,42851169,29775640,31574133,20146970,11427163,41052676,1.7252582307450682e-05,26.03583115183246,True,"anuppur, shahdol"
2025-01-03,tamilnadu,600130,600,1.0,1.0,2025.0,0.0,0.0,28.0,253.0,0.0,0.0,0.0,281.0,0.0,281.0,0.0,0.0,72147030,36137975,36009055,7423832,51837507,20309523,32884681,21434978,11449703,39262349,3.894824222147467e-06,26.018518518518515,True,"chengalpattu, kancheepuram"
2025-01-03,telangana,500014,500,1.0,1.0,2025.0,43.0,68.0,35.0,212.0,0.0,0.0,0.0,358.0,0.0,358.0,43.0,68.0,35241990,17684227,17557762,3809500,21065316,14176673,16426210,10077331,6348879,18815779,1.0158336688705717e-05,26.01073729420186,True,"medchalmalkajgiri, rangareddy, hyderabad, kvrangareddy"
2025-01-05,goa,403712,403,1.0,1.0,2025.0,99.0,210.0,0.0,0.0,0.0,0.0,0.0,309.0,0.0,309.0,99.0,210.0,1458545,739140,719405,144611,1165487,293058,577248,419536,157712,881297,0.0002118549650507869,26.010101010101007,True,southgoa
2025-01-03,rajasthan,301412,301,1.0,1.0,2025.0,179.0,161.0,93.0,831.0,0.0,0.0,0.0,1264.0,0.0,1264.0,179.0,161.0,68548437,35550997,32997440,10649504,38275282,30273155,29886255,18297076,11589179,38662182,1.8439515987797066e-05,26.00971706201772,True,alwar
2025-01-04,bihar,853204,853,1.0,1.0,2025.0,1379.0,1047.0,0.0,0.0,349.0,238.0,10.0,2426.0,597.0,4.05685618729097,5.7698744769874475,95.18181818181819,104099452,54278157,49821295,19133964,52504553,51594899,34724987,25222189,9502798,69374465,2.3304637569081537e-05,26.005338530632997,True,"bhagalpur, madhepura, purnia, katihar, munger, banka"
2025-01-03,jharkhand,816116,816,1.0,1.0,2025.0,371.0,292.0,27.0,1107.0,0.0,0.0,0.0,1797.0,0.0,1797.0,371.0,292.0,32988134,16930315,16057819,5389495,18328069,14660065,13098274,8424769,4673505,19889860,5.447413303219879e-05,26.002180376610507,True,"sahibganj, dumka"
2025-03-01,rajasthan,312603,312,3.0,1.0,2025.0,0.0,0.0,40.0,1022.0,0.0,0.0,0.0,1062.0,0.0,1062.0,0.0,0.0,68548437,35550997,32997440,10649504,38275282,30273155,29886255,18297076,11589179,38662182,1.549269460367127e-05,26.002098635886675,True,chittorgarh
2025-01-03,tamilnadu,636107,636,1.0,1.0,2025.0,596.0,99.0,16.0,259.0,0.0,0.0,0.0,970.0,0.0,970.0,596.0,99.0,72147030,36137975,36009055,7423832,51837507,20309523,32884681,21434978,11449703,39262349,1.3444766887840012e-05,25.996649916247907,True,salem
2025-01-03,bihar,854325,854,1.0,1.0,2025.0,828.0,801.0,166.0,1338.0,0.0,0.0,0.0,3133.0,0.0,3133.0,828.0,801.0,104099452,54278157,49821295,19133964,52504553,51594899,34724987,25222189,9502798,69374465,3.0096219910936708e-05,25.986432298819008,True,"araria, purnia"
2025-01-03,rajasthan,342309,342,1.0,1.0,2025.0,259.0,332.0,39.0,1037.0,0.0,0.0,0.0,1667.0,0.0,1667.0,259.0,332.0,68548437,35550997,32997440,10649504,38275282,30273155,29886255,18297076,11589179,38662182,2.4318570531374772e-05,25.97729296527159,True,jodhpur
2025-01-03,uttarpradesh,271825,271,1.0,1.0,2025.0,1122.0,420.0,105.0,1925.0,0.0,0.0,0.0,3572.0,0.0,3572.0,1122.0,420.0,199812341,104480510,95331831,30791331,114397555,85414786,65814715,49846762,15967953,133997626,1.7876773687366987e-05,25.96849659800541,True,bahraich
2025-01-03,andhrapradesh,532407,532,1.0,1.0,2025.0,1794.0,385.0,272.0,1210.0,0.0,0.0,0.0,3661.0,0.0,3661.0,1794.0,385.0,49338786,24757918,24580868,5333301,29491443,19847343,22996695,14108263,8888431,26342091,7.420125821498729e-05,25.966608224418234,True,"srikakulam, vizianagaram"
2025-01-03,rajasthan,326519,326,1.0,1.0,2025.0,206.0,250.0,88.0,1288.0,0.0,0.0,0.0,1832.0,0.0,1832.0,206.0,250.0,68548437,35550997,32997440,10649504,38275282,30273155,29886255,18297076,11589179,38662182,2.6725627602566636e-05,25.95729395330273,True,kota
2025-01-03,delhi,110025,110,1.0,1.0,2025.0,891.0,1409.0,264.0,3110.0,0.0,0.0,0.0,5674.0,0.0,5674.0,891.0,1409.0,16787941,8987326,7800615,2012454,12737767,4050174,5587049,4762026,825023,11200892,0.00033798069697766985,25.948170731707318,True,"southdelhi, southeastdelhi"
2025-01-07,uttarakhand,244713,244,1.0,1.0,2025.0,1080.0,1568.0,402.0,2974.0,0.0,0.0,0.0,6024.0,0.0,6024.0,1080.0,1568.0,10086292,5137773,4948519,1355814,6880953,3205339,3872275,2551921,1320354,6214017,0.0005972462427223008,25.94715525554484,True,"nainital, udhamsinghnagar"
2025-01-03,andhrapradesh,533305,533,1.0,1.0,2025.0,151.0,44.0,17.0,219.0,0.0,0.0,0.0,431.0,0.0,431.0,151.0,44.0,49338786,24757918,24580868,5333301,29491443,19847343,22996695,14108263,8888431,26342091,8.735520975323552e-06,25.941065830720998,True,"drbrambedkarkonaseema, eastgodavari"
2025-01-03,westbengal,700157,700,1.0,1.0,2025.0,84.0,213.0,29.0,654.0,0.0,0.0,0.0,980.0,0.0,980.0,84.0,213.0,91276115,46809027,44467088,10581466,61538281,29737834,34756355,26716047,8040308,56519760,1.0736653285473424e-05,25.9375,True,northtwentyfourparganas
2025-01-03,jharkhand,835225,835,1.0,1.0,2025.0,395.0,2732.0,0.0,0.0,0.0,0.0,0.0,3127.0,0.0,3127.0,395.0,2732.0,32988134,16930315,16057819,5389495,18328069,14660065,13098274,8424769,4673505,19889860,9.479166054072655e-05,25.93701503719163,True,"khunti, ranchi, westsinghbhum"
2025-01-03,tamilnadu,606202,606,1.0,1.0,2025.0,409.0,258.0,12.0,146.0,0.0,0.0,0.0,825.0,0.0,825.0,409.0,258.0,72147030,36137975,36009055,7423832,51837507,20309523,32884681,21434978,11449703,39262349,1.1434982146874238e-05,25.935628742514968,True,"kallakurichi, viluppuram"
2025-01-03,gujarat,394180,394,1.0,1.0,2025.0,173.0,258.0,111.0,1012.0,0.0,0.0,0.0,1554.0,0.0,1554.0,173.0,258.0,60439692,31491260,28948432,7777262,41093358,19346334,24767747,18000914,6766833,35671945,2.571158039653809e-05,25.93131801692866,True,surat
2025-01-07,uttarpradesh,282007,282,1.0,1.0,2025.0,1260.0,1192.0,415.0,3159.0,0.0,0.0,0.0,6026.0,0.0,6026.0,1260.0,1192.0,199812341,104480510,95331831,30791331,114397555,85414786,65814715,49846762,15967953,133997626,3.015829737963983e-05,25.925813953488372,True,agra
2025-01-03,rajasthan,343025,343,1.0,1.0,2025.0,106.0,201.0,51.0,1054.0,0.0,0.0,0.0,1412.0,0.0,1412.0,106.0,201.0,68548437,35550997,32997440,10649504,38275282,30273155,29886255,18297076,11589179,38662182,2.05985732395328e-05,25.89849246231156,True,jalor
2025-01-03,mizoram,796081,796,1.0,1.0,2025.0,1555.0,410.0,0.0,0.0,0.0,0.0,0.0,1965.0,0.0,1965.0,1555.0,410.0,1097206,555339,541867,168531,848175,249031,486705,290740,195965,610501,0.001790912554251435,25.89681774349084,True,"kolasib, mamit"
2025-01-03,bihar,851211,851,1.0,1.0,2025.0,1561.0,993.0,473.0,3379.0,0.0,0.0,0.0,6406.0,0.0,6406.0,1561.0,993.0,104099452,54278157,49821295,19133964,52504553,51594899,34724987,25222189,9502798,69374465,6.153730761233978e-05,25.896735236925597,True,begusarai
2025-03-01,jharkhand,825408,825,3.0,1.0,2025.0,0.0,0.0,142.0,3249.0,0.0,0.0,0.0,3391.0,0.0,3391.0,0.0,0.0,32988134,16930315,16057819,5389495,18328069,14660065,13098274,8424769,4673505,19889860,0.00010279453818151703,25.892926857274084,True,"chatra, hazaribagh"
2025-01-03,tamilnadu,627857,627,1.0,1.0,2025.0,163.0,203.0,33.0,152.0,0.0,0.0,0.0,551.0,0.0,551.0,163.0,203.0,72147030,36137975,36009055,7423832,51837507,20309523,32884681,21434978,11449703,39262349,7.637182015669945e-06,25.889416231608923,True,"tenkasi, tirunelveli"
2025-01-06,chhatisgarh,494441,494,1.0,1.0,2025.0,332.0,889.0,0.0,0.0,0.0,0.0,0.0,1221.0,0.0,1221.0,332.0,889.0,25545198,12832895,12712303,3661689,15379922,10165276,12180225,7133866,5046359,13364973,4.779763304242151e-05,25.885992428339645,True,"bijapur, dantewada, bastar, vijayapura"
2025-01-04,andhrapradesh,522426,522,1.0,1.0,2025.0,1281.0,293.0,0.0,0.0,0.0,0.0,0.0,1574.0,0.0,1574.0,1281.0,293.0,49338786,24757918,24580868,5333301,29491443,19847343,22996695,14108263,8888431,26342091,3.190187938552035e-05,25.855851267031706,True,"guntur, palnadu"
2025-01-03,madhyapradesh,472445,472,1.0,1.0,2025.0,230.0,220.0,89.0,318.0,0.0,0.0,0.0,857.0,0.0,857.0,230.0,220.0,72626809,37612306,35014503,10809395,42851169,29775640,31574133,20146970,11427163,41052676,1.1800050309245997e-05,25.85334528076464,True,"tikamgarh, niwari"
2025-03-01,uttarpradesh,273164,273,3.0,1.0,2025.0,0.0,0.0,370.0,4825.0,0.0,0.0,0.0,5195.0,0.0,5195.0,0.0,0.0,199812341,104480510,95331831,30791331,114397555,85414786,65814715,49846762,15967953,133997626,2.5999395102427632e-05,25.844122711907644,True,"maharajganj, mahrajganj"
2025-01-03,tamilnadu,614404,614,1.0,1.0,2025.0,233.0,95.0,19.0,258.0,0.0,0.0,0.0,605.0,0.0,605.0,233.0,95.0,72147030,36137975,36009055,7423832,51837507,20309523,32884681,21434978,11449703,39262349,8.38565357437444e-06,25.83997722095672,True,thiruvarur
2025-01-07,haryana,136117,136,1.0,1.0,2025.0,2153.0,1211.0,0.0,0.0,0.0,0.0,0.0,3364.0,0.0,3364.0,2153.0,1211.0,25351462,13494734,11856728,3380721,16598988,8752474,8916508,6806636,2109872,16434954,0.0001326945167896037,25.82344257454975,True,kaithal
2025-01-03,odisha,754214,754,1.0,1.0,2025.0,93.0,203.0,36.0,244.0,0.0,0.0,0.0,576.0,0.0,576.0,93.0,203.0,41974218,21212136,20762082,5273194,26742595,15231623,17541589,11902655,5638934,24432629,1.3722709497530127e-05,25.82198952879581,True,"jajpur, kendrapara"
2025-01-04,tripura,799264,799,1.0,1.0,2025.0,745.0,92.0,0.0,0.0,0.0,0.0,0.0,837.0,0.0,837.0,745.0,92.0,3673917,1874376,1799541,458014,2804783,869134,1469521,1045326,424195,2204396,0.00022782223986007305,25.80620023716754,True,"dhalai, northtripura, unakoti"
2025-01-07,madhyapradesh,462420,462,1.0,1.0,2025.0,808.0,740.0,58.0,506.0,0.0,0.0,0.0,2112.0,0.0,2112.0,808.0,740.0,72626809,37612306,35014503,10809395,42851169,29775640,31574133,20146970,11427163,41052676,2.9080170657091654e-05,25.793347260163905,True,bhopal
2025-03-01,rajasthan,314021,314,3.0,1.0,2025.0,0.0,0.0,13.0,1004.0,0.0,0.0,0.0,1017.0,0.0,1017.0,0.0,0.0,68548437,35550997,32997440,10649504,38275282,30273155,29886255,18297076,11589179,38662182,1.4836224493346216e-05,25.789415656008824,True,dungarpur
2025-01-03,jharkhand,814156,814,1.0,1.0,2025.0,686.0,571.0,51.0,1327.0,0.0,0.0,0.0,2635.0,0.0,2635.0,686.0,571.0,32988134,16930315,16057819,5389495,18328069,14660065,13098274,8424769,4673505,19889860,7.987720675561703e-05,25.786143006263046,True,"godda, dumka"
2025-01-07,punjab,160062,160,1.0,1.0,2025.0,580.0,242.0,0.0,0.0,0.0,0.0,0.0,822.0,0.0,822.0,580.0,242.0,27743338,14639465,13103873,3076219,18707137,9036201,9897362,8074157,1823205,17845976,2.9628734653342722e-05,25.784901758014477,True,"sasnagarmohali, rupnagar"
2025-01-03,rajasthan,321302,321,1.0,1.0,2025.0,93.0,176.0,59.0,1180.0,0.0,0.0,0.0,1508.0,0.0,1508.0,93.0,176.0,68548437,35550997,32997440,10649504,38275282,30273155,29886255,18297076,11589179,38662182,2.1999042808226247e-05,25.781066598622097,True,bharatpur
2025-01-03,tamilnadu,607202,607,1.0,1.0,2025.0,184.0,57.0,18.0,97.0,0.0,0.0,0.0,356.0,0.0,356.0,184.0,57.0,72147030,36137975,36009055,7423832,51837507,20309523,32884681,21434978,11449703,39262349,4.9343680536814894e-06,25.767619047619046,True,"viluppuram, kallakurichi"
2025-01-06,karnataka,560067,560,1.0,1.0,2025.0,193.0,279.0,137.0,776.0,0.0,0.0,0.0,1385.0,0.0,1385.0,193.0,279.0,61095297,30966657,30128640,7161033,40647322,20447975,27872597,18270116,9602481,33222700,2.266950269510925e-05,25.76584397866799,True,"bengalururural, bengaluruurban"
2025-01-03,tamilnadu,606710,606,1.0,1.0,2025.0,509.0,77.0,16.0,193.0,0.0,0.0,0.0,795.0,0.0,795.0,509.0,77.0,72147030,36137975,36009055,7423832,51837507,20309523,32884681,21434978,11449703,39262349,1.1019164614260629e-05,25.75064267352185,True,tiruvannamalai
2025-01-03,gujarat,396193,396,1.0,1.0,2025.0,212.0,223.0,51.0,229.0,0.0,0.0,0.0,715.0,0.0,715.0,212.0,223.0,60439692,31491260,28948432,7777262,41093358,19346334,24767747,18000914,6766833,35671945,1.1829974249372416e-05,25.74958123953099,True,valsad
2025-01-03,rajasthan,321301,321,1.0,1.0,2025.0,63.0,121.0,33.0,767.0,0.0,0.0,0.0,984.0,0.0,984.0,63.0,121.0,68548437,35550997,32997440,10649504,38275282,30273155,29886255,18297076,11589179,38662182,1.4354813079107843e-05,25.74418604651163,True,bharatpur
2025-03-01,rajasthan,311203,311,3.0,1.0,2025.0,0.0,0.0,52.0,1496.0,0.0,0.0,0.0,1548.0,0.0,1548.0,0.0,0.0,68548437,35550997,32997440,10649504,38275282,30273155,29886255,18297076,11589179,38662182,2.258257179518185e-05,25.734472408219812,True,bhilwara
2025-01-07,madhyapradesh,485775,485,1.0,1.0,2025.0,1490.0,959.0,0.0,0.0,0.0,0.0,0.0,2449.0,0.0,2449.0,1490.0,959.0,72626809,37612306,35014503,10809395,42851169,29775640,31574133,20146970,11427163,41052676,3.372033046364463e-05,25.730234315948604,True,"satna, maihar"
2025-01-06,telangana,502319,502,1.0,1.0,2025.0,137.0,80.0,173.0,729.0,0.0,0.0,0.0,1119.0,0.0,1119.0,137.0,80.0,35241990,17684227,17557762,3809500,21065316,14176673,16426210,10077331,6348879,18815779,3.175189596274217e-05,25.725771624539565,True,"medak, sangareddy"
2025-03-01,assam,785702,785,3.0,1.0,2025.0,0.0,0.0,31.0,821.0,0.0,0.0,0.0,852.0,0.0,852.0,0.0,0.0,31205576,15939443,15266133,4638130,19177977,12027599,11969690,8541560,3428130,19235886,2.730281280499357e-05,25.725101397025686,True,golaghat
2025-07-01,telangana,508252,508,7.0,3.0,2025.0,0.0,0.0,185.0,1330.0,0.0,0.0,0.0,1515.0,0.0,1515.0,0.0,0.0,35241990,17684227,17557762,3809500,21065316,14176673,16426210,10077331,6348879,18815779,4.2988491853042353e-05,25.714694383522456,True,"nalgonda, yadadribhuvanagiri"
2025-01-06,madhyapradesh,473885,473,1.0,1.0,2025.0,1801.0,703.0,0.0,0.0,0.0,0.0,0.0,2504.0,0.0,2504.0,1801.0,703.0,72626809,37612306,35014503,10809395,42851169,29775640,31574133,20146970,11427163,41052676,3.447762657450639e-05,25.71405782652044,True,"ashoknagar, shivpuri"
2025-01-03,rajasthan,335503,335,1.0,1.0,2025.0,96.0,262.0,20.0,857.0,0.0,0.0,0.0,1235.0,0.0,1235.0,96.0,262.0,68548437,35550997,32997440,10649504,38275282,30273155,29886255,18297076,11589179,38662182,1.8016457472254253e-05,25.710696338837042,True,hanumangarh
2025-01-04,karnataka,560067,560,1.0,1.0,2025.0,238.0,240.0,138.0,766.0,158.0,26.0,39.0,1382.0,223.0,6.169642857142857,8.814814814814815,6.0,61095297,30966657,30128640,7161033,40647322,20447975,27872597,18270116,9602481,33222700,2.2620399079163162e-05,25.710033486295426,True,"bengalururural, bengaluruurban"
2025-03-01,telangana,503212,503,3.0,1.0,2025.0,0.0,0.0,135.0,637.0,0.0,0.0,0.0,772.0,0.0,772.0,0.0,0.0,35241990,17684227,17557762,3809500,21065316,14176673,16426210,10077331,6348879,18815779,2.1905686937655906e-05,25.70884871550904,True,nizamabad
2025-01-07,gujarat,389172,389,1.0,1.0,2025.0,648.0,478.0,0.0,0.0,321.0,304.0,23.0,1126.0,648.0,1.7349768875192604,2.124590163934426,19.916666666666668,60439692,31491260,28948432,7777262,41093358,19346334,24767747,18000914,6766833,35671945,1.863014126544523e-05,25.707147979918716,True,"dahod, mahisagar, panchmahal"
2025-01-03,jharkhand,828121,828,1.0,1.0,2025.0,110.0,236.0,21.0,894.0,0.0,0.0,0.0,1261.0,0.0,1261.0,110.0,236.0,32988134,16930315,16057819,5389495,18328069,14660065,13098274,8424769,4673505,19889860,3.8225866306957526e-05,25.702903026559603,True,dhanbad
2025-01-03,telangana,509129,509,1.0,1.0,2025.0,200.0,147.0,83.0,188.0,0.0,0.0,0.0,618.0,0.0,618.0,200.0,147.0,35241990,17684227,17557762,3809500,21065316,14176673,16426210,10077331,6348879,18815779,1.7535899646983613e-05,25.698189134808853,True,"jogulambagadwal, mahabubnagar"
2025-01-03,jharkhand,828101,828,1.0,1.0,2025.0,67.0,197.0,29.0,869.0,0.0,0.0,0.0,1162.0,0.0,1162.0,67.0,197.0,32988134,16930315,16057819,5389495,18328069,14660065,13098274,8424769,4673505,19889860,3.52247871916611e-05,25.6867740726864,True,dhanbad
2025-01-04,uttarpradesh,201009,201,1.0,1.0,2025.0,1239.0,953.0,316.0,2324.0,0.0,0.0,0.0,4832.0,0.0,4832.0,1239.0,953.0,199812341,104480510,95331831,30791331,114397555,85414786,65814715,49846762,15967953,133997626,2.418269049758043e-05,25.683575037732137,True,"gautambuddhanagar, ghaziabad, hapur"
2025-01-03,uttarakhand,249205,249,1.0,1.0,2025.0,232.0,272.0,44.0,295.0,0.0,0.0,0.0,843.0,0.0,843.0,232.0,272.0,10086292,5137773,4948519,1355814,6880953,3205339,3872275,2551921,1320354,6214017,8.357878197458492e-05,25.681334622823986,True,dehradun
2025-01-07,gujarat,394250,394,1.0,1.0,2025.0,213.0,105.0,0.0,0.0,0.0,0.0,0.0,318.0,0.0,318.0,213.0,105.0,60439692,31491260,28948432,7777262,41093358,19346334,24767747,18000914,6766833,35671945,5.261443092727872e-06,25.67920353982301,True,"surat, tapi"
2025-01-03,uttarpradesh,212203,212,1.0,1.0,2025.0,542.0,126.0,108.0,1037.0,0.0,0.0,0.0,1813.0,0.0,1813.0,542.0,126.0,199812341,104480510,95331831,30791331,114397555,85414786,65814715,49846762,15967953,133997626,9.073513632473782e-06,25.67610814787567,True,"kaushambi, prayagraj"
2025-01-03,chhatisgarh,491225,491,1.0,1.0,2025.0,141.0,518.0,37.0,840.0,0.0,0.0,0.0,1536.0,0.0,1536.0,141.0,518.0,25545198,12832895,12712303,3661689,15379922,10165276,12180225,7133866,5046359,13364973,6.012871773395532e-05,25.670076357873505,True,"balod, durg"
2025-01-04,madhyapradesh,481672,481,1.0,1.0,2025.0,690.0,520.0,109.0,453.0,0.0,0.0,0.0,1772.0,0.0,1772.0,690.0,520.0,72626809,37612306,35014503,10809395,42851169,29775640,31574133,20146970,11427163,41052676,2.4398703789946215e-05,25.664123825317855,True,"dindori, mandla"
2025-03-01,jharkhand,815318,815,3.0,1.0,2025.0,0.0,0.0,75.0,1806.0,0.0,0.0,0.0,1881.0,0.0,1881.0,0.0,0.0,32988134,16930315,16057819,5389495,18328069,14660065,13098274,8424769,4673505,19889860,5.702050319063212e-05,25.653151492812384,True,giridih
2025-01-07,maharashtra,431001,431,1.0,1.0,2025.0,4561.0,7937.0,146.0,1026.0,2262.0,1549.0,24.0,13670.0,3835.0,3.5636079249217936,2.94258064516129,317.48,112374333,58243056,54131277,13326517,81554290,30820043,49427878,32616875,16811003,62946455,0.00012164699567115562,25.650981524249424,True,"aurangabad, chhatrapatisambhajinagar"
2025-01-04,assam,781381,781,1.0,1.0,2025.0,809.0,46.0,0.0,0.0,0.0,0.0,0.0,855.0,0.0,855.0,809.0,46.0,31205576,15939443,15266133,4638130,19177977,12027599,11969690,8541560,3428130,19235886,2.7398949469799886e-05,25.617977528089888,True,kamrup
2025-01-03,karnataka,586207,586,1.0,1.0,2025.0,132.0,47.0,173.0,90.0,0.0,0.0,0.0,442.0,0.0,442.0,132.0,47.0,61095297,30966657,30128640,7161033,40647322,20447975,27872597,18270116,9602481,33222700,7.234599416056526e-06,25.61297182349814,True,"bijapur, vijayapura"
2025-01-05,jammuandkashmir,182144,182,1.0,1.0,2025.0,604.0,294.0,0.0,0.0,0.0,0.0,0.0,898.0,0.0,898.0,604.0,294.0,12267013,6483906,12423769,6608718,12361296,6546379,12414350,6547558,12507454,6493325,7.320445490683021e-05,25.612156633547634,True,"ramban, reasi, doda, udhampur"
2025-01-03,andhrapradesh,517619,517,1.0,1.0,2025.0,179.0,79.0,23.0,265.0,0.0,0.0,0.0,546.0,0.0,546.0,179.0,79.0,49338786,24757918,24580868,5333301,29491443,19847343,22996695,14108263,8888431,26342091,1.1066344437416843e-05,25.611940298507463,True,"chittoor, tirupati"
2025-01-03,bihar,811213,811,1.0,1.0,2025.0,724.0,1116.0,114.0,1834.0,0.0,0.0,0.0,3788.0,0.0,3788.0,724.0,1116.0,104099452,54278157,49821295,19133964,52504553,51594899,34724987,25222189,9502798,69374465,3.6388279930618654e-05,25.610506683245262,True,"munger, jamui"
2025-01-04,delhi,110020,110,1.0,1.0,2025.0,1192.0,1642.0,0.0,0.0,0.0,0.0,0.0,2834.0,0.0,2834.0,1192.0,1642.0,16787941,8987326,7800615,2012454,12737767,4050174,5587049,4762026,825023,11200892,0.0001688116487900452,25.606349206349208,True,southdelhi
2025-03-01,bihar,805130,805,3.0,1.0,2025.0,0.0,0.0,144.0,1468.0,0.0,0.0,0.0,1612.0,0.0,1612.0,0.0,0.0,104099452,54278157,49821295,19133964,52504553,51594899,34724987,25222189,9502798,69374465,1.5485191987369922e-05,25.60609677715545,True,"gaya, nalanda, nawada"
2025-01-03,rajasthan,341301,341,1.0,1.0,2025.0,96.0,136.0,57.0,828.0,0.0,0.0,0.0,1117.0,0.0,1117.0,96.0,136.0,68548437,35550997,32997440,10649504,38275282,30273155,29886255,18297076,11589179,38662182,1.6295046960735223e-05,25.60458452722063,True,nagaur
2025-03-01,rajasthan,305814,305,3.0,1.0,2025.0,0.0,0.0,79.0,1475.0,0.0,0.0,0.0,1554.0,0.0,1554.0,0.0,0.0,68548437,35550997,32997440,10649504,38275282,30273155,29886255,18297076,11589179,38662182,2.2670101143225192e-05,25.60131795716639,True,ajmer
2025-01-03,tamilnadu,621315,621,1.0,1.0,2025.0,342.0,192.0,15.0,269.0,0.0,0.0,0.0,818.0,0.0,818.0,342.0,192.0,72147030,36137975,36009055,7423832,51837507,20309523,32884681,21434978,11449703,39262349,1.1337958055931062e-05,25.59988300672711,True,"karur, tiruchirappalli"
2025-01-03,bihar,824206,824,1.0,1.0,2025.0,1500.0,1454.0,216.0,1813.0,0.0,0.0,0.0,4983.0,0.0,4983.0,1500.0,1454.0,104099452,54278157,49821295,19133964,52504553,51594899,34724987,25222189,9502798,69374465,4.786768714209946e-05,25.594231529039906,True,gaya
2025-01-07,chandigarh,160020,160,1.0,1.0,2025.0,539.0,87.0,0.0,0.0,0.0,0.0,0.0,626.0,0.0,626.0,539.0,87.0,1055450,580663,474787,119434,805438,250012,404136,328159,75977,651314,0.0005931119427732247,25.592472420506166,True,chandigarh
2025-01-03,bihar,855107,855,1.0,1.0,2025.0,1614.0,2019.0,288.0,3624.0,0.0,0.0,0.0,7545.0,0.0,7545.0,1614.0,2019.0,104099452,54278157,49821295,19133964,52504553,51594899,34724987,25222189,9502798,69374465,7.247876770763404e-05,25.570714751249188,True,"kishanganj, purnia, araria"
2025-01-03,andhrapradesh,515321,515,1.0,1.0,2025.0,271.0,50.0,0.0,0.0,0.0,0.0,0.0,321.0,0.0,321.0,271.0,50.0,49338786,24757918,24580868,5333301,29491443,19847343,22996695,14108263,8888431,26342091,6.506037663756056e-06,25.568611987381704,True,"ananthapuram, srisathyasai"
2025-01-03,jammuandkashmir,192231,192,1.0,1.0,2025.0,1162.0,1735.0,231.0,1207.0,0.0,0.0,0.0,4335.0,0.0,4335.0,1162.0,1735.0,12267013,6483906,12423769,6608718,12361296,6546379,12414350,6547558,12507454,6493325,0.00035338676171615697,25.56599770885485,True,"anantnag, kulgam, baramula"
2025-01-03,uttarpradesh,231218,231,1.0,1.0,2025.0,1023.0,149.0,28.0,312.0,0.0,0.0,0.0,1512.0,0.0,1512.0,1023.0,149.0,199812341,104480510,95331831,30791331,114397555,85414786,65814715,49846762,15967953,133997626,7.567100172256127e-06,25.558718861209965,True,sonbhadra
2025-01-03,rajasthan,313324,313,1.0,1.0,2025.0,398.0,347.0,169.0,2732.0,0.0,0.0,0.0,3646.0,0.0,3646.0,398.0,347.0,68548437,35550997,32997440,10649504,38275282,30273155,29886255,18297076,11589179,38662182,5.318866716100325e-05,25.55856294421186,True,rajsamand
2025-01-03,westbengal,721139,721,1.0,1.0,2025.0,205.0,273.0,40.0,560.0,0.0,0.0,0.0,1078.0,0.0,1078.0,205.0,273.0,91276115,46809027,44467088,10581466,61538281,29737834,34756355,26716047,8040308,56519760,1.1810318614020765e-05,25.554472091459317,True,"paschimmedinipur, purbamedinipur"
2025-01-07,tamilnadu,621133,621,1.0,1.0,2025.0,105.0,558.0,0.0,0.0,0.0,0.0,0.0,663.0,0.0,663.0,105.0,558.0,72147030,36137975,36009055,7423832,51837507,20309523,32884681,21434978,11449703,39262349,9.18956747076075e-06,25.550830564784054,True,perambalur
2025-01-03,rajasthan,341025,341,1.0,1.0,2025.0,298.0,271.0,85.0,2305.0,0.0,0.0,0.0,2959.0,0.0,2959.0,298.0,271.0,68548437,35550997,32997440,10649504,38275282,30273155,29886255,18297076,11589179,38662182,4.316655681004076e-05,25.54273556231003,True,nagaur
2025-01-03,rajasthan,325215,325,1.0,1.0,2025.0,232.0,307.0,84.0,1577.0,0.0,0.0,0.0,2200.0,0.0,2200.0,232.0,307.0,68548437,35550997,32997440,10649504,38275282,30273155,29886255,18297076,11589179,38662182,3.209409428255819e-05,25.536030952764794,True,baran
2025-01-03,uttarpradesh,273207,273,1.0,1.0,2025.0,188.0,173.0,84.0,1249.0,0.0,0.0,0.0,1694.0,0.0,1694.0,188.0,173.0,199812341,104480510,95331831,30791331,114397555,85414786,65814715,49846762,15967953,133997626,8.47795482262029e-06,25.53402239448751,True,maharajganj
2025-01-03,bihar,823004,823,1.0,1.0,2025.0,104.0,159.0,57.0,487.0,0.0,0.0,0.0,807.0,0.0,807.0,104.0,159.0,104099452,54278157,49821295,19133964,52504553,51594899,34724987,25222189,9502798,69374465,7.752202192188293e-06,25.533721898417987,True,gaya
2025-01-03,jharkhand,829107,829,1.0,1.0,2025.0,89.0,236.0,21.0,1199.0,0.0,0.0,0.0,1545.0,0.0,1545.0,89.0,236.0,32988134,16930315,16057819,5389495,18328069,14660065,13098274,8424769,4673505,19889860,4.6835022556898794e-05,25.53132889602938,True,"bokaro, giridih"
2025-01-03,bihar,841413,841,1.0,1.0,2025.0,107.0,185.0,65.0,490.0,0.0,0.0,0.0,847.0,0.0,847.0,107.0,185.0,104099452,54278157,49821295,19133964,52504553,51594899,34724987,25222189,9502798,69374465,8.136450132321541e-06,25.53083294983893,True,"gopalganj, siwan"
2025-01-03,mizoram,796111,796,1.0,1.0,2025.0,891.0,182.0,28.0,220.0,0.0,0.0,0.0,1321.0,0.0,1321.0,891.0,182.0,1097206,555339,541867,168531,848175,249031,486705,290740,195965,610501,0.001203967167514578,25.52919407894737,True,aizawl
2025-01-04,andhrapradesh,531113,531,1.0,1.0,2025.0,768.0,184.0,0.0,0.0,0.0,0.0,0.0,952.0,0.0,952.0,768.0,184.0,49338786,24757918,24580868,5333301,29491443,19847343,22996695,14108263,8888431,26342091,1.9295164660111417e-05,25.528052805280527,True,"anakapalli, visakhapatnam"
2025-01-07,maharashtra,431137,431,1.0,1.0,2025.0,370.0,497.0,0.0,0.0,0.0,0.0,0.0,867.0,0.0,867.0,370.0,497.0,112374333,58243056,54131277,13326517,81554290,30820043,49427878,32616875,16811003,62946455,7.715284948565613e-06,25.527006990044484,True,"chhatrapatisambhajinagar, jalna, aurangabad"
2025-01-04,andhrapradesh,515541,515,1.0,1.0,2025.0,374.0,59.0,0.0,0.0,0.0,0.0,0.0,433.0,0.0,433.0,374.0,59.0,49338786,24757918,24580868,5333301,29491443,19847343,22996695,14108263,8888431,26342091,8.77605703553387e-06,25.52326783867632,True,"ananthapuram, srisathyasai"
2025-01-03,jammuandkashmir,182203,182,1.0,1.0,2025.0,453.0,910.0,64.0,543.0,0.0,0.0,0.0,1970.0,0.0,1970.0,453.0,910.0,12267013,6483906,12423769,6608718,12361296,6546379,12414350,6547558,12507454,6493325,0.00016059329194482796,25.522857671663893,True,"doda, kishtwar"
2025-01-03,jharkhand,829112,829,1.0,1.0,2025.0,131.0,269.0,40.0,1214.0,0.0,0.0,0.0,1654.0,0.0,1654.0,131.0,269.0,32988134,16930315,16057819,5389495,18328069,14660065,13098274,8424769,4673505,19889860,5.013924097677062e-05,25.51257712387281,True,bokaro
2025-01-07,telangana,509339,509,1.0,1.0,2025.0,283.0,272.0,0.0,0.0,0.0,0.0,0.0,555.0,0.0,555.0,283.0,272.0,35241990,17684227,17557762,3809500,21065316,14176673,16426210,10077331,6348879,18815779,1.5748259391708585e-05,25.51251158480074,True,"mahabubnagar, rangareddy, vikarabad, narayanpet, kvrangareddy"
2025-01-03,madhyapradesh,485772,485,1.0,1.0,2025.0,281.0,436.0,55.0,599.0,0.0,0.0,0.0,1371.0,0.0,1371.0,281.0,436.0,72626809,37612306,35014503,10809395,42851169,29775640,31574133,20146970,11427163,41052676,1.88773266907541e-05,25.494206837362324,True,"maihar, satna"
2025-01-03,tamilnadu,606205,606,1.0,1.0,2025.0,642.0,334.0,0.0,0.0,0.0,0.0,0.0,976.0,0.0,976.0,642.0,334.0,72147030,36137975,36009055,7423832,51837507,20309523,32884681,21434978,11449703,39262349,1.3527930394362735e-05,25.487898089171978,True,"kallakurichi, viluppuram"
2025-01-03,tamilnadu,635901,635,1.0,1.0,2025.0,108.0,103.0,12.0,208.0,0.0,0.0,0.0,431.0,0.0,431.0,108.0,103.0,72147030,36137975,36009055,7423832,51837507,20309523,32884681,21434978,11449703,39262349,5.973911885215511e-06,25.4838104176443,True,"tirupathur, vellore"
2025-01-03,uttarpradesh,245201,245,1.0,1.0,2025.0,236.0,56.0,23.0,421.0,0.0,0.0,0.0,736.0,0.0,736.0,236.0,56.0,199812341,104480510,95331831,30791331,114397555,85414786,65814715,49846762,15967953,133997626,3.683456168505628e-06,25.48148148148148,True,"ghaziabad, hapur"
2025-01-03,rajasthan,325601,325,1.0,1.0,2025.0,164.0,176.0,81.0,1280.0,0.0,0.0,0.0,1701.0,0.0,1701.0,164.0,176.0,68548437,35550997,32997440,10649504,38275282,30273155,29886255,18297076,11589179,38662182,2.4814570170287035e-05,25.471221338324753,True,kota
2025-01-03,rajasthan,342312,342,1.0,1.0,2025.0,462.0,358.0,119.0,1808.0,0.0,0.0,0.0,2747.0,0.0,2747.0,462.0,358.0,68548437,35550997,32997440,10649504,38275282,30273155,29886255,18297076,11589179,38662182,4.0073853179176065e-05,25.470722723231297,True,jodhpur
2025-01-03,odisha,758025,758,1.0,1.0,2025.0,140.0,285.0,45.0,325.0,0.0,0.0,0.0,795.0,0.0,795.0,140.0,285.0,41974218,21212136,20762082,5273194,26742595,15231623,17541589,11902655,5638934,24432629,1.894019800440356e-05,25.470063025210084,True,"jajpur, keonjhar"
2025-01-03,rajasthan,341026,341,1.0,1.0,2025.0,107.0,205.0,57.0,737.0,0.0,0.0,0.0,1106.0,0.0,1106.0,107.0,205.0,68548437,35550997,32997440,10649504,38275282,30273155,29886255,18297076,11589179,38662182,1.6134576489322433e-05,25.45971563981043,True,nagaur
2025-01-03,odisha,768017,768,1.0,1.0,2025.0,116.0,110.0,31.0,307.0,0.0,0.0,0.0,564.0,0.0,564.0,116.0,110.0,41974218,21212136,20762082,5273194,26742595,15231623,17541589,11902655,5638934,24432629,1.3436819716331583e-05,25.454545454545453,True,sambalpur
2025-01-03,westbengal,734008,734,1.0,1.0,2025.0,30.0,71.0,14.0,238.0,0.0,0.0,0.0,353.0,0.0,353.0,30.0,71.0,91276115,46809027,44467088,10581466,61538281,29737834,34756355,26716047,8040308,56519760,3.867386336502162e-06,25.446943483275664,True,"darjeeling, jalpaiguri, kalimpong"
2025-01-03,rajasthan,322204,322,1.0,1.0,2025.0,44.0,67.0,10.0,296.0,0.0,0.0,0.0,417.0,0.0,417.0,44.0,67.0,68548437,35550997,32997440,10649504,38275282,30273155,29886255,18297076,11589179,38662182,6.083289689012165e-06,25.44406779661017,True,"karauli, sawaimadhopur"
2025-01-03,andhrapradesh,522111,522,1.0,1.0,2025.0,236.0,95.0,45.0,305.0,0.0,0.0,0.0,681.0,0.0,681.0,236.0,95.0,49338786,24757918,24580868,5333301,29491443,19847343,22996695,14108263,8888431,26342091,1.3802528501613315e-05,25.442948502187814,True,"guntur, bapatla"
2025-01-03,rajasthan,328025,328,1.0,1.0,2025.0,360.0,379.0,157.0,2402.0,0.0,0.0,0.0,3298.0,0.0,3298.0,360.0,379.0,68548437,35550997,32997440,10649504,38275282,30273155,29886255,18297076,11589179,38662182,4.8111964974489496e-05,25.437062937062937,True,dholpur
2025-01-05,tamilnadu,600099,600,1.0,1.0,2025.0,344.0,606.0,130.0,1030.0,0.0,0.0,0.0,2110.0,0.0,2110.0,344.0,606.0,72147030,36137975,36009055,7423832,51837507,20309523,32884681,21434978,11449703,39262349,2.924583312715714e-05,25.433846742561947,True,"tiruvallur, chennai"
2025-01-03,telangana,505503,505,1.0,1.0,2025.0,24.0,75.0,71.0,851.0,0.0,0.0,0.0,1021.0,0.0,1021.0,24.0,75.0,35241990,17684227,17557762,3809500,21065316,14176673,16426210,10077331,6348879,18815779,2.897112223231435e-05,25.42809415337889,True,"jayashankarbhupalpally, karimnagar"
2025-01-03,karnataka,591248,591,1.0,1.0,2025.0,240.0,189.0,163.0,256.0,0.0,0.0,0.0,848.0,0.0,848.0,240.0,189.0,61095297,30966657,30128640,7161033,40647322,20447975,27872597,18270116,9602481,33222700,1.3879955440760031e-05,25.42679127725857,True,belagavi
2025-01-03,bihar,841410,841,1.0,1.0,2025.0,238.0,536.0,69.0,861.0,0.0,0.0,0.0,1704.0,0.0,1704.0,238.0,536.0,104099452,54278157,49821295,19133964,52504553,51594899,34724987,25222189,9502798,69374465,1.6368962249676397e-05,25.422850412249705,True,saran
2025-01-03,tamilnadu,604408,604,1.0,1.0,2025.0,687.0,224.0,44.0,705.0,0.0,0.0,0.0,1660.0,0.0,1660.0,687.0,224.0,72147030,36137975,36009055,7423832,51837507,20309523,32884681,21434978,11449703,39262349,2.300857013795301e-05,25.41813898704358,True,"tiruvannamalai, kancheepuram"
2025-01-03,westbengal,713339,713,1.0,1.0,2025.0,39.0,138.0,22.0,389.0,0.0,0.0,0.0,588.0,0.0,588.0,39.0,138.0,91276115,46809027,44467088,10581466,61538281,29737834,34756355,26716047,8040308,56519760,6.441991971284054e-06,25.41502308015107,True,"paschimbardhaman, purbabardhaman"
2025-03-01,uttarakhand,249186,249,3.0,1.0,2025.0,0.0,0.0,34.0,710.0,0.0,0.0,0.0,744.0,0.0,744.0,0.0,0.0,10086292,5137773,4948519,1355814,6880953,3205339,3872275,2551921,1320354,6214017,7.376348017685786e-05,25.412506568575935,True,tehrigarhwal
2025-01-03,uttarpradesh,272201,272,1.0,1.0,2025.0,895.0,253.0,103.0,1206.0,0.0,0.0,0.0,2457.0,0.0,2457.0,895.0,253.0,199812341,104480510,95331831,30791331,114397555,85414786,65814715,49846762,15967953,133997626,1.2296537779916206e-05,25.410231660231663,True,siddharthnagar
2025-01-03,bihar,852111,852,1.0,1.0,2025.0,344.0,508.0,54.0,1572.0,0.0,0.0,0.0,2478.0,0.0,2478.0,344.0,508.0,104099452,54278157,49821295,19133964,52504553,51594899,34724987,25222189,9502798,69374465,2.3804159891254758e-05,25.40536277602524,True,supaul
2025-01-03,tamilnadu,600095,600,1.0,1.0,2025.0,274.0,472.0,74.0,901.0,0.0,0.0,0.0,1721.0,0.0,1721.0,274.0,472.0,72147030,36137975,36009055,7423832,51837507,20309523,32884681,21434978,11449703,39262349,2.385406578760068e-05,25.403802852139105,True,"tiruvallur, chennai"
2025-01-03,tamilnadu,627415,627,1.0,1.0,2025.0,229.0,133.0,37.0,191.0,0.0,0.0,0.0,590.0,0.0,590.0,229.0,133.0,72147030,36137975,36009055,7423832,51837507,20309523,32884681,21434978,11449703,39262349,8.177744808067636e-06,25.400302114803626,True,"tenkasi, tirunelveli"
2025-01-03,rajasthan,333516,333,1.0,1.0,2025.0,125.0,251.0,59.0,971.0,0.0,0.0,0.0,1406.0,0.0,1406.0,125.0,251.0,68548437,35550997,32997440,10649504,38275282,30273155,29886255,18297076,11589179,38662182,2.051104389148946e-05,25.394556092597302,True,jhunjhunu
2025-01-03,telangana,505472,505,1.0,1.0,2025.0,54.0,189.0,0.0,0.0,0.0,0.0,0.0,243.0,0.0,243.0,54.0,189.0,35241990,17684227,17557762,3809500,21065316,14176673,16426210,10077331,6348879,18815779,6.8951838417751095e-06,25.391384051329055,True,"karimnagar, siddipet"
2025-01-03,bihar,852124,852,1.0,1.0,2025.0,458.0,988.0,80.0,1147.0,0.0,0.0,0.0,2673.0,0.0,2673.0,458.0,988.0,104099452,54278157,49821295,19133964,52504553,51594899,34724987,25222189,9502798,69374465,2.5677368599404347e-05,25.389505147791432,True,"madhepura, saharsa"
2025-01-03,telangana,505514,505,1.0,1.0,2025.0,31.0,214.0,11.0,58.0,0.0,0.0,0.0,314.0,0.0,314.0,31.0,214.0,35241990,17684227,17557762,3809500,21065316,14176673,16426210,10077331,6348879,18815779,8.909826034227919e-06,25.38323353293413,True,"karimnagar, peddapalli"
2025-03-01,rajasthan,326033,326,3.0,1.0,2025.0,0.0,0.0,91.0,2666.0,0.0,0.0,0.0,2757.0,0.0,2757.0,0.0,0.0,68548437,35550997,32997440,10649504,38275282,30273155,29886255,18297076,11589179,38662182,4.0219735425914966e-05,25.380063124671224,True,jhalawar
2025-01-03,rajasthan,313327,313,1.0,1.0,2025.0,72.0,78.0,43.0,593.0,0.0,0.0,0.0,786.0,0.0,786.0,72.0,78.0,68548437,35550997,32997440,10649504,38275282,30273155,29886255,18297076,11589179,38662182,1.1466344593677606e-05,25.379277108433737,True,rajsamand
2025-03-01,jharkhand,814152,814,3.0,1.0,2025.0,0.0,0.0,56.0,1703.0,0.0,0.0,0.0,1759.0,0.0,1759.0,0.0,0.0,32988134,16930315,16057819,5389495,18328069,14660065,13098274,8424769,4673505,19889860,5.332220367481228e-05,25.377542151920736,True,"deoghar, godda"
2025-01-03,rajasthan,333515,333,1.0,1.0,2025.0,111.0,146.0,38.0,553.0,0.0,0.0,0.0,848.0,0.0,848.0,111.0,146.0,68548437,35550997,32997440,10649504,38275282,30273155,29886255,18297076,11589179,38662182,1.237081452345879e-05,25.375757575757575,True,jhunjhunu
2025-01-03,tamilnadu,635111,635,1.0,1.0,2025.0,198.0,100.0,17.0,293.0,0.0,0.0,0.0,608.0,0.0,608.0,198.0,100.0,72147030,36137975,36009055,7423832,51837507,20309523,32884681,21434978,11449703,39262349,8.427235327635802e-06,25.372128637059724,True,"dharmapuri, krishnagiri"
2025-01-03,rajasthan,323304,323,1.0,1.0,2025.0,105.0,91.0,31.0,417.0,0.0,0.0,0.0,644.0,0.0,644.0,105.0,91.0,68548437,35550997,32997440,10649504,38275282,30273155,29886255,18297076,11589179,38662182,9.394816689985215e-06,25.366255144032923,True,chittorgarh
2025-01-03,gujarat,360110,360,1.0,1.0,2025.0,197.0,180.0,55.0,501.0,0.0,0.0,0.0,933.0,0.0,933.0,197.0,180.0,60439692,31491260,28948432,7777262,41093358,19346334,24767747,18000914,6766833,35671945,1.5436875489041207e-05,25.363513817119745,True,"jamnagar, rajkot"
2025-01-03,karnataka,581212,581,1.0,1.0,2025.0,150.0,122.0,82.0,123.0,0.0,0.0,0.0,477.0,0.0,477.0,150.0,122.0,61095297,30966657,30128640,7161033,40647322,20447975,27872597,18270116,9602481,33222700,7.807474935427517e-06,25.361098803721756,True,"dharwad, haveri"
2025-03-01,uttarpradesh,274203,274,3.0,1.0,2025.0,0.0,0.0,135.0,1851.0,0.0,0.0,0.0,1986.0,0.0,1986.0,0.0,0.0,199812341,104480510,95331831,30791331,114397555,85414786,65814715,49846762,15967953,133997626,9.93932601990785e-06,25.34779834077856,True,"deoria, kushinagar"
2025-01-03,westbengal,712134,712,1.0,1.0,2025.0,112.0,92.0,31.0,449.0,0.0,0.0,0.0,684.0,0.0,684.0,112.0,92.0,91276115,46809027,44467088,10581466,61538281,29737834,34756355,26716047,8040308,56519760,7.493745762514104e-06,25.341944255608432,True,"hooghly, paschimbardhaman, purbabardhaman"
2025-03-01,jharkhand,816107,816,3.0,1.0,2025.0,0.0,0.0,442.0,6554.0,0.0,0.0,0.0,6996.0,0.0,6996.0,0.0,0.0,32988134,16930315,16057819,5389495,18328069,14660065,13098274,8424769,4673505,19889860,0.00021207625748094754,25.341493879590306,True,"pakur, deoghar"
2025-01-03,westbengal,734301,734,1.0,1.0,2025.0,72.0,186.0,15.0,428.0,0.0,0.0,0.0,701.0,0.0,701.0,72.0,186.0,91276115,46809027,44467088,10581466,61538281,29737834,34756355,26716047,8040308,56519760,7.679993829711091e-06,25.33510496943928,True,"darjeeling, kalimpong"
2025-01-07,chandigarh,160101,160,1.0,1.0,2025.0,3818.0,600.0,333.0,1226.0,0.0,0.0,0.0,5977.0,0.0,5977.0,3818.0,600.0,1055450,580663,474787,119434,805438,250012,404136,328159,75977,651314,0.005662987351366716,25.332234518483634,True,chandigarh
2025-01-07,westbengal,722134,722,1.0,1.0,2025.0,336.0,186.0,89.0,628.0,0.0,0.0,0.0,1239.0,0.0,1239.0,336.0,186.0,91276115,46809027,44467088,10581466,61538281,29737834,34756355,26716047,8040308,56519760,1.3574197368062827e-05,25.33211009174312,True,"bankura, jhargram"
2025-01-03,tamilnadu,636109,636,1.0,1.0,2025.0,359.0,181.0,26.0,391.0,0.0,0.0,0.0,957.0,0.0,957.0,359.0,181.0,72147030,36137975,36009055,7423832,51837507,20309523,32884681,21434978,11449703,39262349,1.3264579290374115e-05,25.329113924050635,True,salem
2025-01-03,jharkhand,822101,822,1.0,1.0,2025.0,356.0,362.0,51.0,906.0,0.0,0.0,0.0,1675.0,0.0,1675.0,356.0,362.0,32988134,16930315,16057819,5389495,18328069,14660065,13098274,8424769,4673505,19889860,5.077583351637895e-05,25.326930935839805,True,palamu
2025-01-06,chhatisgarh,497778,497,1.0,1.0,2025.0,400.0,1630.0,0.0,0.0,0.0,0.0,0.0,2030.0,0.0,2030.0,400.0,1630.0,25545198,12832895,12712303,3661689,15379922,10165276,12180225,7133866,5046359,13364973,7.946699023432897e-05,25.326295585412666,True,"koriya, manendragarhchirmiribharatpur"
2025-01-06,westbengal,743329,743,1.0,1.0,2025.0,894.0,984.0,366.0,2962.0,0.0,0.0,0.0,5206.0,0.0,5206.0,894.0,984.0,91276115,46809027,44467088,10581466,61538281,29737834,34756355,26716047,8040308,56519760,5.70357316369129e-05,25.3196843055596,True,"northtwentyfourparganas, southtwentyfourparganas"
2025-01-03,andhrapradesh,515531,515,1.0,1.0,2025.0,200.0,56.0,12.0,52.0,0.0,0.0,0.0,320.0,0.0,320.0,200.0,56.0,49338786,24757918,24580868,5333301,29491443,19847343,22996695,14108263,8888431,26342091,6.485769633650897e-06,25.31490015360983,True,"ananthapuram, srisathyasai"
2025-01-03,rajasthan,335051,335,1.0,1.0,2025.0,260.0,494.0,59.0,1458.0,0.0,0.0,0.0,2271.0,0.0,2271.0,260.0,494.0,68548437,35550997,32997440,10649504,38275282,30273155,29886255,18297076,11589179,38662182,3.312985823440438e-05,25.310381679389316,True,ganganagar
2025-01-03,maharashtra,401403,401,1.0,1.0,2025.0,271.0,419.0,29.0,931.0,0.0,0.0,0.0,1650.0,0.0,1650.0,271.0,419.0,112374333,58243056,54131277,13326517,81554290,30820043,49427878,32616875,16811003,62946455,1.4683068241214833e-05,25.304182509505704,True,"palghar, thane, mumbaicity"
2025-01-06,chhatisgarh,496551,496,1.0,1.0,2025.0,205.0,1957.0,0.0,0.0,0.0,0.0,0.0,2162.0,0.0,2162.0,205.0,1957.0,25545198,12832895,12712303,3661689,15379922,10165276,12180225,7133866,5046359,13364973,8.463430191459076e-05,25.301103117505995,True,"raigarh, sarangarhbilaigarh, raigad"
2025-01-03,tamilnadu,632512,632,1.0,1.0,2025.0,109.0,97.0,26.0,172.0,0.0,0.0,0.0,404.0,0.0,404.0,109.0,97.0,72147030,36137975,36009055,7423832,51837507,20309523,32884681,21434978,11449703,39262349,5.599676105863263e-06,25.296500920810313,True,"tiruvannamalai, vellore, ranipet"
2025-01-07,gujarat,382170,382,1.0,1.0,2025.0,359.0,216.0,0.0,0.0,0.0,0.0,0.0,575.0,0.0,575.0,359.0,216.0,60439692,31491260,28948432,7777262,41093358,19346334,24767747,18000914,6766833,35671945,9.513615655089705e-06,25.29325513196481,True,"ahmedabad, mahesana"
2025-01-03,jharkhand,826004,826,1.0,1.0,2025.0,290.0,764.0,57.0,1228.0,0.0,0.0,0.0,2339.0,0.0,2339.0,290.0,764.0,32988134,16930315,16057819,5389495,18328069,14660065,13098274,8424769,4673505,19889860,7.09042833401853e-05,25.290181180596143,True,dhanbad
2025-01-04,andhrapradesh,533445,533,1.0,1.0,2025.0,574.0,107.0,0.0,0.0,0.0,0.0,0.0,681.0,0.0,681.0,574.0,107.0,49338786,24757918,24580868,5333301,29491443,19847343,22996695,14108263,8888431,26342091,1.3802528501613315e-05,25.289661319073083,True,"eastgodavari, kakinada"
2025-01-07,odisha,754205,754,1.0,1.0,2025.0,375.0,125.0,0.0,0.0,0.0,0.0,0.0,500.0,0.0,500.0,375.0,125.0,41974218,21212136,20762082,5273194,26742595,15231623,17541589,11902655,5638934,24432629,1.1912074216606013e-05,25.289575289575293,True,"cuttack, jajpur"
2025-01-05,puducherry,605110,605,1.0,1.0,2025.0,229.0,328.0,86.0,367.0,0.0,0.0,0.0,1010.0,0.0,1010.0,229.0,328.0,1247953,612511,635442,132858,957309,290644,444968,332931,112037,802985,0.0008093253511951171,25.288315629742034,True,puducherry
2025-01-03,assam,786174,786,1.0,1.0,2025.0,87.0,33.0,22.0,416.0,0.0,0.0,0.0,558.0,0.0,558.0,87.0,33.0,31205576,15939443,15266133,4638130,19177977,12027599,11969690,8541560,3428130,19235886,1.788141965397466e-05,25.272465851905103,True,tinsukia
2025-01-07,madhyapradesh,470235,470,1.0,1.0,2025.0,717.0,296.0,160.0,700.0,0.0,0.0,0.0,1873.0,0.0,1873.0,717.0,296.0,72626809,37612306,35014503,10809395,42851169,29775640,31574133,20146970,11427163,41052676,2.578937482989236e-05,25.246840775063184,True,sagar
2025-01-03,andhrapradesh,531113,531,1.0,1.0,2025.0,383.0,137.0,35.0,386.0,0.0,0.0,0.0,941.0,0.0,941.0,383.0,137.0,49338786,24757918,24580868,5333301,29491443,19847343,22996695,14108263,8888431,26342091,1.9072216328954668e-05,25.233085808580856,True,"anakapalli, visakhapatnam"
2025-03-01,meghalaya,794002,794,3.0,1.0,2025.0,0.0,0.0,24.0,758.0,0.0,0.0,0.0,782.0,0.0,782.0,0.0,0.0,2966889,1491832,1475057,568536,1785005,1181884,1185619,703709,481910,1781270,0.0002635757522441857,25.231747527084313,True,"northgarohills, westgarohills, eastgarohills"
2025-01-03,tamilnadu,627953,627,1.0,1.0,2025.0,179.0,194.0,27.0,285.0,0.0,0.0,0.0,685.0,0.0,685.0,179.0,194.0,72147030,36137975,36009055,7423832,51837507,20309523,32884681,21434978,11449703,39262349,9.494500328010731e-06,25.226628895184138,True,"tenkasi, tirunelveli"
2025-01-03,andhrapradesh,531036,531,1.0,1.0,2025.0,454.0,180.0,53.0,562.0,0.0,0.0,0.0,1249.0,0.0,1249.0,454.0,180.0,49338786,24757918,24580868,5333301,29491443,19847343,22996695,14108263,8888431,26342091,2.5314769601343657e-05,25.22143596824301,True,"anakapalli, visakhapatnam"
2025-01-03,assam,785690,785,1.0,1.0,2025.0,75.0,53.0,33.0,432.0,0.0,0.0,0.0,593.0,0.0,593.0,75.0,53.0,31205576,15939443,15266133,4638130,19177977,12027599,11969690,8541560,3428130,19235886,1.9003014076715007e-05,25.21899841017488,True,"charaideo, sibsagar"
2025-01-06,telangana,503111,503,1.0,1.0,2025.0,215.0,268.0,89.0,585.0,0.0,0.0,0.0,1157.0,0.0,1157.0,215.0,268.0,35241990,17684227,17557762,3809500,21065316,14176673,16426210,10077331,6348879,18815779,3.2830155164336636e-05,25.210477515067222,True,"kamareddy, nizamabad"
2025-01-03,jharkhand,825301,825,1.0,1.0,2025.0,807.0,999.0,130.0,2641.0,0.0,0.0,0.0,4577.0,0.0,4577.0,807.0,999.0,32988134,16930315,16057819,5389495,18328069,14660065,13098274,8424769,4673505,19889860,0.00013874685970415907,25.207010496306857,True,hazaribagh
2025-01-07,telangana,500058,500,1.0,1.0,2025.0,115.0,107.0,39.0,364.0,0.0,0.0,0.0,625.0,0.0,625.0,115.0,107.0,35241990,17684227,17557762,3809500,21065316,14176673,16426210,10077331,6348879,18815779,1.7734526342014173e-05,25.205448181403135,True,"hyderabad, rangareddy, kvrangareddy"
2025-03-01,telangana,507116,507,3.0,1.0,2025.0,0.0,0.0,48.0,229.0,0.0,0.0,0.0,277.0,0.0,277.0,0.0,0.0,35241990,17684227,17557762,3809500,21065316,14176673,16426210,10077331,6348879,18815779,7.85994207478068e-06,25.197191697191695,True,"bhadradrikothagudem, khammam"
2025-01-07,westbengal,743368,743,1.0,1.0,2025.0,562.0,686.0,175.0,2598.0,0.0,0.0,0.0,4021.0,0.0,4021.0,562.0,686.0,91276115,46809027,44467088,10581466,61538281,29737834,34756355,26716047,8040308,56519760,4.405314577641697e-05,25.19703339414611,True,southtwentyfourparganas
2025-01-03,uttarpradesh,205142,205,1.0,1.0,2025.0,190.0,70.0,30.0,576.0,0.0,0.0,0.0,866.0,0.0,866.0,190.0,70.0,199812341,104480510,95331831,30791331,114397555,85414786,65814715,49846762,15967953,133997626,4.334066633051459e-06,25.19568277803848,True,"firozabad, mainpuri"
2025-01-06,chhatisgarh,494230,494,1.0,1.0,2025.0,107.0,569.0,0.0,0.0,0.0,0.0,0.0,676.0,0.0,676.0,107.0,569.0,25545198,12832895,12712303,3661689,15379922,10165276,12180225,7133866,5046359,13364973,2.646289921103763e-05,25.188451033944595,True,"kanker, kondagaon, dhamtari, bastar, gariyaband"
2025-01-07,karnataka,562110,562,1.0,1.0,2025.0,279.0,384.0,106.0,903.0,139.0,22.0,13.0,1672.0,174.0,9.554285714285715,12.130434782608695,27.428571428571427,61095297,30966657,30128640,7161033,40647322,20447975,27872597,18270116,9602481,33222700,2.736708195395138e-05,25.183431952662723,True,"bengalururural, bengaluruurban"
2025-01-07,rajasthan,312403,312,1.0,1.0,2025.0,359.0,155.0,0.0,0.0,0.0,0.0,0.0,514.0,0.0,514.0,359.0,155.0,68548437,35550997,32997440,10649504,38275282,30273155,29886255,18297076,11589179,38662182,7.498347482379504e-06,25.169566976932416,True,"chittorgarh, pratapgarh"
2025-03-01,uttarpradesh,205304,205,3.0,1.0,2025.0,0.0,0.0,27.0,341.0,0.0,0.0,0.0,368.0,0.0,368.0,0.0,0.0,199812341,104480510,95331831,30791331,114397555,85414786,65814715,49846762,15967953,133997626,1.841728084252814e-06,25.159183673469386,True,mainpuri
2025-01-06,madhyapradesh,485775,485,1.0,1.0,2025.0,1100.0,460.0,176.0,658.0,0.0,0.0,0.0,2394.0,0.0,2394.0,1100.0,460.0,72626809,37612306,35014503,10809395,42851169,29775640,31574133,20146970,11427163,41052676,3.296303435278287e-05,25.152380952380952,True,"satna, maihar"
2025-01-03,jharkhand,829127,829,1.0,1.0,2025.0,15.0,46.0,14.0,553.0,0.0,0.0,0.0,628.0,0.0,628.0,15.0,46.0,32988134,16930315,16057819,5389495,18328069,14660065,13098274,8424769,4673505,19889860,1.9037148327334912e-05,25.15193897012079,True,bokaro
2025-01-03,telangana,502300,502,1.0,1.0,2025.0,16.0,34.0,48.0,212.0,0.0,0.0,0.0,310.0,0.0,310.0,16.0,34.0,35241990,17684227,17557762,3809500,21065316,14176673,16426210,10077331,6348879,18815779,8.796325065639028e-06,25.147721582373563,True,"medak, sangareddy"
2025-01-07,telangana,502336,502,1.0,1.0,2025.0,230.0,288.0,0.0,0.0,0.0,0.0,0.0,518.0,0.0,518.0,230.0,288.0,35241990,17684227,17557762,3809500,21065316,14176673,16426210,10077331,6348879,18815779,1.4698375432261345e-05,25.145631067961162,True,"medak, siddipet"
2025-01-03,rajasthan,322215,322,1.0,1.0,2025.0,79.0,108.0,33.0,390.0,0.0,0.0,0.0,610.0,0.0,610.0,79.0,108.0,68548437,35550997,32997440,10649504,38275282,30273155,29886255,18297076,11589179,38662182,8.898817051072951e-06,25.14503816793893,True,"karauli, sawaimadhopur"
2025-01-03,bihar,805131,805,1.0,1.0,2025.0,307.0,690.0,109.0,1740.0,0.0,0.0,0.0,2846.0,0.0,2846.0,307.0,690.0,104099452,54278157,49821295,19133964,52504553,51594899,34724987,25222189,9502798,69374465,2.7339240940480648e-05,25.143168340796322,True,gaya
2025-01-06,madhyapradesh,473443,473,1.0,1.0,2025.0,2133.0,1048.0,147.0,1078.0,291.0,238.0,12.0,4406.0,541.0,8.129151291512915,8.92468619246862,80.61538461538461,72626809,37612306,35014503,10809395,42851169,29775640,31574133,20146970,11427163,41052676,6.0666302990125866e-05,25.1390812445138,True,"ashoknagar, guna"
2025-01-03,jharkhand,825407,825,1.0,1.0,2025.0,231.0,237.0,14.0,932.0,0.0,0.0,0.0,1414.0,0.0,1414.0,231.0,237.0,32988134,16930315,16057819,5389495,18328069,14660065,13098274,8424769,4673505,19889860,4.2863897666961095e-05,25.123462414578587,True,koderma
2025-01-06,andhrapradesh,535521,535,1.0,1.0,2025.0,612.0,468.0,0.0,0.0,0.0,0.0,0.0,1080.0,0.0,1080.0,612.0,468.0,49338786,24757918,24580868,5333301,29491443,19847343,22996695,14108263,8888431,26342091,2.1889472513571778e-05,25.11627906976744,True,"parvathipurammanyam, vizianagaram"
2025-01-04,delhi,110037,110,1.0,1.0,2025.0,1063.0,865.0,489.0,1984.0,126.0,65.0,11.0,4401.0,202.0,21.679802955665025,16.106060606060606,72.08333333333333,16787941,8987326,7800615,2012454,12737767,4050174,5587049,4762026,825023,11200892,0.000262152458124555,25.105719365831973,True,"southwestdelhi, newdelhi"
2025-01-03,andhrapradesh,515286,515,1.0,1.0,2025.0,304.0,85.0,0.0,0.0,0.0,0.0,0.0,389.0,0.0,389.0,304.0,85.0,49338786,24757918,24580868,5333301,29491443,19847343,22996695,14108263,8888431,26342091,7.884263710906872e-06,25.10479233226837,True,"ananthapuram, srisathyasai"
2025-01-03,tamilnadu,636118,636,1.0,1.0,2025.0,221.0,33.0,0.0,0.0,0.0,0.0,0.0,254.0,0.0,254.0,221.0,33.0,72147030,36137975,36009055,7423832,51837507,20309523,32884681,21434978,11449703,39262349,3.5205884427952195e-06,25.1046511627907,True,"namakkal, salem"
2025-01-07,chhatisgarh,497111,497,1.0,1.0,2025.0,291.0,808.0,182.0,3351.0,0.0,0.0,0.0,4632.0,0.0,4632.0,291.0,808.0,25545198,12832895,12712303,3661689,15379922,10165276,12180225,7133866,5046359,13364973,0.00018132566441645903,25.100175746924428,True,surguja
2025-01-04,delhi,110030,110,1.0,1.0,2025.0,1218.0,1632.0,0.0,0.0,0.0,0.0,0.0,2850.0,0.0,2850.0,1218.0,1632.0,16787941,8987326,7800615,2012454,12737767,4050174,5587049,4762026,825023,11200892,0.00016976471385025715,25.097125097125097,True,"southdelhi, southwestdelhi"
2025-01-07,madhyapradesh,457993,457,1.0,1.0,2025.0,1299.0,660.0,0.0,0.0,0.0,0.0,0.0,1959.0,0.0,1959.0,1299.0,660.0,72626809,37612306,35014503,10809395,42851169,29775640,31574133,20146970,11427163,41052676,2.6973510566876206e-05,25.091055860510174,True,"alirajpur, jhabua"
2025-01-03,madhyapradesh,454773,454,1.0,1.0,2025.0,173.0,216.0,52.0,246.0,0.0,0.0,0.0,687.0,0.0,687.0,173.0,216.0,72626809,37612306,35014503,10809395,42851169,29775640,31574133,20146970,11427163,41052676,9.459316875673279e-06,25.084805653710248,True,"dhar, indore"
2025-01-03,uttarpradesh,227816,227,1.0,1.0,2025.0,284.0,204.0,77.0,1046.0,0.0,0.0,0.0,1611.0,0.0,1611.0,284.0,204.0,199812341,104480510,95331831,30791331,114397555,85414786,65814715,49846762,15967953,133997626,8.062565064487184e-06,25.084462865464317,True,"amethi, sultanpur"
2025-01-03,tamilnadu,606206,606,1.0,1.0,2025.0,622.0,351.0,0.0,0.0,0.0,0.0,0.0,973.0,0.0,973.0,622.0,351.0,72147030,36137975,36009055,7423832,51837507,20309523,32884681,21434978,11449703,39262349,1.3486348641101373e-05,25.074509803921572,True,"kallakurichi, viluppuram, cuddalore"
2025-01-03,maharashtra,414502,414,1.0,1.0,2025.0,350.0,848.0,68.0,3177.0,0.0,0.0,0.0,4443.0,0.0,4443.0,350.0,848.0,112374333,58243056,54131277,13326517,81554290,30820043,49427878,32616875,16811003,62946455,3.953749830043485e-05,25.063933809702895,True,ahmednagar
2025-01-06,chhatisgarh,493996,493,1.0,1.0,2025.0,192.0,1298.0,0.0,0.0,0.0,0.0,0.0,1490.0,0.0,1490.0,192.0,1298.0,25545198,12832895,12712303,3661689,15379922,10165276,12180225,7133866,5046359,13364973,5.832798790598531e-05,25.05254308532997,True,"gariyaband, raipur"
2025-01-07,delhi,110053,110,1.0,1.0,2025.0,2680.0,4554.0,0.0,0.0,1042.0,554.0,12.0,7234.0,1608.0,4.495960223741454,4.828828828828829,350.3076923076923,16787941,8987326,7800615,2012454,12737767,4050174,5587049,4762026,825023,11200892,0.00043090454034833695,25.05031132421004,True,"eastdelhi, northeastdelhi, shahdara"
2025-01-03,chhatisgarh,491666,491,1.0,1.0,2025.0,135.0,418.0,32.0,1370.0,0.0,0.0,0.0,1955.0,0.0,1955.0,135.0,418.0,25545198,12832895,12712303,3661689,15379922,10165276,12180225,7133866,5046359,13364973,7.653101768872569e-05,25.047911283376397,True,"rajnandgaon, mohlamanpurambagarhchowki"
2025-01-03,telangana,500056,500,1.0,1.0,2025.0,90.0,110.0,99.0,485.0,0.0,0.0,0.0,784.0,0.0,784.0,90.0,110.0,35241990,17684227,17557762,3809500,21065316,14176673,16426210,10077331,6348879,18815779,2.2246189843422575e-05,25.025250119104335,True,"hyderabad, medchalmalkajgiri"
2025-01-03,tamilnadu,628152,628,1.0,1.0,2025.0,195.0,55.0,12.0,100.0,0.0,0.0,0.0,362.0,0.0,362.0,195.0,55.0,72147030,36137975,36009055,7423832,51837507,20309523,32884681,21434978,11449703,39262349,5.017531560204211e-06,25.012562814070353,True,thoothukkudi
2025-01-03,jharkhand,833104,833,1.0,1.0,2025.0,797.0,1210.0,77.0,1938.0,0.0,0.0,0.0,4022.0,0.0,4022.0,797.0,1210.0,32988134,16930315,16057819,5389495,18328069,14660065,13098274,8424769,4673505,19889860,0.00012192262830022455,25.00660604647548,True,"westsinghbhum, eastsinghbhum"
2025-01-05,gujarat,361001,361,1.0,1.0,2025.0,822.0,581.0,129.0,1984.0,179.0,29.0,10.0,3516.0,218.0,16.054794520547944,27.4,52.81818181818182,60439692,31491260,28948432,7777262,41093358,19346334,24767747,18000914,6766833,35671945,5.8173691553557224e-05,25.00567035079289,True,jamnagar
2025-01-03,bihar,813209,813,1.0,1.0,2025.0,1168.0,995.0,313.0,2266.0,0.0,0.0,0.0,4742.0,0.0,4742.0,1168.0,995.0,104099452,54278157,49821295,19133964,52504553,51594899,34724987,25222189,9502798,69374465,4.5552593302796636e-05,25.002961357890936,True,bhagalpur
2025-01-03,uttarpradesh,271203,271,1.0,1.0,2025.0,267.0,87.0,25.0,383.0,0.0,0.0,0.0,762.0,0.0,762.0,267.0,87.0,199812341,104480510,95331831,30791331,114397555,85414786,65814715,49846762,15967953,133997626,3.813578261414794e-06,25.001426533523535,True,balrampur
2025-01-04,andhrapradesh,532440,532,1.0,1.0,2025.0,945.0,220.0,0.0,0.0,0.0,0.0,0.0,1165.0,0.0,1165.0,945.0,220.0,49338786,24757918,24580868,5333301,29491443,19847343,22996695,14108263,8888431,26342091,2.3612255072510297e-05,25.0,True,"parvathipurammanyam, srikakulam, vizianagaram"
2025-01-03,bihar,843102,843,1.0,1.0,2025.0,151.0,154.0,52.0,446.0,0.0,0.0,0.0,803.0,0.0,803.0,151.0,154.0,104099452,54278157,49821295,19133964,52504553,51594899,34724987,25222189,9502798,69374465,7.713777398174968e-06,24.989261450799912,True,"muzaffarpur, vaishali"
2025-01-04,andhrapradesh,522403,522,1.0,1.0,2025.0,1085.0,264.0,0.0,0.0,0.0,0.0,0.0,1349.0,0.0,1349.0,1085.0,264.0,49338786,24757918,24580868,5333301,29491443,19847343,22996695,14108263,8888431,26342091,2.734157261185956e-05,24.984834250436183,True,"guntur, palnadu"
2025-01-03,westbengal,735223,735,1.0,1.0,2025.0,37.0,93.0,14.0,357.0,0.0,0.0,0.0,501.0,0.0,501.0,37.0,93.0,91276115,46809027,44467088,10581466,61538281,29737834,34756355,26716047,8040308,56519760,5.488840097981821e-06,24.977948226270374,True,"jalpaiguri, kalimpong, darjeeling, coochbehar"
2025-01-06,punjab,140401,140,1.0,1.0,2025.0,1033.0,763.0,171.0,1120.0,0.0,0.0,0.0,3087.0,0.0,3087.0,1033.0,763.0,27743338,14639465,13103873,3076219,18707137,9036201,9897362,8074157,1823205,17845976,0.00011126995605215205,24.970090293453726,True,"fatehgarhsahib, patiala, sasnagarmohali"
2025-01-07,westbengal,721152,721,1.0,1.0,2025.0,420.0,517.0,0.0,0.0,0.0,0.0,0.0,937.0,0.0,937.0,420.0,517.0,91276115,46809027,44467088,10581466,61538281,29737834,34756355,26716047,8040308,56519760,1.026555523315163e-05,24.96371152962793,True,"purbamedinipur, paschimmedinipur"
2025-01-03,uttarakhand,248199,248,1.0,1.0,2025.0,131.0,236.0,52.0,344.0,0.0,0.0,0.0,763.0,0.0,763.0,131.0,236.0,10086292,5137773,4948519,1355814,6880953,3205339,3872275,2551921,1320354,6214017,7.564722496632063e-05,24.963015647226175,True,dehradun
2025-01-07,chhatisgarh,491227,491,1.0,1.0,2025.0,599.0,3553.0,94.0,866.0,0.0,0.0,0.0,5112.0,0.0,5112.0,599.0,3553.0,25545198,12832895,12712303,3661689,15379922,10165276,12180225,7133866,5046359,13364973,0.00020011588870832005,24.952408844633183,True,"balod, durg"
2025-01-03,jharkhand,814112,814,1.0,1.0,2025.0,352.0,356.0,58.0,1404.0,0.0,0.0,0.0,2170.0,0.0,2170.0,352.0,356.0,32988134,16930315,16057819,5389495,18328069,14660065,13098274,8424769,4673505,19889860,6.578122909286108e-05,24.94620486366986,True,deoghar
2025-03-01,telangana,509128,509,3.0,1.0,2025.0,0.0,0.0,174.0,555.0,0.0,0.0,0.0,729.0,0.0,729.0,0.0,0.0,35241990,17684227,17557762,3809500,21065316,14176673,16426210,10077331,6348879,18815779,2.0685551525325328e-05,24.945708277575992,True,"jogulambagadwal, mahabubnagar"
2025-01-03,odisha,764027,764,1.0,1.0,2025.0,483.0,1271.0,35.0,476.0,0.0,0.0,0.0,2265.0,0.0,2265.0,483.0,1271.0,41974218,21212136,20762082,5273194,26742595,15231623,17541589,11902655,5638934,24432629,5.396169620122524e-05,24.929245283018865,True,"koraput, rayagada"
2025-01-03,jharkhand,834009,834,1.0,1.0,2025.0,303.0,450.0,62.0,797.0,0.0,0.0,0.0,1612.0,0.0,1612.0,303.0,450.0,32988134,16930315,16057819,5389495,18328069,14660065,13098274,8424769,4673505,19889860,4.886605589755395e-05,24.927835051546396,True,"ranchi, lohardaga"
2025-01-03,tamilnadu,603202,603,1.0,1.0,2025.0,296.0,385.0,42.0,700.0,0.0,0.0,0.0,1423.0,0.0,1423.0,296.0,385.0,72147030,36137975,36009055,7423832,51837507,20309523,32884681,21434978,11449703,39262349,1.9723611630305502e-05,24.926326635754766,True,"chengalpattu, kancheepuram"
2025-01-06,telangana,500002,500,1.0,1.0,2025.0,289.0,322.0,164.0,797.0,0.0,0.0,0.0,1572.0,0.0,1572.0,289.0,322.0,35241990,17684227,17557762,3809500,21065316,14176673,16426210,10077331,6348879,18815779,4.4605880655434045e-05,24.926178725191644,True,hyderabad
2025-01-03,delhi,110064,110,1.0,1.0,2025.0,201.0,298.0,66.0,843.0,0.0,0.0,0.0,1408.0,0.0,1408.0,201.0,298.0,16787941,8987326,7800615,2012454,12737767,4050174,5587049,4762026,825023,11200892,8.386972529865336e-05,24.92494929006085,True,"southwestdelhi, westdelhi"
2025-01-03,mizoram,796009,796,1.0,1.0,2025.0,1040.0,293.0,0.0,0.0,0.0,0.0,0.0,1333.0,0.0,1333.0,1040.0,293.0,1097206,555339,541867,168531,848175,249031,486705,290740,195965,610501,0.0012149040380748921,24.923652228108445,True,aizawl
2025-01-03,jharkhand,822114,822,1.0,1.0,2025.0,2116.0,3089.0,197.0,4355.0,0.0,0.0,0.0,9757.0,0.0,9757.0,2116.0,3089.0,32988134,16930315,16057819,5389495,18328069,14660065,13098274,8424769,4673505,19889860,0.0002957730194742146,24.92097118302834,True,garhwa
2025-01-03,karnataka,577530,577,1.0,1.0,2025.0,759.0,273.0,47.0,183.0,0.0,0.0,0.0,1262.0,0.0,1262.0,759.0,273.0,61095297,30966657,30128640,7161033,40647322,20447975,27872597,18270116,9602481,33222700,2.0656254441319763e-05,24.920506329113923,True,davanagere
2025-01-03,bihar,802214,802,1.0,1.0,2025.0,186.0,248.0,65.0,778.0,0.0,0.0,0.0,1277.0,0.0,1277.0,186.0,248.0,104099452,54278157,49821295,19133964,52504553,51594899,34724987,25222189,9502798,69374465,1.2267115488753966e-05,24.918651799290423,True,rohtas
2025-01-03,uttarpradesh,209652,209,1.0,1.0,2025.0,16.0,41.0,26.0,337.0,0.0,0.0,0.0,420.0,0.0,420.0,16.0,41.0,199812341,104480510,95331831,30791331,114397555,85414786,65814715,49846762,15967953,133997626,2.1019722700711465e-06,24.915254237288135,True,farrukhabad
2025-01-03,bihar,802201,802,1.0,1.0,2025.0,214.0,563.0,92.0,1107.0,0.0,0.0,0.0,1976.0,0.0,1976.0,214.0,563.0,104099452,54278157,49821295,19133964,52504553,51594899,34724987,25222189,9502798,69374465,1.8981848242582487e-05,24.895010918864436,True,bhojpur
2025-01-03,uttarpradesh,271206,271,1.0,1.0,2025.0,665.0,269.0,107.0,1405.0,0.0,0.0,0.0,2446.0,0.0,2446.0,665.0,269.0,199812341,104480510,95331831,30791331,114397555,85414786,65814715,49846762,15967953,133997626,1.2241486125223867e-05,24.894829691952776,True,balrampur
2025-01-03,andhrapradesh,521230,521,1.0,1.0,2025.0,399.0,340.0,46.0,493.0,0.0,0.0,0.0,1278.0,0.0,1278.0,399.0,340.0,49338786,24757918,24580868,5333301,29491443,19847343,22996695,14108263,8888431,26342091,2.590254247439327e-05,24.890931754440636,True,"krishna, ntr"
2025-01-06,andhrapradesh,532440,532,1.0,1.0,2025.0,449.0,251.0,82.0,377.0,0.0,0.0,0.0,1159.0,0.0,1159.0,449.0,251.0,49338786,24757918,24580868,5333301,29491443,19847343,22996695,14108263,8888431,26342091,2.349064689187934e-05,24.871244635193133,True,"parvathipurammanyam, srikakulam, vizianagaram"
2025-01-03,andhrapradesh,517526,517,1.0,1.0,2025.0,65.0,49.0,18.0,200.0,0.0,0.0,0.0,332.0,0.0,332.0,65.0,49.0,49338786,24757918,24580868,5333301,29491443,19847343,22996695,14108263,8888431,26342091,6.728985994912805e-06,24.864479315263907,True,"chittoor, tirupati"
2025-01-07,rajasthan,306504,306,1.0,1.0,2025.0,854.0,357.0,97.0,762.0,0.0,0.0,0.0,2070.0,0.0,2070.0,854.0,357.0,68548437,35550997,32997440,10649504,38275282,30273155,29886255,18297076,11589179,38662182,3.0197625074952474e-05,24.84414069011502,True,pali
2025-01-03,maharashtra,441101,441,1.0,1.0,2025.0,253.0,548.0,23.0,1161.0,0.0,0.0,0.0,1985.0,0.0,1985.0,253.0,548.0,112374333,58243056,54131277,13326517,81554290,30820043,49427878,32616875,16811003,62946455,1.76641760356433e-05,24.83390854184642,True,nagpur
2025-01-03,jammuandkashmir,182125,182,1.0,1.0,2025.0,440.0,715.0,35.0,474.0,0.0,0.0,0.0,1664.0,0.0,1664.0,440.0,715.0,12267013,6483906,12423769,6608718,12361296,6546379,12414350,6547558,12507454,6493325,0.0001356483440589816,24.826319816373374,True,"udhampur, reasi"
2025-01-03,bihar,845434,845,1.0,1.0,2025.0,217.0,261.0,64.0,623.0,0.0,0.0,0.0,1165.0,0.0,1165.0,217.0,261.0,104099452,54278157,49821295,19133964,52504553,51594899,34724987,25222189,9502798,69374465,1.1191221256380869e-05,24.823409223584353,True,eastchamparan
2025-01-03,tamilnadu,601201,601,1.0,1.0,2025.0,1177.0,275.0,58.0,950.0,0.0,0.0,0.0,2460.0,0.0,2460.0,1177.0,275.0,72147030,36137975,36009055,7423832,51837507,20309523,32884681,21434978,11449703,39262349,3.4097037674315906e-05,24.816753926701573,True,tiruvallur
2025-01-04,andhrapradesh,518222,518,1.0,1.0,2025.0,2174.0,317.0,0.0,0.0,0.0,0.0,0.0,2491.0,0.0,2491.0,2174.0,317.0,49338786,24757918,24580868,5333301,29491443,19847343,22996695,14108263,8888431,26342091,5.04876629919512e-05,24.81484532993783,True,"kurnool, nandyal"
2025-01-03,assam,784114,784,1.0,1.0,2025.0,105.0,79.0,42.0,343.0,0.0,0.0,0.0,569.0,0.0,569.0,105.0,79.0,31205576,15939443,15266133,4638130,19177977,12027599,11969690,8541560,3428130,19235886,1.8233920758264484e-05,24.807012195121953,True,"darrang, udalguri, sonitpur"
2025-01-03,bihar,824236,824,1.0,1.0,2025.0,370.0,730.0,224.0,1526.0,0.0,0.0,0.0,2850.0,0.0,2850.0,370.0,730.0,104099452,54278157,49821295,19133964,52504553,51594899,34724987,25222189,9502798,69374465,2.7377665734493973e-05,24.806876292024807,True,gaya
2025-01-03,rajasthan,301027,301,1.0,1.0,2025.0,157.0,244.0,37.0,1236.0,0.0,0.0,0.0,1674.0,0.0,1674.0,157.0,244.0,68548437,35550997,32997440,10649504,38275282,30273155,29886255,18297076,11589179,38662182,2.4420688104092003e-05,24.80258764607679,True,alwar
2025-01-03,uttarpradesh,271215,271,1.0,1.0,2025.0,264.0,149.0,38.0,810.0,0.0,0.0,0.0,1261.0,0.0,1261.0,264.0,149.0,199812341,104480510,95331831,30791331,114397555,85414786,65814715,49846762,15967953,133997626,6.310921506094561e-06,24.800831024930748,True,"balrampur, gonda"
2025-01-03,jharkhand,814146,814,1.0,1.0,2025.0,404.0,333.0,44.0,1371.0,0.0,0.0,0.0,2152.0,0.0,2152.0,404.0,333.0,32988134,16930315,16057819,5389495,18328069,14660065,13098274,8424769,4673505,19889860,6.523557834462537e-05,24.800508663169605,True,"deoghar, dumka"
2025-01-03,mizoram,796008,796,1.0,1.0,2025.0,637.0,169.0,0.0,0.0,0.0,0.0,0.0,806.0,0.0,806.0,637.0,169.0,1097206,555339,541867,168531,848175,249031,486705,290740,195965,610501,0.0007345931393010975,24.8,True,aizawl
2025-01-03,tamilnadu,606753,606,1.0,1.0,2025.0,736.0,121.0,17.0,533.0,0.0,0.0,0.0,1407.0,0.0,1407.0,736.0,121.0,72147030,36137975,36009055,7423832,51837507,20309523,32884681,21434978,11449703,39262349,1.9501842279578246e-05,24.792951541850222,True,tiruvannamalai
2025-01-07,odisha,752065,752,1.0,1.0,2025.0,339.0,213.0,0.0,0.0,0.0,0.0,0.0,552.0,0.0,552.0,339.0,213.0,41974218,21212136,20762082,5273194,26742595,15231623,17541589,11902655,5638934,24432629,1.3150929935133038e-05,24.78616120721384,True,"khordha, nayagarh"
2025-01-03,punjab,151302,151,1.0,1.0,2025.0,209.0,760.0,21.0,538.0,0.0,0.0,0.0,1528.0,0.0,1528.0,209.0,760.0,27743338,14639465,13103873,3076219,18707137,9036201,9897362,8074157,1823205,17845976,5.507628534100691e-05,24.779596048945894,True,"bathinda, mansa"
2025-01-03,uttarpradesh,212214,212,1.0,1.0,2025.0,789.0,142.0,108.0,1820.0,0.0,0.0,0.0,2859.0,0.0,2859.0,789.0,142.0,199812341,104480510,95331831,30791331,114397555,85414786,65814715,49846762,15967953,133997626,1.430842552412716e-05,24.77632733655112,True,"kaushambi, prayagraj"
2025-01-03,uttarpradesh,272271,272,1.0,1.0,2025.0,343.0,391.0,119.0,2052.0,0.0,0.0,0.0,2905.0,0.0,2905.0,343.0,391.0,199812341,104480510,95331831,30791331,114397555,85414786,65814715,49846762,15967953,133997626,1.4538641534658762e-05,24.776119402985074,True,"santkabirnagar, basti"
2025-01-04,assam,781328,781,1.0,1.0,2025.0,171.0,14.0,0.0,0.0,0.0,0.0,0.0,185.0,0.0,185.0,171.0,14.0,31205576,15939443,15266133,4638130,19177977,12027599,11969690,8541560,3428130,19235886,5.928427663056115e-06,24.772727272727273,True,"baksa, barpeta, bajali"
2025-01-03,chhatisgarh,496445,496,1.0,1.0,2025.0,153.0,481.0,53.0,1521.0,0.0,0.0,0.0,2208.0,0.0,2208.0,153.0,481.0,25545198,12832895,12712303,3661689,15379922,10165276,12180225,7133866,5046359,13364973,8.643503174256078e-05,24.770599613152804,True,"raigarh, sarangarhbilaigarh, gariyaband, raigad"
2025-01-03,rajasthan,342606,342,1.0,1.0,2025.0,253.0,415.0,57.0,1535.0,0.0,0.0,0.0,2260.0,0.0,2260.0,253.0,415.0,68548437,35550997,32997440,10649504,38275282,30273155,29886255,18297076,11589179,38662182,3.296938776299159e-05,24.765289500962535,True,jodhpur
2025-01-03,telangana,502336,502,1.0,1.0,2025.0,108.0,152.0,69.0,181.0,0.0,0.0,0.0,510.0,0.0,510.0,108.0,152.0,35241990,17684227,17557762,3809500,21065316,14176673,16426210,10077331,6348879,18815779,1.4471373495083564e-05,24.757281553398055,True,"medak, siddipet"
