state,district,level,name,type,total_population,total_population_males,total_population_females,population_06,population_literate,population_illiterate,total_workers,total_workers_males,total_workers_females,non_workers
28,532,district,adilabad,total,2741239,1369597,1371642,309992,1483347,1257892,1323667,748939,574728,1417572
28,532,district,adilabad,rural,1980980,985303,995677,234207,965707,1015273,1059249,555137,504112,921731
28,532,district,adilabad,urban,760259,384294,375965,75785,517640,242619,264418,193802,70616,495841
9,146,district,agra,total,4418797,2364953,2053844,673955,2680510,1738287,1389844,1119701,270143,3028953
9,146,district,agra,rural,2394602,1285184,1109418,409971,1401109,993493,740408,594479,145929,1654194
9,146,district,agra,urban,2024195,1079769,944426,263984,1279401,744794,649436,525222,124214,1374759
24,474,district,ahmadabad,total,7214225,3788051,3426174,842518,5435760,1778465,2594952,2127547,467405,4619273
24,474,district,ahmadabad,rural,1151178,595583,555595,161607,703078,448100,473224,341534,131690,677954
24,474,district,ahmadabad,urban,6063047,3192468,2870579,680911,4732682,1330365,2121728,1786013,335715,3941319
27,522,district,ahmadnagar,total,4543159,2342825,2200334,556014,3151890,1391269,2204590,1300309,904281,2338569
27,522,district,ahmadnagar,rural,3630542,1872907,1757635,450473,2445147,1185395,1875818,1052563,823255,1754724
27,522,district,ahmadnagar,urban,912617,469918,442699,105541,706743,205874,328772,247746,81026,583845
15,283,district,aizawl,total,400309,199270,201039,52357,340595,59714,174636,104643,69993,225673
15,283,district,aizawl,rural,85555,43780,41775,13178,69775,15780,44412,25345,19067,41143
15,283,district,aizawl,urban,314754,155490,159264,39179,270820,43934,130224,79298,50926,184530
8,119,district,ajmer,total,2583052,1324085,1258967,381167,1526673,1056379,1053722,686149,367573,1529330
8,119,district,ajmer,rural,1547642,789397,758245,253762,765022,782620,713459,406505,306954,834183
8,119,district,ajmer,urban,1035410,534688,500722,127405,761651,273759,340263,279644,60619,695147
27,501,district,akola,total,1813906,932334,881572,211080,1411281,402625,768154,520362,247792,1045752
27,501,district,akola,rural,1094165,563933,530232,129187,829355,264810,529354,326674,202680,564811
27,501,district,akola,urban,719741,368401,351340,81893,581926,137815,238800,193688,45112,480941
32,598,district,alappuzha,total,2127789,1013142,1114647,192046,1852797,274992,804471,536738,267733,1323318
32,598,district,alappuzha,rural,979643,464713,514930,89414,852470,127173,371442,244185,127257,608201
32,598,district,alappuzha,urban,1148146,548429,599717,102632,1000327,147819,433029,292553,140476,715117
9,143,district,aligarh,total,3673889,1951996,1721893,574509,2092567,1581322,1174361,929337,245024,2499528
9,143,district,aligarh,rural,2456698,1308923,1147775,403098,1382995,1073703,815516,624864,190652,1641182
9,143,district,aligarh,urban,1217191,643073,574118,171411,709572,507619,358845,304473,54372,858346
23,465,district,alirajpur,total,728999,362542,366457,147961,209754,519245,366797,188698,178099,362202
23,465,district,alirajpur,rural,671925,333593,338332,139536,170812,501113,346934,174050,172884,324991
23,465,district,alirajpur,urban,57074,28949,28125,8425,38942,18132,19863,14648,5215,37211
9,175,district,allahabad,total,5954391,3131807,2822584,885355,3665727,2288664,2111907,1426110,685797,3842484
9,175,district,allahabad,rural,4481518,2340959,2140559,722406,2584919,1896599,1620347,1049906,570441,2861171
9,175,district,allahabad,urban,1472873,790848,682025,162949,1080808,392065,491560,376204,115356,981313
5,64,district,almora,total,622506,291081,331425,80082,436497,186009,298211,142460,155751,324295
5,64,district,almora,rural,560192,257359,302833,74375,383089,177103,276913,124715,152198,283279
5,64,district,almora,urban,62314,33722,28592,5707,53408,8906,21298,17745,3553,41016
8,104,district,alwar,total,3674179,1939026,1735153,587959,2182476,1491703,1708542,994171,714371,1965637
8,104,district,alwar,rural,3019728,1589508,1430220,502526,1707998,1311730,1487935,816267,671668,1531793
8,104,district,alwar,urban,654451,349518,304933,85433,474478,179973,220607,177904,42703,433844
6,70,district,ambala,total,1128350,598703,529647,127689,818025,310325,372139,320120,52019,756211
6,70,district,ambala,rural,627576,331703,295873,74425,426642,200934,195846,173164,22682,431730
6,70,district,ambala,urban,500774,267000,233774,53264,391383,109391,176293,146956,29337,324481
9,178,district,ambedkarnagar,total,2397888,1212410,1185478,339229,1486939,910949,787398,547406,239992,1610490
9,178,district,ambedkarnagar,rural,2117158,1067762,1049396,302151,1299666,817492,702712,479216,223496,1414446
9,178,district,ambedkarnagar,urban,280730,144648,136082,37078,187273,93457,84686,68190,16496,196044
27,503,district,amravati,total,2888445,1480768,1407677,311391,2251875,636570,1236322,837577,398745,1652123
27,503,district,amravati,rural,1851158,950633,900525,204552,1400695,450463,892101,558217,333884,959057
27,503,district,amravati,urban,1037287,530135,507152,106839,851180,186107,344221,279360,64861,693066
24,480,district,amreli,total,1514190,771049,743141,173555,995459,518731,657139,453642,203497,857051
24,480,district,amreli,rural,1127555,572554,555001,131321,715043,412512,524713,343430,181283,602842
24,480,district,amreli,urban,386635,198495,188140,42234,280416,106219,132426,110212,22214,254209
3,49,district,amritsar,total,2490656,1318408,1172248,281795,1684770,805886,917856,735195,182661,1572800
3,49,district,amritsar,rural,1156045,607266,548779,142172,689447,466598,423214,332652,90562,732831
3,49,district,amritsar,urban,1334611,711142,623469,139623,995323,339288,494642,402543,92099,839969
24,482,district,anand,total,2092745,1087224,1005521,254008,1551253,541492,844794,627561,217233,1247951
24,482,district,anand,rural,1457758,758499,699259,184036,1053110,404648,621012,445245,175767,836746
24,482,district,anand,urban,634987,328725,306262,69972,498143,136844,223782,182316,41466,411205
28,553,district,anantapur,total,4081148,2064495,2016653,445956,2310960,1770188,2036166,1208544,827622,2044982
28,553,district,anantapur,rural,2935437,1489157,1446280,323884,1546394,1389043,1595941,888467,707474,1339496
28,553,district,anantapur,urban,1145711,575338,570373,122072,764566,381145,440225,320077,120148,705486
1,14,district,anantnag,total,1078692,559767,518925,208538,545532,533160,389684,244032,145652,689008
1,14,district,anantnag,rural,795805,411012,384793,161396,375859,419946,295948,175987,119961,499857
1,14,district,anantnag,urban,282887,148755,134132,47142,169673,113214,93736,68045,25691,189151
35,0,state,andamanandnicobarislands,total,380581,202871,177710,40878,294281,86300,152535,120889,31646,228046
35,0,state,andamanandnicobarislands,rural,237093,126287,110806,26415,178025,59068,94469,74670,19799,142624
35,0,state,andamanandnicobarislands,urban,143488,76584,66904,14463,116256,27232,58066,46219,11847,85422
28,0,state,andhrapradesh,total,49338786,24757918,24580868,5333301,29491443,19847343,22996695,14108263,8888431,26342091
28,0,state,andhrapradesh,rural,56361702,28243241,28118461,6152022,30351065,26010637,29052307,16498189,12554118,27309395
28,0,state,andhrapradesh,urban,28219075,14198905,14020170,2990780,20205695,8013380,10370599,7687406,2683193,17848476
12,260,district,anjaw,total,21167,11507,9660,3472,9990,11177,10501,6224,4277,10666
12,260,district,anjaw,rural,20185,10882,9303,3389,9268,10917,10031,5812,4219,10154
12,260,district,anjaw,urban,982,625,357,83,722,260,470,412,58,512
21,384,district,anugul,total,1273821,655718,618103,152403,869456,404365,526520,360947,165573,747301
21,384,district,anugul,rural,1067275,546385,520890,130583,709069,358206,455627,301993,153634,611648
21,384,district,anugul,urban,206546,109333,97213,21820,160387,46159,70893,58954,11939,135653
23,461,district,anuppur,total,749237,379114,370123,106071,436595,312642,346471,207401,139070,402766
23,461,district,anuppur,rural,543996,272030,271966,82311,290893,253103,284804,156443,128361,259192
23,461,district,anuppur,urban,205241,107084,98157,23760,145702,59539,61667,50958,10709,143574
10,209,district,araria,total,2811569,1463333,1348236,577886,1195768,1615801,1069893,708391,361502,1741676
10,209,district,araria,rural,2642792,1374254,1268538,549701,1094403,1548389,1018210,666953,351257,1624582
10,209,district,araria,urban,168777,89079,79698,28185,101365,67412,51683,41438,10245,117094
33,616,district,ariyalur,total,754894,374703,380191,81187,480604,274290,359851,212547,147304,395043
33,616,district,ariyalur,rural,671100,333253,337847,72575,419413,251687,328972,190203,138769,342128
33,616,district,ariyalur,urban,83794,41450,42344,8612,61191,22603,30879,22344,8535,52915
12,0,state,arunachalpradesh,total,1383727,713912,669815,212188,766005,617722,587657,350273,237384,796070
12,0,state,arunachalpradesh,rural,1066358,546011,520347,172289,535902,530456,470315,264790,205525,596043
12,0,state,arunachalpradesh,urban,317369,167901,149468,39899,230103,87266,117342,85483,31859,200027
10,240,district,arwal,total,700843,363497,337346,127841,386351,314492,236354,167991,68363,464489
10,240,district,arwal,rural,648994,336420,312574,118647,354235,294759,222026,156296,65730,426968
10,240,district,arwal,urban,51849,27077,24772,9194,32116,19733,14328,11695,2633,37521
23,459,district,ashoknagar,total,845071,443837,401234,138787,469109,375962,315270,231829,83441,529801
23,459,district,ashoknagar,rural,691387,363411,327976,116890,366314,325073,265421,191602,73819,425966
23,459,district,ashoknagar,urban,153684,80426,73258,21897,102795,50889,49849,40227,9622,103835
18,0,state,assam,total,31205576,15939443,15266133,4638130,19177977,12027599,11969690,8541560,3428130,19235886
18,0,state,assam,rural,26807034,13678989,13128045,4187323,15685436,11121598,10368283,7257852,3110431,16438751
18,0,state,assam,urban,4398542,2260454,2138088,450807,3492541,906001,1601407,1283708,317699,2797135
9,162,district,auraiya,total,1379545,740040,639505,200517,930836,448709,442023,364543,77480,937522
9,162,district,auraiya,rural,1145323,616494,528829,170402,755923,389400,374577,306420,68157,770746
9,162,district,auraiya,urban,234222,123546,110676,30115,174913,59309,67446,58123,9323,166776
10,235,district,aurangabad,total,2540073,1318684,1221389,455394,1466002,1074071,837770,599157,238613,1702303
10,235,district,aurangabad,rural,2303219,1194619,1108600,418320,1308038,995181,772533,546328,226205,1530686
10,235,district,aurangabad,urban,236854,124065,112789,37074,157964,78890,65237,52829,12408,171617
27,515,district,aurangabad,total,3701282,1924469,1776813,532659,2503837,1197445,1575079,1015864,559215,2126203
27,515,district,aurangabad,rural,2081112,1081825,999287,306364,1293330,787782,1044684,593644,451040,1036428
27,515,district,aurangabad,urban,1620170,842644,777526,226295,1210507,409663,530395,422220,108175,1089775
9,191,district,azamgarh,total,4613913,2285004,2328909,706085,2771917,1841996,1372032,941890,430142,3241881
9,191,district,azamgarh,rural,4220512,2082707,2137805,649973,2511143,1709369,1253698,854072,399626,2966814
9,191,district,azamgarh,urban,393401,202297,191104,56112,260774,132627,118334,87818,30516,275067
1,2,district,badgam,total,753745,398041,355704,155202,335649,418096,214866,162578,52288,538879
1,2,district,badgam,rural,655833,343385,312448,140608,278265,377568,181768,134569,47199,474065
1,2,district,badgam,urban,97912,54656,43256,14594,57384,40528,33098,28009,5089,64814
29,556,district,bagalkot,total,1889752,950111,939641,271908,1113412,776340,818081,511575,306506,1071671
29,556,district,bagalkot,rural,1291906,650267,641639,193893,704912,586994,595392,351296,244096,696514
29,556,district,bagalkot,urban,597846,299844,298002,78015,408500,189346,222689,160279,62410,375157
5,63,district,bageshwar,total,259898,124326,135572,35560,179483,80415,123638,58708,64930,136260
5,63,district,bageshwar,rural,250819,119615,131204,34545,172166,78653,120867,56472,64395,129952
5,63,district,bageshwar,urban,9079,4711,4368,1015,7317,1762,2771,2236,535,6308
9,139,district,baghpat,total,1303048,700070,602978,194979,797970,505078,416695,342604,74091,886353
9,139,district,baghpat,rural,1028023,553807,474216,154270,626257,401766,337563,272925,64638,690460
9,139,district,baghpat,urban,275025,146263,128762,40709,171713,103312,79132,69679,9453,195893
9,180,district,bahraich,total,3487731,1843884,1643847,654794,1398368,2089363,1152160,895576,256584,2335571
9,180,district,bahraich,rural,3203687,1695122,1508565,614992,1230278,1973409,1068589,825477,243112,2135098
9,180,district,bahraich,urban,284044,148762,135282,39802,168090,115954,83571,70099,13472,200473
18,324,district,baksa,total,950075,481330,468745,122872,572837,377238,406756,266611,140145,543319
18,324,district,baksa,rural,937833,475027,462806,121332,564860,372973,402261,262995,139266,535572
18,324,district,baksa,urban,12242,6303,5939,1540,7977,4265,4495,3616,879,7747
23,457,district,balaghat,total,1701698,842178,859520,212931,1147623,554075,893014,488610,404404,808684
23,457,district,balaghat,rural,1456882,719794,737088,186683,960218,496664,802288,423889,378399,654594
23,457,district,balaghat,urban,244816,122384,122432,26248,187405,57411,90726,64721,26005,154090
21,393,district,balangir,total,1648997,830097,818900,216320,927260,721737,720601,469956,250645,928396
21,393,district,balangir,rural,1451616,728770,722846,194634,780657,670959,653289,415663,237626,798327
21,393,district,balangir,urban,197381,101327,96054,21686,146603,50778,67312,54293,13019,130069
21,377,district,baleshwar,total,2320529,1185787,1134742,288672,1621232,699297,932707,684020,248687,1387822
21,377,district,baleshwar,rural,2067236,1056466,1010770,260819,1430341,636895,847171,612298,234873,1220065
21,377,district,baleshwar,urban,253293,129321,123972,27853,190891,62402,85536,71722,13814,167757
9,193,district,ballia,total,3239774,1672902,1566872,471852,1963590,1276184,1019483,723060,296423,2220291
9,193,district,ballia,rural,2935665,1514018,1421647,431944,1758635,1177030,928458,651753,276705,2007207
9,193,district,ballia,urban,304109,158884,145225,39908,204955,99154,91025,71307,19718,213084
9,182,district,balrampur,total,2148665,1114721,1033944,394710,868357,1280308,760253,534332,225921,1388412
9,182,district,balrampur,rural,1982274,1027943,954331,371228,773010,1209264,713064,493943,219121,1269210
9,182,district,balrampur,urban,166391,86778,79613,23482,95347,71044,47189,40389,6800,119202
24,469,district,banaskantha,total,3120506,1610379,1510127,510310,1704923,1415583,1248600,836268,412332,1871906
24,469,district,banaskantha,rural,2705591,1393741,1311850,455406,1415564,1290027,1119536,724574,394962,1586055
24,469,district,banaskantha,urban,414915,216638,198277,54904,289359,125556,129064,111694,17370,285851
9,170,district,banda,total,1799410,965876,833534,294972,1002937,796473,701689,485314,216375,1097721
9,170,district,banda,rural,1523655,819243,704412,259407,811134,712521,615905,414809,201096,907750
9,170,district,banda,urban,275755,146633,129122,35565,191803,83952,85784,70505,15279,189971
1,9,district,bandipore,total,392232,207680,184552,61754,185979,206253,149317,101380,47937,242915
1,9,district,bandipore,rural,326871,172263,154608,54137,148187,178684,124497,83376,41121,202374
1,9,district,bandipore,urban,65361,35417,29944,7617,37792,27569,24820,18004,6816,40541
29,572,district,bangalore,total,9621551,5022661,4598890,1052837,7512276,2109275,4246927,3115361,1131566,5374624
29,572,district,bangalore,rural,871607,464256,407351,100793,602859,268748,411407,297260,114147,460200
29,572,district,bangalore,urban,8749944,4558405,4191539,952044,6909417,1840527,3835520,2818101,1017419,4914424
29,583,district,bangalorerural,total,990923,509172,481751,107062,688749,302174,459891,315499,144392,531032
29,583,district,bangalorerural,rural,722179,371369,350810,77405,484632,237547,350621,232568,118053,371558
29,583,district,bangalorerural,urban,268744,137803,130941,29657,204117,64627,109270,82931,26339,159474
10,225,district,banka,total,2034763,1067140,967623,375282,965321,1069442,771080,517817,253263,1263683
10,225,district,banka,rural,1963450,1029097,934353,363741,921921,1041529,751415,500690,250725,1212035
10,225,district,banka,urban,71313,38043,33270,11541,43400,27913,19665,17127,2538,51648
19,339,district,bankura,total,3596674,1838095,1758579,418650,2232992,1363682,1466220,1050822,415398,2130454
19,339,district,bankura,rural,3296901,1685777,1611124,391728,2002652,1294249,1356914,965526,391388,1939987
19,339,district,bankura,urban,299773,152318,147455,26922,230340,69433,109306,85296,24010,190467
8,125,district,banswara,total,1797485,907754,889731,325283,829343,968142,916574,482236,434338,880911
8,125,district,banswara,rural,1669864,842767,827097,309653,733930,935934,872180,448510,423670,797684
8,125,district,banswara,urban,127621,64987,62634,15630,95413,32208,44394,33726,10668,83227
9,176,district,barabanki,total,3260699,1707073,1553626,519867,1692458,1568241,1192850,871241,321609,2067849
9,176,district,barabanki,rural,2929896,1533455,1396441,475080,1493624,1436272,1088855,786669,302186,1841041
9,176,district,barabanki,urban,330803,173618,157185,44787,198834,131969,103995,84572,19423,226808
1,8,district,baramula,total,1008039,534733,473306,164581,545149,462890,304200,249581,54619,703839
1,8,district,baramula,rural,825539,432399,393140,142524,423193,402346,238033,191793,46240,587506
1,8,district,baramula,urban,182500,102334,80166,22057,121956,60544,66167,57788,8379,116333
8,128,district,baran,total,1222755,633945,588810,182665,693307,529448,552583,329754,222829,670172
8,128,district,baran,rural,968541,502228,466313,148894,521423,447118,468074,264147,203927,500467
8,128,district,baran,urban,254214,131717,122497,33771,171884,82330,84509,65607,18902,169705
19,335,district,barddhaman,total,7717563,3966889,3750674,832033,5247208,2470355,2911251,2293083,618168,4806312
19,335,district,barddhaman,rural,4639264,2373787,2265477,511969,2998277,1640987,1869195,1437518,431677,2770069
19,335,district,barddhaman,urban,3078299,1593102,1485197,320064,2248931,829368,1042056,855565,186491,2036243
9,150,district,bareilly,total,4448359,2357665,2090694,701416,2191759,2256600,1401971,1153006,248965,3046388
9,150,district,bareilly,rural,2879950,1530356,1349594,495582,1332606,1547344,894353,738370,155983,1985597
9,150,district,bareilly,urban,1568409,827309,741100,205834,859153,709256,507618,414636,92982,1060791
21,370,district,bargarh,total,1481255,749161,732094,162922,983783,497472,762092,473305,288787,719163
21,370,district,bargarh,rural,1331145,672603,658542,146333,869172,461973,706885,429942,276943,624260
21,370,district,bargarh,urban,150110,76558,73552,16589,114611,35499,55207,43363,11844,94903
8,115,district,barmer,total,2603751,1369022,1234729,501522,1188322,1415429,1202482,696240,506242,1401269
8,115,district,barmer,rural,2421914,1273249,1148665,475218,1066665,1355249,1147364,647038,500326,1274550
8,115,district,barmer,urban,181837,95773,86064,26304,121657,60180,55118,49202,5916,126719
3,54,district,barnala,total,595527,317522,278005,64987,359831,235696,209331,178163,31168,386196
3,54,district,barnala,rural,404842,215210,189632,42761,234406,170436,142644,121090,21554,262198
3,54,district,barnala,urban,190685,102312,88373,22226,125425,65260,66687,57073,9614,123998
18,303,district,barpeta,total,1693622,867004,826618,287829,897058,796564,561824,445297,116527,1131798
18,303,district,barpeta,rural,1546269,791789,754480,273296,782462,763807,510562,402195,108367,1035707
18,303,district,barpeta,urban,147353,75215,72138,14533,114596,32757,51262,43102,8160,96091
23,441,district,barwani,total,1385881,699340,686541,265299,549926,835955,653897,365928,287969,731984
23,441,district,barwani,rural,1181812,594907,586905,237316,413152,768660,581786,311527,270259,600026
23,441,district,barwani,urban,204069,104433,99636,27983,136774,67295,72111,54401,17710,131958
22,414,district,bastar,total,1413199,698487,714712,216713,650863,762336,726531,404364,322167,686668
22,414,district,bastar,rural,1219705,600652,619053,194321,511057,708648,651790,350639,301151,567915
22,414,district,bastar,urban,193494,97835,95659,22392,139806,53688,74741,53725,21016,118753
9,185,district,basti,total,2464464,1255272,1209192,390969,1393783,1070681,783688,558642,225046,1680776
9,185,district,basti,rural,2326367,1182846,1143521,374686,1293319,1033048,746664,527279,219385,1579703
9,185,district,basti,urban,138097,72426,65671,16283,100464,37633,37024,31363,5661,101073
3,46,district,bathinda,total,1388525,743197,645328,151145,844868,543657,549986,432988,116998,838539
3,46,district,bathinda,rural,889308,474484,414824,94372,493192,396116,369392,282661,86731,519916
3,46,district,bathinda,urban,499217,268713,230504,56773,351676,147541,180594,150327,30267,318623
21,391,district,baudh,total,441162,221625,219537,61847,271612,169550,219457,125627,93830,221705
21,391,district,baudh,rural,420738,211133,209605,59737,255716,165022,212323,120191,92132,208415
21,391,district,baudh,urban,20424,10492,9932,2110,15896,4528,7134,5436,1698,13290
10,222,district,begusarai,total,2970541,1567660,1402881,545965,1548673,1421868,938182,715345,222837,2032359
10,222,district,begusarai,rural,2400718,1266308,1134410,449629,1205992,1194726,776808,582081,194727,1623910
10,222,district,begusarai,urban,569823,301352,268471,96336,342681,227142,161374,133264,28110,408449
29,555,district,belgaum,total,4779661,2423063,2356598,626269,3052032,1727629,2105668,1372422,733246,2673993
29,555,district,belgaum,rural,3568466,1811094,1757372,487103,2134792,1433674,1675994,1036706,639288,1892472
29,555,district,belgaum,urban,1211195,611969,599226,139166,917240,293955,429674,335716,93958,781521
29,565,district,bellary,total,2452595,1236954,1215641,344152,1421621,1030974,1116880,703258,413622,1335715
29,565,district,bellary,rural,1532356,774093,758263,222971,809312,723044,775319,444370,330949,757037
29,565,district,bellary,urban,920239,462861,457378,121181,612309,307930,341561,258888,82673,578678
23,447,district,betul,total,1575362,799236,776126,211433,939769,635593,786980,453887,333093,788382
23,447,district,betul,rural,1266211,640358,625853,178470,700098,566113,682986,371172,311814,583225
23,447,district,betul,urban,309151,158878,150273,32963,239671,69480,103994,82715,21279,205157
21,378,district,bhadrak,total,1506337,760260,746077,184560,1094140,412197,468599,409559,59040,1037738
21,378,district,bhadrak,rural,1320499,665255,655244,161574,964713,355786,411154,359888,51266,909345
21,378,district,bhadrak,urban,185838,95005,90833,22986,129427,56411,57445,49671,7774,128393
10,224,district,bhagalpur,total,3037766,1615663,1422103,546382,1573066,1464700,983528,740056,243472,2054238
10,224,district,bhagalpur,rural,2435234,1295386,1139848,457010,1183706,1251528,805833,593610,212223,1629401
10,224,district,bhagalpur,urban,602532,320277,282255,89372,389360,213172,177695,146446,31249,424837
27,506,district,bhandara,total,1200334,605520,594814,126025,899860,300474,597305,345054,252251,603029
27,506,district,bhandara,rural,966503,487484,479019,103261,708328,258175,516087,286323,229764,450416
27,506,district,bhandara,urban,233831,118036,115795,22764,191532,42299,81218,58731,22487,152613
8,105,district,bharatpur,total,2548462,1355726,1192736,436165,1480869,1067593,1071154,647198,423956,1477308
8,105,district,bharatpur,rural,2053363,1093357,960006,368292,1143404,909959,920985,524633,396352,1132378
8,105,district,bharatpur,urban,495099,262369,232730,67873,337465,157634,150169,122565,27604,344930
24,488,district,bharuch,total,1551019,805707,745312,179103,1118276,432743,627124,468919,158205,923895
24,488,district,bharuch,rural,1026060,529393,496667,121510,705458,320602,447185,315191,131994,578875
24,488,district,bharuch,urban,524959,276314,248645,57593,412818,112141,179939,153728,26211,345020
24,481,district,bhavnagar,total,2880365,1490201,1390164,381470,1887255,993110,1150632,838781,311851,1729733
24,481,district,bhavnagar,rural,1697964,868833,829131,241228,1029936,668028,734033,486644,247389,963931
24,481,district,bhavnagar,urban,1182401,621368,561033,140242,857319,325082,416599,352137,64462,765802
8,122,district,bhilwara,total,2408523,1220736,1187787,361683,1256126,1152397,1148165,674589,473576,1260358
8,122,district,bhilwara,rural,1895869,955378,940491,294132,896937,998932,966466,531307,435159,929403
8,122,district,bhilwara,urban,512654,265358,247296,67551,359189,153465,181699,143282,38417,330955
23,420,district,bhind,total,1703005,926843,776162,248230,1094917,608088,520768,455775,64993,1182237
23,420,district,bhind,rural,1270083,694756,575327,189328,800035,470048,405578,351507,54071,864505
23,420,district,bhind,urban,432922,232087,200835,58902,294882,138040,115190,104268,10922,317732
6,81,district,bhiwani,total,1634445,866672,767773,212011,1069871,564574,623006,430678,192328,1011439
6,81,district,bhiwani,rural,1313123,696212,616911,172608,840162,472961,526202,348863,177339,786921
6,81,district,bhiwani,urban,321322,170460,150862,39403,229709,91613,96804,81815,14989,224518
10,231,district,bhojpur,total,2728407,1430380,1298027,459187,1599151,1129256,822493,640283,182210,1905914
10,231,district,bhojpur,rural,2338546,1224274,1114272,402269,1339063,999483,722348,553520,168828,1616198
10,231,district,bhojpur,urban,389861,206106,183755,56918,260088,129773,100145,86763,13382,289716
23,444,district,bhopal,total,2371061,1236130,1134931,304713,1660690,710371,867457,644960,222497,1503604
23,444,district,bhopal,rural,454010,238025,215985,73163,254810,199200,194599,123042,71557,259411
23,444,district,bhopal,urban,1917051,998105,918946,231550,1405880,511171,672858,521918,150940,1244193
27,523,district,bid,total,2585049,1349106,1235943,352890,1718507,866542,1255548,727819,527729,1329501
27,523,district,bid,rural,2070751,1082978,987773,283628,1335589,735162,1086389,597389,489000,984362
27,523,district,bid,urban,514298,266128,248170,69262,382918,131380,169159,130430,38729,345139
29,558,district,bidar,total,1703300,870665,832635,224442,1042673,660627,702608,459050,243558,1000692
29,558,district,bidar,rural,1277348,651250,626098,168796,739711,537637,566299,353783,212516,711049
29,558,district,bidar,urban,425952,219415,206537,55646,302962,122990,136309,105267,31042,289643
10,0,state,bihar,total,104099452,54278157,49821295,19133964,52504553,51594899,34724987,25222189,9502798,69374465
10,0,state,bihar,rural,92341436,48073850,44267586,17383701,44812152,47529284,31359767,22436685,8923082,60981669
10,0,state,bihar,urban,11758016,6204307,5553709,1750263,7692401,4065615,3365220,2785504,579716,8392796
22,417,district,bijapur,total,255230,128663,126567,42495,86919,168311,134525,71591,62934,120705
22,417,district,bijapur,rural,225630,113344,112286,38329,68046,157584,123268,63597,59671,102362
22,417,district,bijapur,urban,29600,15319,14281,4166,18873,10727,11257,7994,3263,18343
29,557,district,bijapur,total,2177331,1111022,1066309,318406,1248268,929063,927722,580111,347611,1249609
29,557,district,bijapur,rural,1675353,857562,817791,251849,894132,781221,760560,454015,306545,914793
29,557,district,bijapur,urban,501978,253460,248518,66557,354136,147842,167162,126096,41066,334816
9,134,district,bijnor,total,3682713,1921215,1761498,564230,2135393,1547320,1088036,921497,166539,2594677
9,134,district,bijnor,rural,2757401,1438412,1318989,428311,1596174,1161227,827536,690602,136934,1929865
9,134,district,bijnor,urban,925312,482803,442509,135919,539219,386093,260500,230895,29605,664812
8,101,district,bikaner,total,2363937,1240801,1123136,400554,1278801,1085136,986208,640572,345636,1377729
8,101,district,bikaner,rural,1563553,821434,742119,292132,739204,824349,732055,424213,307842,831498
8,101,district,bikaner,urban,800384,419367,381017,108422,539597,260787,254153,216359,37794,546231
2,30,district,bilaspur,total,381956,192764,189192,41956,287620,94336,205871,111543,94328,176085
2,30,district,bilaspur,rural,356827,179653,177174,39501,266816,90011,195691,104537,91154,161136
2,30,district,bilaspur,urban,25129,13111,12018,2455,20804,4325,10180,7006,3174,14949
22,406,district,bilaspur,total,2663629,1351574,1312055,407835,1596560,1067069,1203197,715467,487730,1460432
22,406,district,bilaspur,rural,1983759,1002520,981239,322460,1095487,888272,963709,533034,430675,1020050
22,406,district,bilaspur,urban,679870,349054,330816,85375,501073,178797,239488,182433,57055,440382
19,334,district,birbhum,total,3502404,1790920,1711484,448485,2158447,1343957,1331603,1029770,301833,2170801
19,334,district,birbhum,rural,3052956,1561976,1490980,401237,1832366,1220590,1168491,901170,267321,1884465
19,334,district,birbhum,urban,449448,228944,220504,47248,326081,123367,163112,128600,34512,286336
14,275,district,bishnupur,total,237399,118782,118617,31303,156333,81066,109937,62807,47130,127462
14,275,district,bishnupur,rural,149894,75171,74723,20109,95558,54336,71758,40432,31326,78136
14,275,district,bishnupur,urban,87505,43611,43894,11194,60775,26730,38179,22375,15804,49326
20,355,district,bokaro,total,2062330,1072807,989523,293786,1273520,788810,685368,507677,177691,1376962
20,355,district,bokaro,rural,1078686,554954,523732,169694,577178,501508,412813,276739,136074,665873
20,355,district,bokaro,urban,983644,517853,465791,124092,696342,287302,272555,230938,41617,711089
18,319,district,bongaigaon,total,738804,375818,362986,116392,434078,304726,255806,197542,58264,482998
18,319,district,bongaigaon,rural,628994,319786,309208,105251,347869,281125,218487,166482,52005,410507
18,319,district,bongaigaon,urban,109810,56032,53778,11141,86209,23601,37319,31060,6259,72491
9,149,district,budaun,total,3681896,1967759,1714137,664909,1547477,2134419,1107343,939616,167727,2574553
9,149,district,budaun,rural,3037301,1630376,1406925,566470,1224505,1812796,927552,779681,147871,2109749
9,149,district,budaun,urban,644595,337383,307212,98439,322972,321623,179791,159935,19856,464804
9,142,district,bulandshahr,total,3499171,1845260,1653911,549796,2031656,1467515,1173260,897815,275445,2325911
9,142,district,bulandshahr,rural,2631742,1390490,1241252,422617,1517979,1113763,919473,679517,239956,1712269
9,142,district,bulandshahr,urban,867429,454770,412659,127179,513677,353752,253787,218298,35489,613642
27,500,district,buldana,total,2586258,1337560,1248698,332125,1879874,706384,1219641,734024,485617,1366617
27,500,district,buldana,rural,2037398,1055242,982156,264970,1450758,586640,1038597,590821,447776,998801
27,500,district,buldana,urban,548860,282318,266542,67155,429116,119744,181044,143203,37841,367816
8,121,district,bundi,total,1110906,577160,533746,159884,585044,525862,526091,314806,211285,584815
8,121,district,bundi,rural,888205,461734,426471,131693,433518,454687,450555,255318,195237,437650
8,121,district,bundi,urban,222701,115426,107275,28191,151526,71175,75536,59488,16048,147165
23,467,district,burhanpur,total,757847,388504,369343,122869,408679,349168,328339,211925,116414,429508
23,467,district,burhanpur,rural,497560,254978,242582,87926,229184,268376,240536,140950,99586,257024
23,467,district,burhanpur,urban,260287,133526,126761,34943,179495,80792,87803,70975,16828,172484
10,232,district,buxar,total,1706352,887977,818375,295127,989807,716545,538322,402180,136142,1168030
10,232,district,buxar,rural,1541853,801086,740767,271245,878180,663673,494201,364632,129569,1047652
10,232,district,buxar,urban,164499,86891,77608,23882,111627,52872,44121,37548,6573,120378
18,316,district,cachar,total,1736617,886284,850333,256774,1174128,562489,608062,469752,138310,1128555
18,316,district,cachar,rural,1421153,727083,694070,222673,923736,497417,501605,382258,119347,919548
18,316,district,cachar,urban,315464,159201,156263,34101,250392,65072,106457,87494,18963,209007
7,95,district,central,total,582320,307821,274499,62739,442360,139960,207374,177621,29753,374946
7,95,district,central,rural,0,0,0,0,0,0,0,0,0,0
7,95,district,central,urban,582320,307821,274499,62739,442360,139960,207374,177621,29753,374946
29,578,district,chamarajanagar,total,1020791,512231,508560,100648,565279,455512,481693,324326,157367,539098
29,578,district,chamarajanagar,rural,845817,424884,420933,82603,442260,403557,414393,273447,140946,431424
29,578,district,chamarajanagar,urban,174974,87347,87627,18045,123019,51955,67300,50879,16421,107674
2,23,district,chamba,total,519080,261320,257760,70359,323842,195238,294035,158791,135244,225045
2,23,district,chamba,rural,482972,241963,241009,67015,293683,189289,280855,148335,132520,202117
2,23,district,chamba,urban,36108,19357,16751,3344,30159,5949,13180,10456,2724,22928
5,57,district,chamoli,total,391605,193991,197614,52161,280556,111049,180940,93832,87108,210665
5,57,district,chamoli,rural,332209,160369,171840,45217,232303,99906,157909,75841,82068,174300
5,57,district,chamoli,urban,59396,33622,25774,6944,48253,11143,23031,17991,5040,36365
5,65,district,champawat,total,259648,131125,128523,37028,177726,81922,99566,60427,39139,160082
5,65,district,champawat,rural,221305,110842,110463,32342,149910,71395,88092,50601,37491,133213
5,65,district,champawat,urban,38343,20283,18060,4686,27816,10527,11474,9826,1648,26869
15,284,district,champhai,total,125745,63388,62357,20645,100802,24943,60342,34129,26213,65403
15,284,district,champhai,rural,77216,39110,38106,13256,61022,16194,39067,21476,17591,38149
15,284,district,champhai,urban,48529,24278,24251,7389,39780,8749,21275,12653,8622,27254
9,196,district,chandauli,total,1952756,1017905,934851,309597,1174606,778150,652543,462971,189572,1300213
9,196,district,chandauli,rural,1710203,890630,819573,276287,1014020,696183,583994,406753,177241,1126209
9,196,district,chandauli,urban,242553,127275,115278,33310,160586,81967,68549,56218,12331,174004
14,280,district,chandel,total,144182,74579,69603,17187,90302,53880,76238,42615,33623,67944
14,280,district,chandel,rural,127335,65909,61426,14730,80017,47318,69449,38203,31246,57886
14,280,district,chandel,urban,16847,8670,8177,2457,10285,6562,6789,4412,2377,10058
4,0,state,chandigarh,total,1055450,580663,474787,119434,805438,250012,404136,328159,75977,651314
4,0,state,chandigarh,rural,28991,17150,11841,4270,19961,9030,12350,10664,1686,16641
4,0,state,chandigarh,urban,1026459,563513,462946,115164,785477,240982,391786,317495,74291,634673
4,55,district,chandigarh,total,1055450,580663,474787,119434,805438,250012,404136,328159,75977,651314
4,55,district,chandigarh,rural,28991,17150,11841,4270,19961,9030,12350,10664,1686,16641
4,55,district,chandigarh,urban,1026459,563513,462946,115164,785477,240982,391786,317495,74291,634673
27,509,district,chandrapur,total,2204307,1123834,1080473,231316,1578615,625692,1058172,648565,409607,1146135
27,509,district,chandrapur,rural,1428929,726106,702823,154465,962394,466535,797449,443040,354409,631480
27,509,district,chandrapur,urban,775378,397728,377650,76851,616221,159157,260723,205525,55198,514655
12,253,district,changlang,total,148226,76948,71278,25869,73174,75052,62966,39329,23637,85260
12,253,district,changlang,rural,128998,66283,62715,23628,58747,70251,55640,33283,22357,73358
12,253,district,changlang,urban,19228,10665,8563,2241,14427,4801,7326,6046,1280,11902
20,347,district,chatra,total,1042886,533935,508951,195321,510061,532825,397690,251213,146477,645196
20,347,district,chatra,rural,979932,500211,479721,186068,466597,513335,380036,236023,144013,599896
20,347,district,chatra,urban,62954,33724,29230,9253,43464,19490,17654,15190,2464,45300
33,603,district,chennai,total,4646732,2335844,2310888,459324,3776276,870456,1817297,1369302,447995,2829435
33,603,district,chennai,rural,0,0,0,0,0,0,0,0,0,0
33,603,district,chennai,urban,4646732,2335844,2310888,459324,3776276,870456,1817297,1369302,447995,2829435
23,425,district,chhatarpur,total,1762375,936121,826254,282794,943033,819342,751797,481518,270279,1010578
23,425,district,chhatarpur,rural,1363359,725273,638086,228834,671558,691801,620301,378524,241777,743058
23,425,district,chhatarpur,urban,399016,210848,188168,53960,271475,127541,131496,102994,28502,267520
22,0,state,chhatisgarh,total,25545198,12832895,12712303,3661689,15379922,10165276,12180225,7133866,5046359,13364973
22,0,state,chhatisgarh,rural,19607961,9797426,9810535,2924941,11008956,8599005,10063114,5522258,4540856,9544847
22,0,state,chhatisgarh,urban,5937237,3035469,2901768,736748,4370966,1566271,2117111,1611608,505503,3820126
23,455,district,chhindwara,total,2090922,1064468,1026454,272289,1294198,796724,957984,582263,375721,1132938
23,455,district,chhindwara,rural,1585739,806199,779540,217696,907838,677901,783608,449571,334037,802131
23,455,district,chhindwara,urban,505183,258269,246914,54593,386360,118823,174376,132692,41684,330807
29,582,district,chikkaballapura,total,1255104,636437,618667,132286,783222,471882,639778,384452,255326,615326
29,582,district,chikkaballapura,rural,973985,494463,479522,100028,580231,393754,529246,303901,225345,444739
29,582,district,chikkaballapura,urban,281119,141974,139145,32258,202991,78128,110532,80551,29981,170587
29,570,district,chikmagalur,total,1137961,566622,571339,105328,818345,319616,565774,357889,207885,572187
29,570,district,chikmagalur,rural,898453,447545,450908,82205,628083,270370,472818,287697,185121,425635
29,570,district,chikmagalur,urban,239508,119077,120431,23123,190262,49246,92956,70192,22764,146552
18,320,district,chirang,total,482162,244860,237302,73215,259902,222260,193894,128762,65132,288268
18,320,district,chirang,rural,446825,226895,219930,69176,234463,212362,181991,118641,63350,264834
18,320,district,chirang,urban,35337,17965,17372,4039,25439,9898,11903,10121,1782,23434
29,566,district,chitradurga,total,1659456,840843,818613,184280,1087392,572064,856587,513311,343276,802869
29,566,district,chitradurga,rural,1329923,675573,654350,149294,834419,495504,733242,420603,312639,596681
29,566,district,chitradurga,urban,329533,165270,164263,34986,252973,76560,123345,92708,30637,206188
9,171,district,chitrakoot,total,991730,527721,464009,175311,531072,460658,394197,254977,139220,597533
9,171,district,chitrakoot,rural,895398,476794,418604,162065,467692,427706,366770,231725,135045,528628
9,171,district,chitrakoot,urban,96332,50927,45405,13246,63380,32952,27427,23252,4175,68905
8,126,district,chittaurgarh,total,1544338,783171,761167,212507,821825,722513,802755,456632,346123,741583
8,126,district,chittaurgarh,rural,1259074,636415,622659,177215,614979,644095,700236,377162,323074,558838
8,126,district,chittaurgarh,urban,285264,146756,138508,35292,206846,78418,102519,79470,23049,182745
28,554,district,chittoor,total,4174064,2090204,2083860,444572,2667878,1506186,1933357,1202223,731134,2240707
28,554,district,chittoor,rural,2942678,1474052,1468626,320194,1757216,1185462,1490519,869581,620938,1452159
28,554,district,chittoor,urban,1231386,616152,615234,124378,910662,320724,442838,332642,110196,788548
14,274,district,churachandpur,total,274143,138820,135323,37445,195935,78208,122655,70594,52061,151488
14,274,district,churachandpur,rural,255786,129659,126127,35350,181518,74268,115240,66094,49146,140546
14,274,district,churachandpur,urban,18357,9161,9196,2095,14417,3940,7415,4500,2915,10942
8,102,district,churu,total,2039547,1051446,988101,317813,1149269,890278,902829,541404,361425,1136718
8,102,district,churu,rural,1463312,755028,708284,234283,791499,671813,732962,396102,336860,730350
8,102,district,churu,urban,576235,296418,279817,83530,357770,218465,169867,145302,24565,406368
33,632,district,coimbatore,total,3458045,1729297,1728748,319332,2635907,822138,1567950,1083125,484825,1890095
33,632,district,coimbatore,rural,839105,419032,420073,70035,554965,284140,452489,277811,174678,386616
33,632,district,coimbatore,urban,2618940,1310265,1308675,249297,2080942,537998,1115461,805314,310147,1503479
33,617,district,cuddalore,total,2605914,1311697,1294217,279950,1815281,790633,1169880,749633,420247,1436034
33,617,district,cuddalore,rural,1720725,868861,851864,192701,1126045,594680,851826,505773,346053,868899
33,617,district,cuddalore,urban,885189,442836,442353,87249,689236,195953,318054,243860,74194,567135
21,381,district,cuttack,total,2624470,1352760,1271710,271816,2011469,613001,936365,761876,174489,1688105
21,381,district,cuttack,rural,1888423,970885,917538,201598,1407978,480445,683899,553818,130081,1204524
21,381,district,cuttack,urban,736047,381875,354172,70218,603491,132556,252466,208058,44408,483581
26,0,state,dadraandnagarhavelianddamananddiu,total,586956,344061,242895,77829,411636,175320,278432,226727,51705,308524
26,0,state,dadraandnagarhavelianddamananddiu,rural,183114,98305,84809,28504,99142,83972,84123,55803,28320,98991
26,0,state,dadraandnagarhavelianddamananddiu,urban,160595,95455,65140,22391,124088,36507,73038,63490,9548,87557
26,496,district,dadranagarhaveli,total,343709,193760,149949,50895,223230,120479,157161,119293,37868,186548
26,496,district,dadranagarhaveli,rural,183114,98305,84809,28504,99142,83972,84123,55803,28320,98991
26,496,district,dadranagarhaveli,urban,160595,95455,65140,22391,124088,36507,73038,63490,9548,87557
29,575,district,dakshinakannada,total,2089649,1034714,1054935,208297,1666323,423326,997721,620903,376818,1091928
29,575,district,dakshinakannada,rural,1093563,541484,552079,111076,838316,255247,568551,335739,232812,525012
29,575,district,dakshinakannada,urban,996086,493230,502856,97221,828007,168079,429170,285164,144006,566916
22,416,district,dakshinbastardantewada,total,533638,264142,269496,79637,191237,342401,286595,153294,133301,247043
22,416,district,dakshinbastardantewada,rural,437405,213930,223475,67372,125381,312024,251128,126503,124625,186277
22,416,district,dakshinbastardantewada,urban,96233,50212,46021,12265,65856,30377,35467,26791,8676,60766
19,331,district,dakshindinajpur,total,1676276,857199,819077,188135,1083685,592591,702987,499560,203427,973289
19,331,district,dakshindinajpur,rural,1439981,737771,702210,169507,890661,549320,613578,431297,182281,826403
19,331,district,dakshindinajpur,urban,236295,119428,116867,18628,193024,43271,89409,68263,21146,146886
25,495,district,daman,total,191173,124659,66514,20458,150348,40825,105521,94502,11019,85652
25,495,district,daman,rural,32313,18367,13946,3419,24893,7420,14779,11946,2833,17534
25,495,district,daman,urban,158860,106292,52568,17039,125455,33405,90742,82556,8186,68118
25,0,district,damandiu,total,243247,150301,92946,26934,188406,54841,121271,107434,13837,121976
25,0,district,damandiu,rural,60396,32395,28001,7438,43089,17307,23303,18862,4441,37093
25,0,district,damandiu,urban,182851,117906,64945,19496,145317,37534,97968,88572,9396,84883
23,428,district,damoh,total,1264219,661873,602346,191968,747715,516504,574595,367711,206884,689624
23,428,district,damoh,rural,1013668,530471,483197,159999,564140,449528,482526,299504,183022,531142
23,428,district,damoh,urban,250551,131402,119149,31969,183575,66976,92069,68207,23862,158482
10,215,district,darbhanga,total,3937385,2059949,1877436,725482,1816634,2120751,1223640,947927,275713,2713745
10,215,district,darbhanga,rural,3554057,1858545,1695512,668296,1569893,1984164,1117368,857715,259653,2436689
10,215,district,darbhanga,urban,383328,201404,181924,57186,246741,136587,106272,90212,16060,277056
19,327,district,darjiling,total,1846823,937259,909564,193169,1315585,531238,683726,479586,204140,1163097
19,327,district,darjiling,rural,1118860,566965,551895,126773,736824,382036,428578,285007,143571,690282
19,327,district,darjiling,urban,727963,370294,357669,66396,578761,149202,255148,194579,60569,472815
18,325,district,darrang,total,928500,475273,453227,156408,487039,441461,324843,246864,77979,603657
18,325,district,darrang,rural,873006,446460,426546,150916,444075,428931,305157,230242,74915,567849
18,325,district,darrang,urban,55494,28813,26681,5492,42964,12530,19686,16622,3064,35808
23,422,district,datia,total,786754,420157,366597,110114,491445,295309,321160,225662,95498,465594
23,422,district,datia,rural,604772,323966,280806,86717,365567,239205,261170,177480,83690,343602
23,422,district,datia,urban,181982,96191,85791,23397,125878,56104,59990,48182,11808,121992
8,109,district,dausa,total,1634409,857787,776622,258144,938051,696358,684495,398151,286344,949914
8,109,district,dausa,rural,1432616,751900,680716,231445,796783,635833,625909,349583,276326,806707
8,109,district,dausa,urban,201793,105887,95906,26699,141268,60525,58586,48568,10018,143207
29,567,district,davanagere,total,1945497,986400,959097,217731,1308540,636957,875207,585639,289568,1070290
29,567,district,davanagere,rural,1316487,668267,648220,147770,838823,477664,640621,408033,232588,675866
29,567,district,davanagere,urban,629010,318133,310877,69961,469717,159293,234586,177606,56980,394424
21,373,district,debagarh,total,312520,158230,154290,39917,197819,114701,165435,92384,73051,147085
21,373,district,debagarh,rural,290130,146666,143464,37332,181300,108830,157390,86300,71090,132740
21,373,district,debagarh,urban,22390,11564,10826,2585,16519,5871,8045,6084,1961,14345
5,60,district,dehradun,total,1696694,892199,804495,201652,1259506,437188,582768,458834,123934,1113926
5,60,district,dehradun,rural,754753,392891,361862,99957,517836,236917,265341,198393,66948,489412
5,60,district,dehradun,urban,941941,499308,442633,101695,741670,200271,317427,260441,56986,624514
7,0,state,delhi,total,16787941,8987326,7800615,2012454,12737767,4050174,5587049,4762026,825023,11200892
7,0,state,delhi,rural,419042,226321,192721,56716,296600,122442,130227,111500,18727,288815
7,0,state,delhi,urban,16368899,8761005,7607894,1955738,12441167,3927732,5456822,4650526,806296,10912077
20,350,district,deoghar,total,1492073,775022,717051,268453,793538,698535,551467,383691,167776,940606
20,350,district,deoghar,rural,1233712,638136,595576,233712,604892,628820,478122,320165,157957,755590
20,350,district,deoghar,urban,258361,136886,121475,34741,188646,69715,73345,63526,9819,185016
9,190,district,deoria,total,3100946,1537436,1563510,464516,1875239,1225707,876246,639073,237173,2224700
9,190,district,deoria,rural,2784143,1373111,1411032,423581,1654427,1129716,793580,568326,225254,1990563
9,190,district,deoria,urban,316803,164325,152478,40935,220812,95991,82666,70747,11919,234137
23,437,district,dewas,total,1563715,805359,758356,229339,925369,638346,742676,451501,291175,821039
23,437,district,dewas,rural,1111956,571720,540236,171150,604294,507662,587009,329631,257378,524947
23,437,district,dewas,urban,451759,233639,218120,58189,321075,130684,155667,121870,33797,296092
16,291,district,dhalai,total,378230,194544,183686,56011,276217,102013,155831,105657,50174,222399
16,291,district,dhalai,rural,337731,173773,163958,51571,241818,95913,141614,93933,47681,196117
16,291,district,dhalai,urban,40499,20771,19728,4440,34399,6100,14217,11724,2493,26282
22,412,district,dhamtari,total,799781,397897,401884,101909,546833,252948,402895,226382,176513,396886
22,412,district,dhamtari,rural,650586,323420,327166,84459,435825,214761,342553,185441,157112,308033
22,412,district,dhamtari,urban,149195,74477,74718,17450,111008,38187,60342,40941,19401,88853
20,354,district,dhanbad,total,2684487,1405956,1278531,373394,1722204,962283,844504,658851,185653,1839983
20,354,district,dhanbad,rural,1124093,581956,542137,171670,649255,474838,411215,285329,125886,712878
20,354,district,dhanbad,urban,1560394,824000,736394,201724,1072949,487445,433289,373522,59767,1127105
23,438,district,dhar,total,2185793,1112725,1073068,359949,1077338,1108455,1027974,597079,430895,1157819
23,438,district,dhar,rural,1772572,895113,877459,300042,796473,976099,878275,479585,398690,894297
23,438,district,dhar,urban,413221,217612,195609,59907,280865,132356,149699,117494,32205,263522
33,630,district,dharmapuri,total,1506843,774303,732540,167940,917709,589134,751170,446057,305113,755673
33,630,district,dharmapuri,rural,1245931,643215,602716,140903,727785,518146,646077,373109,272968,599854
33,630,district,dharmapuri,urban,260912,131088,129824,27037,189924,70988,105093,72948,32145,155819
29,562,district,dharwad,total,1847023,937206,909817,219942,1301664,545359,784833,543776,241057,1062190
29,562,district,dharwad,rural,797484,409416,388068,101160,501954,295530,407220,250619,156601,390264
29,562,district,dharwad,urban,1049539,527790,521749,118782,799710,249829,377613,293157,84456,671926
8,106,district,dhaulpur,total,1206516,653647,552869,217613,683098,523418,523212,339110,184102,683304
8,106,district,dhaulpur,rural,959066,520930,438136,179725,530706,428360,449350,277575,171775,509716
8,106,district,dhaulpur,urban,247450,132717,114733,37888,152392,95058,73862,61535,12327,173588
18,308,district,dhemaji,total,686133,351249,334884,104247,423028,263105,316800,186577,130223,369333
18,308,district,dhemaji,rural,637848,326278,311570,98352,387412,250436,300729,173704,127025,337119
18,308,district,dhemaji,urban,48285,24971,23314,5895,35616,12669,16071,12873,3198,32214
21,383,district,dhenkanal,total,1192811,612593,580218,139096,829910,362901,435533,340552,94981,757278
21,383,district,dhenkanal,rural,1075305,551326,523979,127334,735523,339782,398386,308837,89549,676919
21,383,district,dhenkanal,urban,117506,61267,56239,11762,94387,23119,37147,31715,5432,80359
18,301,district,dhubri,total,1949258,997848,951410,368262,922341,1026917,669819,524898,144921,1279439
18,301,district,dhubri,rural,1745557,893914,851643,345279,773646,971911,599463,466138,133325,1146094
18,301,district,dhubri,urban,203701,103934,99767,22983,148695,55006,70356,58760,11596,133345
27,498,district,dhule,total,2050862,1054031,996831,273507,1293916,756946,936370,570448,365922,1114492
27,498,district,dhule,rural,1479826,758916,720910,206036,857440,622386,758086,425469,332617,721740
27,498,district,dhule,urban,571036,295115,275921,67471,436476,134560,178284,144979,33305,392752
12,257,district,dibangvalley,total,8004,4414,3590,1084,4436,3568,3555,2228,1327,4449
12,257,district,dibangvalley,rural,5620,3098,2522,775,2692,2928,2640,1616,1024,2980
12,257,district,dibangvalley,urban,2384,1316,1068,309,1744,640,915,612,303,1469
18,310,district,dibrugarh,total,1326335,676434,649901,163210,884531,441804,560557,368013,192544,765778
18,310,district,dibrugarh,rural,1082605,550299,532306,140283,685573,397032,470496,295616,174880,612109
18,310,district,dibrugarh,urban,243730,126135,117595,22927,198958,44772,90061,72397,17664,153669
18,315,district,dimahasao,total,214102,110802,103300,32414,140873,73229,85028,56323,28705,129074
18,315,district,dimahasao,rural,151613,77817,73796,25067,90009,61604,62740,39126,23614,88873
18,315,district,dimahasao,urban,62489,32985,29504,7347,50864,11625,22288,17197,5091,40201
13,265,district,dimapur,total,378811,197394,181417,50898,278037,100774,151350,99645,51705,227461
13,265,district,dimapur,rural,180942,93435,87507,26063,126822,54120,76858,45699,31159,104084
13,265,district,dimapur,urban,197869,103959,93910,24835,151215,46654,74492,53946,20546,123377
33,612,district,dindigul,total,2159775,1080938,1078837,216576,1481834,677941,1105155,665469,439686,1054620
33,612,district,dindigul,rural,1351735,678605,673130,137539,870271,481464,762193,427632,334561,589542
33,612,district,dindigul,urban,808040,402333,405707,79037,611563,196477,342962,237837,105125,465078
23,453,district,dindori,total,704524,351913,352611,111820,378714,325810,389925,203383,186542,314599
23,453,district,dindori,rural,672206,335393,336813,107702,354842,317364,377973,194635,183338,294233
23,453,district,dindori,urban,32318,16520,15798,4118,23872,8446,11952,8748,3204,20366
25,494,district,diu,total,52074,25642,26432,6476,38058,14016,15750,12932,2818,36324
25,494,district,diu,rural,28083,14028,14055,4019,18196,9887,8524,6916,1608,19559
25,494,district,diu,urban,23991,11614,12377,2457,19862,4129,7226,6016,1210,16765
1,16,district,doda,total,409936,213641,196295,71240,219083,190853,151912,101144,50768,258024
1,16,district,doda,rural,377247,195430,181817,67207,194550,182697,141565,92477,49088,235682
1,16,district,doda,urban,32689,18211,14478,4033,24533,8156,10347,8667,1680,22342
24,485,district,dohad,total,2127086,1068651,1058435,414798,1007171,1119915,999124,540881,458243,1127962
24,485,district,dohad,rural,1935461,970963,964498,387164,872552,1062909,934346,491602,442744,1001115
24,485,district,dohad,urban,191625,97688,93937,27634,134619,57006,64778,49279,15499,126847
20,362,district,dumka,total,1321442,668514,652928,219449,672409,649033,624779,367108,257671,696663
20,362,district,dumka,rural,1231264,620928,610336,207804,606660,624604,597372,344707,252665,633892
20,362,district,dumka,urban,90178,47586,42592,11645,65749,24429,27407,22401,5006,62771
8,124,district,dungarpur,total,1388552,696532,692020,242239,681591,706961,641515,346624,294891,747037
8,124,district,dungarpur,rural,1299809,651046,648763,231406,615851,683958,611752,323827,287925,688057
8,124,district,dungarpur,urban,88743,45486,43257,10833,65740,23003,29763,22797,6966,58980
22,409,district,durg,total,3343872,1682101,1661771,430536,2303378,1040494,1496805,921729,575076,1847067
22,409,district,durg,rural,2059107,1026152,1032955,282829,1330153,728954,1050508,573976,476532,1008599
22,409,district,durg,urban,1284765,655949,628816,147707,973225,311540,446297,347753,98544,838468
7,93,district,east,total,1709346,907500,801846,194357,1352998,356348,579692,486951,92741,1129654
7,93,district,east,rural,3530,1861,1669,374,2986,544,1348,1062,286,2182
7,93,district,east,urban,1705816,905639,800177,193983,1350012,355804,578344,485889,92455,1127472
11,244,district,eastdistrict,total,283583,151432,132151,27984,214329,69254,139678,92351,47327,143905
11,244,district,eastdistrict,rural,161096,87147,73949,16223,115891,45205,86948,54524,32424,74148
11,244,district,eastdistrict,urban,122487,64285,58202,11761,98438,24049,52730,37827,14903,69757
17,294,district,eastgarohills,total,317917,161223,156694,58071,192147,125770,126073,72262,53811,191844
17,294,district,eastgarohills,rural,273725,138763,134962,51865,157893,115832,112765,62737,50028,160960
17,294,district,eastgarohills,urban,44192,22460,21732,6206,34254,9938,13308,9525,3783,30884
28,545,district,eastgodavari,total,5154296,2569688,2584608,522054,3288577,1865719,2093681,1545831,547850,3060615
28,545,district,eastgodavari,rural,3840324,1922293,1918031,395078,2329761,1510563,1636455,1177641,458814,2203869
28,545,district,eastgodavari,urban,1313972,647395,666577,126976,958816,355156,457226,368190,89036,856746
12,247,district,eastkameng,total,78690,38775,39915,14626,38449,40241,31710,16424,15286,46980
12,247,district,eastkameng,rural,60340,29506,30834,11238,26914,33426,26084,12678,13406,34256
12,247,district,eastkameng,urban,18350,9269,9081,3388,11535,6815,5626,3746,1880,12724
17,298,district,eastkhasihills,total,825922,410749,415173,139055,578030,247892,326786,204303,122483,499136
17,298,district,eastkhasihills,rural,459441,228409,231032,95328,283008,176433,190926,112845,78081,268515
17,298,district,eastkhasihills,urban,366481,182340,184141,43727,295022,71459,135860,91458,44402,230621
12,251,district,eastsiang,total,99214,50116,49098,12955,62576,36638,40222,23591,16631,58992
12,251,district,eastsiang,rural,71579,36147,35432,9694,43064,28515,31417,17174,14243,40162
12,251,district,eastsiang,urban,27635,13969,13666,3261,19512,8123,8805,6417,2388,18830
32,595,district,ernakulam,total,3282388,1619557,1662831,304242,2855676,426712,1249343,913249,336094,2033045
32,595,district,ernakulam,rural,1048025,518510,529515,93614,908408,139617,417997,297463,120534,630028
32,595,district,ernakulam,urban,2234363,1101047,1133316,210628,1947268,287095,831346,615786,215560,1403017
33,610,district,erode,total,2251744,1129868,1121876,195213,1492662,759082,1195773,732083,463690,1055971
33,610,district,erode,rural,1093768,552393,541375,92254,655046,438722,635104,363773,271331,458664
33,610,district,erode,urban,1157976,577475,580501,102959,837616,320360,560669,368310,192359,597307
9,201,district,etah,total,1774480,947339,827141,284227,1055202,719278,545984,440244,105740,1228496
9,201,district,etah,rural,1506338,805589,700749,246918,877716,628622,470868,376518,94350,1035470
9,201,district,etah,urban,268142,141750,126392,37309,177486,90656,75116,63726,11390,193026
9,161,district,etawah,total,1581810,845856,735954,227470,1062003,519807,506072,413713,92359,1075738
9,161,district,etawah,rural,1215511,652740,562771,182914,798203,417308,400394,323246,77148,815117
9,161,district,etawah,urban,366299,193116,173183,44556,263800,102499,105678,90467,15211,260621
9,177,district,faizabad,total,2470996,1259628,1211368,360082,1450901,1020095,831209,597888,233321,1639787
9,177,district,faizabad,rural,2130743,1079257,1051486,321675,1209329,921414,724936,510994,213942,1405807
9,177,district,faizabad,urban,340253,180371,159882,38407,241572,98681,106273,86894,19379,233980
6,88,district,faridabad,total,1809733,966110,843623,251955,1272739,536994,579229,476933,102296,1230504
6,88,district,faridabad,rural,370878,198103,172775,60653,227022,143856,106758,87749,19009,264120
6,88,district,faridabad,urban,1438855,768007,670848,191302,1045717,393138,472471,389184,83287,966384
3,45,district,faridkot,total,617508,326671,290837,69311,381285,236223,221555,185049,36506,395953
3,45,district,faridkot,rural,400457,210782,189675,44722,229799,170658,144520,120331,24189,255937
3,45,district,faridkot,urban,217051,115889,101162,24589,151486,65565,77035,64718,12317,140016
9,159,district,farrukhabad,total,1885204,1006240,878964,302612,1092677,792527,592267,494545,97722,1292937
9,159,district,farrukhabad,rural,1469019,785301,683718,248167,827275,641744,465089,385507,79582,1003930
9,159,district,farrukhabad,urban,416185,220939,195246,54445,265402,150783,127178,109038,18140,289007
6,78,district,fatehabad,total,942011,495360,446651,121024,557578,384433,369083,263498,105585,572928
6,78,district,fatehabad,rural,762423,400814,361609,99259,434531,327892,312610,215010,97600,449813
6,78,district,fatehabad,urban,179588,94546,85042,21765,123047,56541,56473,48488,7985,123115
3,40,district,fatehgarhsahib,total,600163,320795,279368,63271,426033,174130,214783,182777,32006,385380
3,40,district,fatehgarhsahib,rural,414681,220050,194631,42785,288340,126341,148103,124711,23392,266578
3,40,district,fatehgarhsahib,urban,185482,100745,84737,20486,137693,47789,66680,58066,8614,118802
9,172,district,fatehpur,total,2632733,1384722,1248011,390089,1512166,1120567,1063929,713736,350193,1568804
9,172,district,fatehpur,rural,2310740,1215690,1095050,349925,1298742,1011998,964814,632566,332248,1345926
9,172,district,fatehpur,urban,321993,169032,152961,40164,213424,108569,99115,81170,17945,222878
9,147,district,firozabad,total,2498156,1332046,1166110,382319,1521806,976350,761521,621840,139681,1736635
9,147,district,firozabad,rural,1664987,891872,773115,265252,1016244,648743,491552,412302,79250,1173435
9,147,district,firozabad,urban,833169,440174,392995,117067,505562,327607,269969,209538,60431,563200
3,43,district,firozpur,total,2029074,1071637,957437,248103,1227511,801563,756695,596406,160289,1272379
3,43,district,firozpur,rural,1476518,776208,700310,185699,840820,635698,565851,433955,131896,910667
3,43,district,firozpur,urban,552556,295429,257127,62404,386691,165865,190844,162451,28393,361712
29,561,district,gadag,total,1064570,537147,527423,132442,700177,364393,495722,310412,185310,568848
29,561,district,gadag,rural,685261,347585,337676,87350,429673,255588,346655,204325,142330,338606
29,561,district,gadag,urban,379309,189562,189747,45092,270504,108805,149067,106087,42980,230242
27,508,district,gadchiroli,total,1072942,541328,531614,120272,708365,364577,584237,323338,260899,488705
27,508,district,gadchiroli,rural,954909,481290,473619,108521,613771,341138,540110,291600,248510,414799
27,508,district,gadchiroli,urban,118033,60038,57995,11751,94594,23439,44127,31738,12389,73906
21,389,district,gajapati,total,577817,282882,294935,86984,262537,315280,293933,155907,138026,283884
21,389,district,gajapati,rural,507151,247655,259496,79684,213160,293991,267265,136879,130386,239886
21,389,district,gajapati,urban,70666,35227,35439,7300,49377,21289,26668,19028,7640,43998
1,11,district,ganderbal,total,297446,158720,138726,50594,143276,154170,100890,73305,27585,196556
1,11,district,ganderbal,rural,250407,133715,116692,42354,117480,132927,84498,62114,22384,165909
1,11,district,ganderbal,urban,47039,25005,22034,8240,25796,21243,16392,11191,5201,30647
24,473,district,gandhinagar,total,1391753,723864,667889,167377,1030494,361259,534976,408075,126901,856777
24,473,district,gandhinagar,rural,791126,408436,382690,99763,563973,227153,326953,236396,90557,464173
24,473,district,gandhinagar,urban,600627,315428,285199,67614,466521,134106,208023,171679,36344,392604
8,99,district,ganganagar,total,1969168,1043340,925828,255475,1193343,775825,912672,596320,316352,1056496
8,99,district,ganganagar,rural,1433736,758269,675467,192461,821372,612364,727092,442402,284690,706644
8,99,district,ganganagar,urban,535432,285071,250361,63014,371971,163461,185580,153918,31662,349852
21,388,district,ganjam,total,3529031,1779218,1749813,420158,2210050,1318981,1501772,990027,511745,2027259
21,388,district,ganjam,rural,2761030,1383636,1377394,342463,1635150,1125880,1231922,779378,452544,1529108
21,388,district,ganjam,urban,768001,395582,372419,77695,574900,193101,269850,210649,59201,498151
20,346,district,garhwa,total,1322784,683575,639209,239664,653476,669308,571431,335451,235980,751353
20,346,district,garhwa,rural,1253114,646947,606167,229136,607528,645586,550479,318606,231873,702635
20,346,district,garhwa,urban,69670,36628,33042,10528,45948,23722,20952,16845,4107,48718
5,61,district,garhwal,total,687271,326829,360442,83901,494889,192382,274152,147373,126779,413119
5,61,district,garhwal,rural,574568,268029,306539,71170,404558,170010,240786,119739,121047,333782
5,61,district,garhwal,urban,112703,58800,53903,12731,90331,22372,33366,27634,5732,79337
9,141,district,gautambuddhanagar,total,1648115,890214,757901,246598,1122947,525168,569109,443384,125725,1079006
9,141,district,gautambuddhanagar,rural,673806,359605,314201,109480,421928,251878,216673,163103,53570,457133
9,141,district,gautambuddhanagar,urban,974309,530609,443700,137118,701019,273290,352436,280281,72155,621873
10,236,district,gaya,total,4391418,2266566,2124852,783059,2297613,2093805,1664062,1076170,587892,2727356
10,236,district,gaya,rural,3809817,1960592,1849225,702181,1895908,1913909,1483785,937683,546102,2326032
10,236,district,gaya,urban,581601,305974,275627,80878,401705,179896,180277,138487,41790,401324
9,140,district,ghaziabad,total,4681645,2488834,2192811,681231,3123264,1558381,1520538,1231615,288923,3161107
9,140,district,ghaziabad,rural,1519098,808222,710876,248759,922310,596788,496077,388755,107322,1023021
9,140,district,ghaziabad,urban,3162547,1680612,1481935,432472,2200954,961593,1024461,842860,181601,2138086
9,195,district,ghazipur,total,3620268,1855075,1765193,558559,2197549,1422719,1204602,808700,395902,2415666
9,195,district,ghazipur,rural,3345908,1711651,1634257,520467,2007741,1338167,1128893,746970,381923,2217015
9,195,district,ghazipur,urban,274360,143424,130936,38092,189808,84552,75709,61730,13979,198651
20,349,district,giridih,total,2445474,1258098,1187376,460251,1253475,1191999,1036277,623946,412331,1409197
20,349,district,giridih,rural,2237450,1149608,1087842,428388,1113513,1123937,976536,572635,403901,1260914
20,349,district,giridih,urban,208024,108490,99534,31863,139962,68062,59741,51311,8430,148283
30,0,state,goa,total,1458545,739140,719405,144611,1165487,293058,577248,419536,157712,881297
30,0,state,goa,rural,551731,275436,276295,54014,431271,120460,215536,152986,62550,336195
30,0,state,goa,urban,906814,463704,443110,90597,734216,172598,361712,266550,95162,545102
18,302,district,goalpara,total,1008183,513292,494891,171657,563577,444606,362573,267118,95455,645610
18,302,district,goalpara,rural,870121,443244,426877,152141,473388,396733,314099,228888,85211,556022
18,302,district,goalpara,urban,138062,70048,68014,19516,90189,47873,48474,38230,10244,89588
20,351,district,godda,total,1313551,677927,635624,241784,604519,709032,552191,344019,208172,761360
20,351,district,godda,rural,1249132,643907,605225,232349,559346,689786,534450,329001,205449,714682
20,351,district,godda,urban,64419,34020,30399,9435,45173,19246,17741,15018,2723,46678
18,313,district,golaghat,total,1066888,543161,523727,134793,721764,345124,479928,309104,170824,586960
18,313,district,golaghat,rural,969152,493125,476027,125120,640978,328174,444356,280353,164003,524796
18,313,district,golaghat,urban,97736,50036,47700,9673,80786,16950,35572,28751,6821,62164
9,183,district,gonda,total,3433919,1787146,1646773,572386,1679994,1753925,1170552,855848,314704,2263367
9,183,district,gonda,rural,3208890,1669058,1539832,543982,1529165,1679725,1104069,800410,303659,2104821
9,183,district,gonda,urban,225029,118088,106941,28404,150829,74200,66483,55438,11045,158546
27,507,district,gondiya,total,1322507,661554,660953,140365,1004243,318264,665419,383151,282268,657088
27,507,district,gondiya,rural,1096577,547934,548643,117577,818421,278156,584269,323587,260682,512308
27,507,district,gondiya,urban,225930,113620,112310,22788,185822,40108,81150,59564,21586,144780
10,217,district,gopalganj,total,2562012,1267666,1294346,449530,1382998,1179014,728201,539586,188615,1833811
10,217,district,gopalganj,rural,2399207,1184967,1214240,423789,1280064,1119143,685619,504265,181354,1713588
10,217,district,gopalganj,urban,162805,82699,80106,25741,102934,59871,42582,35321,7261,120223
9,188,district,gorakhpur,total,4440895,2277777,2163118,628442,2700328,1740567,1351629,1016876,334753,3089266
9,188,district,gorakhpur,rural,3604766,1838726,1766040,537183,2086628,1518138,1098090,812452,285638,2506676
9,188,district,gorakhpur,urban,836129,439051,397078,91259,613700,222429,253539,204424,49115,582590
24,0,state,gujarat,total,60439692,31491260,28948432,7777262,41093358,19346334,24767747,18000914,6766833,35671945
24,0,state,gujarat,rural,34694609,17799159,16895450,4824903,21420842,13273767,15570092,10171584,5398508,19124517
24,0,state,gujarat,urban,25745083,13692101,12052982,2952359,19672516,6072567,9197655,7829330,1368325,16547428
29,579,district,gulbarga,total,2566326,1301755,1264571,365372,1427368,1138958,1087028,680001,407027,1479298
29,579,district,gulbarga,rural,1730775,877144,853631,254972,857328,873447,807197,470900,336297,923578
29,579,district,gulbarga,urban,835551,424611,410940,110400,570040,265511,279831,209101,70730,555720
20,366,district,gumla,total,1025213,514390,510823,173647,559720,465493,487508,264774,222734,537705
20,366,district,gumla,rural,960132,481135,478997,165197,510005,450127,469668,250720,218948,490464
20,366,district,gumla,urban,65081,33255,31826,8450,49715,15366,17840,14054,3786,47241
23,458,district,guna,total,1241519,649362,592157,207177,653980,587539,514897,335454,179443,726622
23,458,district,guna,rural,928844,486127,442717,162565,447170,481674,415816,255198,160618,513028
23,458,district,guna,urban,312675,163235,149440,44612,206810,105865,99081,80256,18825,213594
28,548,district,guntur,total,4887813,2440521,2447292,495729,2960441,1927372,2381624,1442370,939254,2506189
28,548,district,guntur,rural,3235075,1621491,1613584,332761,1797934,1437141,1744176,976679,767497,1490899
28,548,district,guntur,urban,1652738,819030,833708,162968,1162507,490231,637448,465691,171757,1015290
3,35,district,gurdaspur,total,2298323,1212617,1085706,253579,1634719,663604,757138,637652,119486,1541185
3,35,district,gurdaspur,rural,1639004,855784,783220,188167,1116537,522467,527252,443449,83803,1111752
3,35,district,gurdaspur,urban,659319,356833,302486,65412,518182,141137,229886,194203,35683,429433
6,86,district,gurgaon,total,1514432,816690,697742,202602,1111116,403316,544716,432456,112260,969716
6,86,district,gurgaon,rural,472179,251462,220717,67473,324087,148092,158462,121734,36728,313717
6,86,district,gurgaon,urban,1042253,565228,477025,135129,787029,255224,386254,310722,75532,655999
23,421,district,gwalior,total,2032036,1090327,941709,261418,1357210,674826,685311,548820,136491,1346725
23,421,district,gwalior,rural,758244,409349,348895,114953,419361,338883,287151,210476,76675,471093
23,421,district,gwalior,urban,1273792,680978,592814,146465,937849,335943,398160,338344,59816,875632
18,318,district,hailakandi,total,659296,337890,321406,111278,407366,251930,214240,170792,43448,445056
18,318,district,hailakandi,rural,611156,313747,297409,106617,366962,244194,198293,158192,40101,412863
18,318,district,hailakandi,urban,48140,24143,23997,4661,40404,7736,15947,12600,3347,32193
2,28,district,hamirpur,total,454768,217070,237698,48548,358091,96677,241931,118724,123207,212837
2,28,district,hamirpur,rural,423338,200748,222590,45625,331719,91619,230983,110846,120137,192355
2,28,district,hamirpur,urban,31430,16322,15108,2923,26372,5058,10948,7878,3070,20482
9,168,district,hamirpur,total,1104285,593537,510748,154355,653299,450986,443655,308527,135128,660630
9,168,district,hamirpur,rural,894437,481373,413064,128232,511783,382654,376254,254864,121390,518183
9,168,district,hamirpur,urban,209848,112164,97684,26123,141516,68332,67401,53663,13738,142447
8,100,district,hanumangarh,total,1774692,931184,843508,234226,1034136,740556,835260,512802,322458,939432
8,100,district,hanumangarh,rural,1424228,746887,677341,190563,802659,621569,719352,416081,303271,704876
8,100,district,hanumangarh,urban,350464,184297,166167,43663,231477,118987,115908,96721,19187,234556
19,341,district,haora,total,4850029,2500819,2349210,522802,3605206,1244823,1819845,1498170,321675,3030184
19,341,district,haora,rural,1775885,909519,866366,205158,1256266,519619,670490,552233,118257,1105395
19,341,district,haora,urban,3074144,1591300,1482844,317644,2348940,725204,1149355,945937,203418,1924789
23,448,district,harda,total,570465,294838,275627,84191,352550,217915,230979,156852,74127,339486
23,448,district,harda,rural,451101,233312,217789,69504,261229,189872,193857,125772,68085,257244
23,448,district,harda,urban,119364,61526,57838,14687,91321,28043,37122,31080,6042,82242
9,155,district,hardoi,total,4092845,2191442,1901403,652496,2221601,1871244,1318946,1091952,226994,2773899
9,155,district,hardoi,rural,3551039,1906147,1644892,580096,1883588,1667451,1157094,953746,203348,2393945
9,155,district,hardoi,urban,541806,285295,256511,72400,338013,203793,161852,138206,23646,379954
5,68,district,hardwar,total,1890422,1005295,885127,285693,1178354,712068,578121,497810,80311,1312301
5,68,district,hardwar,rural,1197328,633784,563544,197796,682616,514712,359251,308299,50952,838077
5,68,district,hardwar,urban,693094,371511,321583,87897,495738,197356,218870,189511,29359,474224
6,0,state,haryana,total,25351462,13494734,11856728,3380721,16598988,8752474,8916508,6806636,2109872,16434954
6,0,state,haryana,rural,16509359,8774006,7735353,2285112,10158442,6350917,6003112,4392214,1610898,10506247
6,0,state,haryana,urban,8842103,4720728,4121375,1095609,6440546,2401557,2913396,2414422,498974,5928707
29,574,district,hassan,total,1776421,883667,892754,165637,1225256,551165,903580,560452,343128,872841
29,574,district,hassan,rural,1399658,695583,704075,128037,925571,474087,763534,451711,311823,636124
29,574,district,hassan,urban,376763,188084,188679,37600,299685,77078,140046,108741,31305,236717
29,564,district,haveri,total,1597668,819128,778540,195317,1085443,512225,730066,490731,239335,867602
29,564,district,haveri,rural,1242167,638450,603717,152010,825101,417066,599152,389871,209281,643015
29,564,district,haveri,urban,355501,180678,174823,43307,260342,95159,130914,100860,30054,224587
20,360,district,hazaribagh,total,1734495,890881,843614,281863,1013249,721246,654636,423472,231164,1079859
20,360,district,hazaribagh,rural,1459188,746934,712254,246642,808009,651179,578620,358174,220446,880568
20,360,district,hazaribagh,urban,275307,143947,131360,35221,205240,70067,76016,65298,10718,199291
2,0,state,himachalpradesh,total,6864602,3481873,3382729,777898,5039736,1824866,3559422,2043373,1516049,3305180
2,0,state,himachalpradesh,rural,6176050,3110345,3065705,712822,4471736,1704314,3289384,1836358,1453026,2886666
2,0,state,himachalpradesh,urban,688552,371528,317024,65076,568000,120552,270038,207015,63023,418514
27,512,district,hingoli,total,1177345,606294,571051,165716,790743,386602,569182,330903,238279,608163
27,512,district,hingoli,rural,998612,514430,484182,141780,658152,340460,512590,285540,227050,486022
27,512,district,hingoli,urban,178733,91864,86869,23936,132591,46142,56592,45363,11229,122141
6,80,district,hisar,total,1743931,931562,812369,215167,1114311,629620,691621,488321,203300,1052310
6,80,district,hisar,rural,1190443,634139,556304,150650,714796,475647,507084,336064,171020,683359
6,80,district,hisar,urban,553488,297423,256065,64517,399515,153973,184537,152257,32280,368951
23,449,district,hoshangabad,total,1241350,648725,592625,164602,810644,430706,478082,345435,132647,763268
23,449,district,hoshangabad,rural,851364,445062,406302,120738,510211,341153,352443,241932,110511,498921
23,449,district,hoshangabad,urban,389986,203663,186323,43864,300433,89553,125639,103503,22136,264347
3,38,district,hoshiarpur,total,1586625,809057,777568,168331,1199699,386926,499822,412506,87316,1086803
3,38,district,hoshiarpur,rural,1251656,634470,617186,134056,935835,315821,385166,319963,65203,866490
3,38,district,hoshiarpur,urban,334969,174587,160382,34275,263864,71105,114656,92543,22113,220313
19,338,district,hugli,total,5519145,2814653,2704492,533210,4078388,1440757,2152870,1713608,439262,3366275
19,338,district,hugli,rural,3390646,1722945,1667701,347916,2389544,1001102,1373031,1076527,296504,2017615
19,338,district,hugli,urban,2128499,1091708,1036791,185294,1688844,439655,779839,637081,142758,1348660
28,536,district,hyderabad,total,3943323,2018575,1924748,469126,2892155,1051168,1413297,1045585,367712,2530026
28,536,district,hyderabad,rural,0,0,0,0,0,0,0,0,0,0
28,536,district,hyderabad,urban,3943323,2018575,1924748,469126,2892155,1051168,1413297,1045585,367712,2530026
32,596,district,idukki,total,1108974,552808,556166,105641,923010,185964,516363,331710,184653,592611
32,596,district,idukki,rural,1056929,527245,529684,100459,878211,178718,498624,318263,180361,558305
32,596,district,idukki,urban,52045,25563,26482,5182,44799,7246,17739,13447,4292,34306
14,278,district,imphaleast,total,456113,226094,230019,59936,324664,131449,194848,117562,77286,261265
14,278,district,imphaleast,rural,272906,136789,136117,38324,183881,89025,120193,72447,47746,152713
14,278,district,imphaleast,urban,183207,89305,93902,21612,140783,42424,74655,45115,29540,108552
14,277,district,imphalwest,total,517992,255054,262938,61875,392626,125366,213387,128540,84847,304605
14,277,district,imphalwest,rural,195113,96948,98165,25459,139391,55722,84176,50493,33683,110937
14,277,district,imphalwest,urban,322879,158106,164773,36416,253235,69644,129211,78047,51164,193668
0,0,india,india,total,1210854977,623270258,587584719,164515253,763638812,447216165,481888868,331939875,149948993,728966109
0,0,india,india,rural,833748852,427781058,405967794,121322865,482793835,350955017,348743092,226837013,121906079,485005760
0,0,india,india,urban,377106125,195489200,181616925,43192388,280844977,96261148,133145776,105102862,28042914,243960349
23,439,district,indore,total,3276697,1699627,1577070,421380,2309130,967567,1268195,939055,329140,2008502
23,439,district,indore,rural,848988,436755,412233,124904,499137,349851,386782,244360,142422,462206
23,439,district,indore,urban,2427709,1262872,1164837,296476,1809993,617716,881413,694695,186718,1546296
23,451,district,jabalpur,total,2463289,1277278,1186011,296565,1756468,706821,1005624,705970,299654,1457665
23,451,district,jabalpur,rural,1023255,527031,496224,141756,637824,385431,478125,300951,177174,545130
23,451,district,jabalpur,urban,1440034,750247,689787,154809,1118644,321390,527499,405019,122480,912535
21,380,district,jagatsinghapur,total,1136971,577865,559106,110249,889027,247944,403649,325589,78060,733322
21,380,district,jagatsinghapur,rural,1020991,516813,504178,98291,798202,222789,364377,291902,72475,656614
21,380,district,jagatsinghapur,urban,115980,61052,54928,11958,90825,25155,39272,33687,5585,76708
17,299,district,jaintiahills,total,395124,196285,198839,90911,187527,207597,154180,88839,65341,240944
17,299,district,jaintiahills,rural,366694,182610,184084,87054,165140,201554,143496,82945,60551,223198
17,299,district,jaintiahills,urban,28430,13675,14755,3857,22387,6043,10684,5894,4790,17746
8,110,district,jaipur,total,6626178,3468507,3157671,929926,4300965,2325213,2464893,1714947,749946,4161285
8,110,district,jaipur,rural,3154331,1642924,1511407,481315,1807604,1346727,1346659,787451,559208,1807672
8,110,district,jaipur,urban,3471847,1825583,1646264,448611,2493361,978486,1118234,927496,190738,2353613
8,114,district,jaisalmer,total,669919,361708,308211,130463,308653,361266,288903,182565,106338,381016
8,114,district,jaisalmer,rural,580894,312447,268447,117527,249289,331605,258029,155519,102510,322865
8,114,district,jaisalmer,urban,89025,49261,39764,12936,59364,29661,30874,27046,3828,58151
21,382,district,jajapur,total,1827192,926034,901158,216804,1290455,536737,552234,486091,66143,1274958
21,382,district,jajapur,rural,1692095,856539,835556,200284,1188483,503612,511605,450358,61247,1180490
21,382,district,jajapur,urban,135097,69495,65602,16520,101972,33125,40629,35733,4896,94468
3,37,district,jalandhar,total,2193590,1145211,1048379,226302,1622537,571053,774472,639484,134988,1419118
3,37,district,jalandhar,rural,1032419,528790,503629,105196,728134,304285,350042,291648,58394,682377
3,37,district,jalandhar,urban,1161171,616421,544750,121106,894403,266768,424430,347836,76594,736741
9,165,district,jalaun,total,1689974,906092,783882,231997,1075196,614778,620764,470969,149795,1069210
9,165,district,jalaun,rural,1271074,683656,587418,180671,789966,481108,494424,363029,131395,776650
9,165,district,jalaun,urban,418900,222436,196464,51326,285230,133670,126340,107940,18400,292560
27,499,district,jalgaon,total,4229917,2197365,2032552,532005,2891882,1338035,1863571,1186472,677099,2366346
27,499,district,jalgaon,rural,2887206,1500514,1386692,375676,1877562,1009644,1427691,837159,590532,1459515
27,499,district,jalgaon,urban,1342711,696851,645860,156329,1014320,328391,435880,349313,86567,906831
27,514,district,jalna,total,1959046,1011473,947573,287338,1195523,763523,930886,545030,385856,1028160
27,514,district,jalna,rural,1581617,817279,764338,234903,931514,650103,805304,447556,357748,776313
27,514,district,jalna,urban,377429,194194,183235,52435,264009,113420,125582,97474,28108,251847
8,116,district,jalor,total,1828730,936634,892096,316455,829582,999148,896644,494906,401738,932086
8,116,district,jalor,rural,1676975,857619,819356,294006,737675,939300,846488,455851,390637,830487
8,116,district,jalor,urban,151755,79015,72740,22449,91907,59848,50156,39055,11101,101599
19,328,district,jalpaiguri,total,3872846,1983064,1889782,461700,2498780,1374066,1512910,1091361,421549,2359936
19,328,district,jalpaiguri,rural,2812495,1437286,1375209,351111,1716304,1096191,1122777,778252,344525,1689718
19,328,district,jalpaiguri,urban,1060351,545778,514573,110589,782476,277875,390133,313109,77024,670218
1,21,district,jammu,total,1529958,813821,716137,167363,1137135,392823,508622,417456,91166,1021336
1,21,district,jammu,rural,764945,401603,363342,94101,524881,240064,236708,195516,41192,528237
1,21,district,jammu,urban,765013,412218,352795,73262,612254,152759,271914,221940,49974,493099
1,0,state,jammuandkashmir,total,12267013,6483906,12423769,6608718,12361296,6546379,12414350,6547558,12507454,6493325
1,0,state,jammuandkashmir,rural,9108060,4774477,4333583,1593008,4747950,4360110,3113081,2212006,901075,5994979
1,0,state,jammuandkashmir,urban,3433242,1866185,1567057,425897,2319283,1113959,1209632,983084,226548,2223610
24,477,district,jamnagar,total,2160119,1114192,1045927,263972,1396534,763585,847440,646822,200618,1312679
24,477,district,jamnagar,rural,1189054,610088,578966,152181,715735,473319,512567,362636,149931,676487
24,477,district,jamnagar,urban,971065,504104,466961,111791,680799,290266,334873,284186,50687,636192
20,363,district,jamtara,total,791042,404830,386212,130993,426312,364730,326631,214740,111891,464411
20,363,district,jamtara,rural,715296,365043,350253,121244,371784,343512,303407,195029,108378,411889
20,363,district,jamtara,urban,75746,39787,35959,9749,54528,21218,23224,19711,3513,52522
10,238,district,jamui,total,1760405,916064,844341,324513,858588,901817,727571,452288,275283,1032834
10,238,district,jamui,rural,1615072,839776,775296,301124,767311,847761,680429,417113,263316,934643
10,238,district,jamui,urban,145333,76288,69045,23389,91277,54056,47142,35175,11967,98191
22,405,district,janjgirchampa,total,1619707,815717,803990,224218,1019634,600073,846466,478278,368188,773241
22,405,district,janjgirchampa,rural,1394646,701401,693245,195052,859400,535246,753143,414553,338590,641503
22,405,district,janjgirchampa,urban,225061,114316,110745,29166,160234,64827,93323,63725,29598,131738
22,402,district,jashpur,total,851669,424747,426922,122266,495415,356254,487360,263645,223715,364309
22,402,district,jashpur,rural,775677,386307,389370,112599,439818,335859,460143,243798,216345,315534
22,402,district,jashpur,urban,75992,38440,37552,9667,55597,20395,27217,19847,7370,48775
9,194,district,jaunpur,total,4494204,2220465,2273739,676216,2731677,1762527,1437375,934157,503218,3056829
9,194,district,jaunpur,rural,4147624,2041217,2106407,629787,2491044,1656580,1342850,855938,486912,2804774
9,194,district,jaunpur,urban,346580,179248,167332,46429,240633,105947,94525,78219,16306,252055
10,239,district,jehanabad,total,1125313,585582,539731,198785,618881,506432,365378,266423,98955,759935
10,239,district,jehanabad,rural,990117,514154,475963,178151,531441,458676,328412,236205,92207,661705
10,239,district,jehanabad,urban,135196,71428,63768,20634,87440,47756,36966,30218,6748,98230
23,464,district,jhabua,total,1025048,515023,510025,211869,352081,672967,515121,265489,249632,509927
23,464,district,jhabua,rural,933065,467468,465597,198754,286231,646834,482366,241771,240595,450699
23,464,district,jhabua,urban,91983,47555,44428,13115,65850,26133,32755,23718,9037,59228
6,83,district,jhajjar,total,958405,514667,443738,120051,676091,282314,326534,250020,76514,631871
6,83,district,jhajjar,rural,715066,384219,330847,89704,496455,218611,253833,188657,65176,461233
6,83,district,jhajjar,urban,243339,130448,112891,30347,179636,63703,72701,61363,11338,170638
8,129,district,jhalawar,total,1411129,725143,685986,208205,739792,671337,685950,402825,283125,725179
8,129,district,jhalawar,rural,1181838,606533,575305,177367,578866,602972,611622,342286,269336,570216
8,129,district,jhalawar,urban,229291,118610,110681,30838,160926,68365,74328,60539,13789,154963
9,166,district,jhansi,total,1998603,1057436,941167,260373,1304513,694090,814914,565357,249557,1183689
9,166,district,jhansi,rural,1165119,615629,549490,163631,702993,462126,528443,336478,191965,636676
9,166,district,jhansi,urban,833484,441807,391677,96742,601520,231964,286471,228879,57592,547013
20,0,state,jharkhand,total,32988134,16930315,16057819,5389495,18328069,14660065,13098274,8424769,4673505,19889860
20,0,state,jharkhand,rural,25055073,12776486,12278587,4367507,12643078,12411995,10777152,6484142,4293010,14277921
20,0,state,jharkhand,urban,7933061,4153829,3779232,1021988,5684991,2248070,2321122,1940627,380495,5611939
21,371,district,jharsuguda,total,579505,296690,282815,64794,405879,173626,247707,172018,75689,331798
21,371,district,jharsuguda,rural,348340,176162,172178,37295,234962,113378,169104,106700,62404,179236
21,371,district,jharsuguda,urban,231165,120528,110637,27499,170917,60248,78603,65318,13285,152562
8,103,district,jhunjhunun,total,2137045,1095896,1041149,288470,1370360,766685,894649,541392,353257,1242396
8,103,district,jhunjhunun,rural,1647966,842718,805248,222519,1046549,601417,752752,425348,327404,895214
8,103,district,jhunjhunun,urban,489079,253178,235901,65951,323811,165268,141897,116044,25853,347182
6,77,district,jind,total,1334152,713006,621146,168554,832758,501394,523422,368277,155145,810730
6,77,district,jind,rural,1028569,550519,478050,131390,617715,410854,430161,289349,140812,598408
6,77,district,jind,urban,305583,162487,143096,37164,215043,90540,93261,78928,14333,212322
8,113,district,jodhpur,total,3687165,1923928,1763237,606490,2031532,1655633,1489741,965103,524638,2197424
8,113,district,jodhpur,rural,2422551,1260328,1162223,441955,1158340,1264211,1079534,621142,458392,1343017
8,113,district,jodhpur,urban,1264614,663600,601014,164535,873192,391422,410207,343961,66246,854407
18,312,district,jorhat,total,1092256,556805,535451,124594,794929,297327,498618,320746,177872,593638
18,312,district,jorhat,rural,871722,442968,428754,103394,614748,256974,410080,253598,156482,461642
18,312,district,jorhat,urban,220534,113837,106697,21200,180181,40353,88538,67148,21390,131996
24,479,district,junagadh,total,2743082,1404356,1338726,311930,1842818,900264,1123709,801859,321850,1619373
24,479,district,junagadh,rural,1836670,940271,896399,213972,1178160,658510,823125,547978,275147,1013545
24,479,district,junagadh,urban,906412,464085,442327,97958,664658,241754,300584,253881,46703,605828
9,137,district,jyotibaphulenagar,total,1840221,963449,876772,300231,983110,857111,599089,459037,140052,1241132
9,137,district,jyotibaphulenagar,rural,1381508,724539,656969,231598,729207,652301,463948,344185,119763,917560
9,137,district,jyotibaphulenagar,urban,458713,238910,219803,68633,253903,204810,135141,114852,20289,323572
22,407,district,kabeerdham,total,822526,412058,410468,141904,414167,408359,404156,217073,187083,418370
22,407,district,kabeerdham,rural,735131,367941,367190,128957,357301,377830,372200,194421,177779,362931
22,407,district,kabeerdham,urban,87395,44117,43278,12947,56866,30529,31956,22652,9304,55439
24,468,district,kachchh,total,2092371,1096737,995634,318412,1252319,840052,776228,624704,151524,1316143
24,468,district,kachchh,rural,1363836,713524,650312,222543,740922,622914,516868,404980,111888,846968
24,468,district,kachchh,urban,728535,383213,345322,95869,511397,217138,259360,219724,39636,469175
10,233,district,kaimurbhabua,total,1626384,847006,779378,299281,920276,706108,511163,375959,135204,1115221
10,233,district,kaimurbhabua,rural,1560813,812298,748515,289652,874045,686768,495152,361632,133520,1065661
10,233,district,kaimurbhabua,urban,65571,34708,30863,9629,46231,19340,16011,14327,1684,49560
6,73,district,kaithal,total,1074304,571003,503301,139393,646529,427775,373899,292696,81203,700405
6,73,district,kaithal,rural,838293,445931,392362,110499,485223,353070,300886,229859,71027,537407
6,73,district,kaithal,urban,236011,125072,110939,28894,161306,74705,73013,62837,10176,162998
21,395,district,kalahandi,total,1576869,787101,789768,222570,802036,774833,751930,447290,304640,824939
21,395,district,kalahandi,rural,1454882,724646,730236,208763,713762,741120,709276,413886,295390,745606
21,395,district,kalahandi,urban,121987,62455,59532,13807,88274,33713,42654,33404,9250,79333
18,321,district,kamrup,total,1517542,778461,739081,200061,995319,522223,628954,428492,200462,888588
18,321,district,kamrup,rural,1375148,706140,669008,186844,881782,493366,572782,387764,185018,802366
18,321,district,kamrup,urban,142394,72321,70073,13217,113537,28857,56172,40728,15444,86222
18,322,district,kamrupmetropolitan,total,1253938,647585,606353,125386,1001191,252747,490932,375613,115319,763006
18,322,district,kamrupmetropolitan,rural,216927,111062,105865,27333,144941,71986,87768,62916,24852,129159
18,322,district,kamrupmetropolitan,urban,1037011,536523,500488,98053,856250,180761,403164,312697,90467,633847
33,604,district,kancheepuram,total,3998252,2012958,1985294,431574,3013382,984870,1673814,1181308,492506,2324438
33,604,district,kancheepuram,rural,1459916,734979,724937,158626,988378,471538,678251,434328,243923,781665
33,604,district,kancheepuram,urban,2538336,1277979,1260357,272948,2025004,513332,995563,746980,248583,1542773
21,390,district,kandhamal,total,733110,359945,373165,109709,399786,333324,355349,193515,161834,377761
21,390,district,kandhamal,rural,660831,323523,337308,101816,343893,316938,329677,174508,155169,331154
21,390,district,kandhamal,urban,72279,36422,35857,7893,55893,16386,25672,19007,6665,46607
2,24,district,kangra,total,1510075,750591,759484,164607,1152640,357435,675170,403756,271414,834905
2,24,district,kangra,rural,1423794,705365,718429,156586,1082442,341352,645181,380728,264453,778613
2,24,district,kangra,urban,86281,45226,41055,8021,70198,16083,29989,23028,6961,56292
9,160,district,kannauj,total,1656616,881776,774840,257682,1017087,639529,524676,430934,93742,1131940
9,160,district,kannauj,rural,1375775,734245,641530,217006,846493,529282,435348,361050,74298,940427
9,160,district,kannauj,urban,280841,147531,133310,40676,170594,110247,89328,69884,19444,191513
33,629,district,kanniyakumari,total,1870374,926345,944029,182350,1548738,321636,679620,524629,154991,1190754
33,629,district,kanniyakumari,rural,330572,164938,165634,33780,269380,61192,125416,94908,30508,205156
33,629,district,kanniyakumari,urban,1539802,761407,778395,148570,1279358,260444,554204,429721,124483,985598
32,589,district,kannur,total,2523003,1181446,1341557,274318,2138434,384569,824116,609377,214739,1698887
32,589,district,kannur,rural,882017,425682,456335,95223,736967,145050,322381,233669,88712,559636
32,589,district,kannur,urban,1640986,755764,885222,179095,1401467,239519,501735,375708,126027,1139251
9,163,district,kanpurdehat,total,1796184,963255,832929,251965,1170243,625941,628864,493991,134873,1167320
9,163,district,kanpurdehat,rural,1622761,871508,751253,229678,1049386,573375,575559,448661,126898,1047202
9,163,district,kanpurdehat,urban,173423,91747,81676,22287,120857,52566,53305,45330,7975,120118
9,164,district,kanpurnagar,total,4581268,2459806,2121462,509924,3243022,1338246,1572232,1299871,272361,3009036
9,164,district,kanpurnagar,rural,1565623,837260,728363,214077,1010152,555471,562869,443981,118888,1002754
9,164,district,kanpurnagar,urban,3015645,1622546,1393099,295847,2232870,782775,1009363,855890,153473,2006282
9,202,district,kanshiramnagar,total,1436719,764165,672554,248759,724850,711869,472765,375213,97552,963954
9,202,district,kanshiramnagar,rural,1148512,612556,535956,205624,565528,582984,389070,304542,84528,759442
9,202,district,kanshiramnagar,urban,288207,151609,136598,43135,159322,128885,83695,70671,13024,204512
3,36,district,kapurthala,total,815168,426311,388857,86025,576567,238601,284165,235562,48603,531003
3,36,district,kapurthala,rural,532706,275932,256774,57353,360776,171930,181044,151342,29702,351662
3,36,district,kapurthala,urban,282462,150379,132083,28672,215791,66671,103121,84220,18901,179341
34,637,district,karaikal,total,200222,97809,102413,22263,154916,45306,68301,53139,15162,131921
34,637,district,karaikal,rural,102120,50138,51982,11511,77101,25019,35396,27107,8289,66724
34,637,district,karaikal,urban,98102,47671,50431,10752,77815,20287,32905,26032,6873,65197
8,107,district,karauli,total,1458248,783639,674609,241357,805849,652399,628726,371058,257668,829522
8,107,district,karauli,rural,1240143,668185,571958,207976,671423,568720,560377,317203,243174,679766
8,107,district,karauli,urban,218105,115454,102651,33381,134426,83679,68349,53855,14494,149756
18,314,district,karbianglong,total,956313,490167,466146,151681,557214,399099,383441,246193,137248,572872
18,314,district,karbianglong,rural,843347,431924,411423,138407,470110,373237,346373,217271,129102,496974
18,314,district,karbianglong,urban,112966,58243,54723,13274,87104,25862,37068,28922,8146,75898
36,4,district,kargil,total,140802,77785,63017,19928,86236,54566,51873,39839,12034,88929
36,4,district,kargil,rural,124464,67703,56761,18359,73896,50568,44460,33704,10756,80004
36,4,district,kargil,urban,16338,10082,6256,1569,12340,3998,7413,6135,1278,8925
18,317,district,karimganj,total,1228686,625864,602822,211960,795297,433389,399171,319798,79373,829515
18,317,district,karimganj,rural,1118986,570510,548476,200334,704260,414726,362927,289784,73143,756059
18,317,district,karimganj,urban,109700,55354,54346,11626,91037,18663,36244,30014,6230,73456
28,534,district,karimnagar,total,3776269,1880800,1895469,336053,2206829,1569440,1876768,1049463,827305,1899501
28,534,district,karimnagar,rural,2825044,1401950,1423094,244443,1538281,1286763,1511955,797596,714359,1313089
28,534,district,karimnagar,urban,951225,478850,472375,91610,668548,282677,364813,251867,112946,586412
6,74,district,karnal,total,1505324,797712,707612,196610,978013,527311,516062,411646,104416,989262
6,74,district,karnal,rural,1050514,557110,493404,142691,647883,402631,363114,286267,76847,687400
6,74,district,karnal,urban,454810,240602,214208,53919,330130,124680,152948,125379,27569,301862
29,0,state,karnataka,total,61095297,30966657,30128640,7161033,40647322,20447975,27872597,18270116,9602481,33222700
29,0,state,karnataka,rural,37469335,18929354,18539981,4517645,22649176,14820159,18502230,11311426,7190804,18967105
29,0,state,karnataka,urban,23625962,12037303,11588659,2643388,17998146,5627816,9370367,6958690,2411677,14255595
33,613,district,karur,total,1064493,528184,536309,102731,727044,337449,543298,329034,214264,521195
33,613,district,karur,rural,629976,312628,317348,61264,394134,235842,352276,198005,154271,277700
33,613,district,karur,urban,434517,215556,218961,41467,332910,101607,191022,131029,59993,243495
32,588,district,kasaragod,total,1307375,628613,678762,155807,1037492,269883,462998,325095,137903,844377
32,588,district,kasaragod,rural,798328,387716,410612,91832,628032,170296,300809,208082,92727,497519
32,588,district,kasaragod,urban,509047,240897,268150,63975,409460,99587,162189,117013,45176,346858
1,7,district,kathua,total,616435,326109,290326,83936,389204,227231,200431,161548,38883,416004
1,7,district,kathua,rural,526722,278126,248596,74401,320364,206358,172653,137852,34801,354069
1,7,district,kathua,urban,89713,47983,41730,9535,68840,20873,27778,23696,4082,61935
10,212,district,katihar,total,3071029,1600430,1470599,620332,1280190,1790839,1013566,760522,253044,2057463
10,212,district,katihar,rural,2797207,1455744,1341463,580024,1099757,1697450,936383,694551,241832,1860824
10,212,district,katihar,urban,273822,144686,129136,40308,180433,93389,77183,65971,11212,196639
23,450,district,katni,total,1292042,662013,630029,193395,790773,501269,543874,348410,195464,748168
23,450,district,katni,rural,1028499,525188,503311,162016,592952,435547,455317,277577,177740,573182
23,450,district,katni,urban,263543,136825,126718,31379,197821,65722,88557,70833,17724,174986
9,174,district,kaushambi,total,1599596,838485,761111,272172,813424,786172,639086,402644,236442,960510
9,174,district,kaushambi,rural,1475140,773335,701805,253815,739042,736098,598098,372384,225714,877042
9,174,district,kaushambi,urban,124456,65150,59306,18357,74382,50074,40988,30260,10728,83468
21,379,district,kendrapara,total,1440361,717814,722547,161159,1089265,351096,466890,386382,80508,973471
21,379,district,kendrapara,rural,1356827,675053,681774,152138,1023485,333342,439698,363357,76341,917129
21,379,district,kendrapara,urban,83534,42761,40773,9021,65780,17754,27192,23025,4167,56342
21,375,district,kendujhar,total,1801733,906487,895246,259403,1052518,749215,766514,498077,268437,1035219
21,375,district,kendujhar,rural,1548674,774667,774007,224941,880689,667985,682446,428045,254401,866228
21,375,district,kendujhar,urban,253059,131820,121239,34462,171829,81230,84068,70032,14036,168991
32,0,state,kerala,total,33406061,16027412,17378649,3472955,28135824,5270237,11619063,8451569,3167494,21786998
32,0,state,kerala,rural,17471135,8408054,9063081,1823664,14549320,2921815,6341957,4507501,1834456,11129178
32,0,state,kerala,urban,15934926,7619358,8315568,1649291,13586504,2348422,5277106,3944068,1333038,10657820
10,223,district,khagaria,total,1666886,883786,783100,340880,768028,898858,560805,398216,162589,1106081
10,223,district,khagaria,rural,1579727,837281,742446,326674,712044,867683,537597,378005,159592,1042130
10,223,district,khagaria,urban,87159,46505,40654,14206,55984,31175,23208,20211,2997,63951
28,541,district,khammam,total,2797370,1390988,1406382,281922,1630234,1167136,1410062,802906,607156,1387308
28,541,district,khammam,rural,2141459,1066781,1074678,217568,1149533,991926,1171524,627957,543567,969935
28,541,district,khammam,urban,655911,324207,331704,64354,480701,175210,238538,174949,63589,417373
23,466,district,khandwaeastnimar,total,1310061,674329,635732,208140,731615,578446,612976,369676,243300,697085
23,466,district,khandwaeastnimar,rural,1050625,541183,509442,174888,540989,509636,527708,300739,226969,522917
23,466,district,khandwaeastnimar,urban,259436,133146,126290,33252,190626,68810,85268,68937,16331,174168
23,440,district,khargonewestnimar,total,1873046,953121,919925,299990,986234,886812,894119,518254,375865,978927
23,440,district,khargonewestnimar,rural,1574190,799396,774794,261527,772789,801401,792530,437791,354739,781660
23,440,district,khargonewestnimar,urban,298856,153725,145131,38463,213445,85411,101589,80463,21126,197267
24,483,district,kheda,total,2299885,1185727,1114158,291133,1660243,639642,933983,674586,259397,1365902
24,483,district,kheda,rural,1776276,915197,861079,232225,1257241,519035,758080,528535,229545,1018196
24,483,district,kheda,urban,523609,270530,253079,58908,403002,120607,175903,146051,29852,347706
9,153,district,kheri,total,4021243,2123187,1898056,662296,2034044,1987199,1264718,1058483,206235,2756525
9,153,district,kheri,rural,3560208,1880679,1679529,601557,1746934,1813274,1125978,939186,186792,2434230
9,153,district,kheri,urban,461035,242508,218527,60739,287110,173925,138740,119297,19443,322295
21,386,district,khordha,total,2251673,1167137,1084536,237394,1749936,501737,792193,645880,146313,1459480
21,386,district,khordha,rural,1167357,595809,571548,130977,859680,307677,399642,332526,67116,767715
21,386,district,khordha,urban,1084316,571328,512988,106417,890256,194060,392551,313354,79197,691765
20,365,district,khunti,total,531885,266335,265550,86292,284575,247310,259984,141123,118861,271901
20,365,district,khunti,rural,486903,243494,243409,80544,251733,235170,245981,130931,115050,240922
20,365,district,khunti,urban,44982,22841,22141,5748,32842,12140,14003,10192,3811,30979
2,34,district,kinnaur,total,84121,46249,37872,8246,60699,23422,56273,33863,22410,27848
2,34,district,kinnaur,rural,84121,46249,37872,8246,60699,23422,56273,33863,22410,27848
2,34,district,kinnaur,urban,0,0,0,0,0,0,0,0,0,0
13,269,district,kiphire,total,74004,37830,36174,14711,41232,32772,31959,16780,15179,42045
13,269,district,kiphire,rural,57517,29243,28274,11787,29387,28130,27302,13829,13473,30215
13,269,district,kiphire,urban,16487,8587,7900,2924,11845,4642,4657,2951,1706,11830
10,210,district,kishanganj,total,1690400,866970,823430,346904,745056,945344,529064,421192,107872,1161336
10,210,district,kishanganj,rural,1529277,783318,745959,320066,649466,879811,477910,379931,97979,1051367
10,210,district,kishanganj,urban,161123,83652,77471,26838,95590,65533,51154,41261,9893,109969
1,18,district,kishtwar,total,230696,120165,110531,39396,107506,123190,82974,56779,26195,147722
1,18,district,kishtwar,rural,215831,111986,103845,37769,96112,119719,78096,52640,25456,137735
1,18,district,kishtwar,urban,14865,8179,6686,1627,11394,3471,4878,4139,739,9987
19,329,district,kochbihar,total,2819086,1451542,1367544,344645,1850504,968582,1127977,845308,282669,1691109
19,329,district,kochbihar,rural,2529652,1304916,1224736,319225,1617223,912429,1024717,762301,262416,1504935
19,329,district,kochbihar,urban,289434,146626,142808,25420,233281,56153,103260,83007,20253,186174
29,576,district,kodagu,total,554519,274608,279911,54733,412877,141642,278938,172100,106838,275581
29,576,district,kodagu,rural,473531,234161,239370,46781,346061,127470,246044,148216,97828,227487
29,576,district,kodagu,urban,80988,40447,40541,7952,66816,14172,32894,23884,9010,48094
20,348,district,kodarma,total,716259,367222,349037,132375,390249,326010,257418,173993,83425,458841
20,348,district,kodarma,rural,575013,293595,281418,110025,296147,278866,218326,139982,78344,356687
20,348,district,kodarma,urban,141246,73627,67619,22350,94102,47144,39092,34011,5081,102154
13,270,district,kohima,total,267988,138966,129022,36286,197489,70499,114825,68140,46685,153163
13,270,district,kohima,rural,146900,76369,70531,21211,101984,44916,71818,39590,32228,75082
13,270,district,kohima,urban,121088,62597,58491,15075,95505,25583,43007,28550,14457,78081
18,300,district,kokrajhar,total,887142,452905,434237,136924,489305,397837,341131,236322,104809,546011
18,300,district,kokrajhar,rural,832201,424446,407755,131397,445890,386311,319983,219728,100255,512218
18,300,district,kokrajhar,urban,54941,28459,26482,5527,43415,11526,21148,16594,4554,33793
29,581,district,kolar,total,1536401,776396,760005,170423,1016219,520182,717872,454048,263824,818529
29,581,district,kolar,rural,1056328,535431,520897,116231,649421,406907,545094,323441,221653,511234
29,581,district,kolar,urban,480073,240965,239108,54192,366798,113275,172778,130607,42171,307295
15,282,district,kolasib,total,83955,42918,41037,13482,65895,18060,36672,22733,13939,47283
15,282,district,kolasib,rural,37077,19097,17980,6681,27270,9807,17701,10537,7164,19376
15,282,district,kolasib,urban,46878,23821,23057,6801,38625,8253,18971,12196,6775,27907
27,530,district,kolhapur,total,3876001,1980658,1895343,408942,2825845,1050156,1704054,1125204,578850,2171947
27,530,district,kolhapur,rural,2645992,1348815,1297177,279956,1853869,792123,1267257,779259,487998,1378735
27,530,district,kolhapur,urban,1230009,631843,598166,128986,971976,258033,436797,345945,90852,793212
19,342,district,kolkata,total,4496694,2356766,2139928,339323,3588137,908557,1795740,1412466,383274,2700954
19,342,district,kolkata,rural,0,0,0,0,0,0,0,0,0,0
19,342,district,kolkata,urban,4496694,2356766,2139928,339323,3588137,908557,1795740,1412466,383274,2700954
32,600,district,kollam,total,2635375,1246968,1388407,254260,2240273,395102,912025,644362,267663,1723350
32,600,district,kollam,rural,1448217,680687,767530,137559,1233362,214855,512817,354505,158312,935400
32,600,district,kollam,urban,1187158,566281,620877,116701,1006911,180247,399208,289857,109351,787950
29,560,district,koppal,total,1389920,699926,689994,201654,809085,580835,654766,387974,266792,735154
29,560,district,koppal,rural,1156216,582958,573258,170550,651001,505215,567783,323887,243896,588433
29,560,district,koppal,urban,233704,116968,116736,31104,158084,75620,86983,64087,22896,146721
21,398,district,koraput,total,1379647,678809,700838,225126,568090,811557,693406,384053,309353,686241
21,398,district,koraput,rural,1153478,563771,589707,199037,404425,749053,610613,321390,289223,542865
21,398,district,koraput,urban,226169,115038,111131,26089,163665,62504,82793,62663,20130,143376
22,404,district,korba,total,1206640,612915,593725,172016,748759,457881,521186,333329,187857,685454
22,404,district,korba,rural,760350,381424,378926,115442,422750,337600,374649,213847,160802,385701
22,404,district,korba,urban,446290,231491,214799,56574,326009,120281,146537,119482,27055,299753
22,400,district,koriya,total,658917,334737,324180,95784,397823,261094,307071,185483,121588,351846
22,400,district,koriya,rural,453618,228338,225280,72914,249156,204462,245974,134666,111308,207644
22,400,district,koriya,urban,205299,106399,98900,22870,148667,56632,61097,50817,10280,144202
8,127,district,kota,total,1951014,1021161,929853,255056,1298345,652669,748811,534650,214161,1202203
8,127,district,kota,rural,774410,401331,373079,108851,456380,318030,357320,215974,141346,417090
8,127,district,kota,urban,1176604,619830,556774,146205,841965,334639,391491,318676,72815,785113
32,597,district,kottayam,total,1974551,968289,1006262,174486,1749798,224753,735735,530322,205413,1238816
32,597,district,kottayam,rural,1409158,692673,716485,125143,1246775,162383,539176,385395,153781,869982
32,597,district,kottayam,urban,565393,275616,289777,49343,503023,62370,196559,144927,51632,368834
32,591,district,kozhikode,total,3086293,1470942,1615351,335645,2615443,470850,948981,752333,196648,2137312
32,591,district,kozhikode,rural,1013721,484784,528937,114602,849378,164343,316246,244553,71693,697475
32,591,district,kozhikode,urban,2072572,986158,1086414,221043,1766065,306507,632735,507780,124955,1439837
28,547,district,krishna,total,4517398,2267375,2250023,435884,3009718,1507680,2048880,1327299,721581,2468518
28,547,district,krishna,rural,2673738,1343534,1330204,258921,1657592,1016146,1363685,811600,552085,1310053
28,547,district,krishna,urban,1843660,923841,919819,176963,1352126,491534,685195,515699,169496,1158465
33,631,district,krishnagiri,total,1879809,960232,919577,217323,1187958,691851,877779,561634,316145,1002030
33,631,district,krishnagiri,rural,1451446,742444,709002,166231,865259,586187,715139,437314,277825,736307
33,631,district,krishnagiri,urban,428363,217788,210575,51092,322699,105664,162640,124320,38320,265723
1,15,district,kulgam,total,424483,217620,206863,71501,209085,215398,159990,102317,57673,264493
1,15,district,kulgam,rural,343870,175574,168296,59762,163112,180758,126937,81406,45531,216933
1,15,district,kulgam,urban,80613,42046,38567,11739,45973,34640,33053,20911,12142,47560
2,26,district,kullu,total,437903,225452,212451,50431,307672,130231,269084,148829,120255,168819
2,26,district,kullu,rural,396512,203269,193243,46400,274741,121771,252150,136089,116061,144362
2,26,district,kullu,urban,41391,22183,19208,4031,32931,8460,16934,12740,4194,24457
1,1,district,kupwara,total,870354,474190,396164,188798,439654,430700,229064,190899,38165,641290
1,1,district,kupwara,rural,765625,412038,353587,169588,374998,390627,195993,161992,34001,569632
1,1,district,kupwara,urban,104729,62152,42577,19210,64656,40073,33071,28907,4164,71658
28,552,district,kurnool,total,4053463,2039227,2014236,506239,2127161,1926302,2029425,1164122,865303,2024038
28,552,district,kurnool,rural,2904177,1464569,1439608,373171,1390459,1513718,1582128,853435,728693,1322049
28,552,district,kurnool,urban,1149286,574658,574628,133068,736702,412584,447297,310687,136610,701989
6,72,district,kurukshetra,total,964655,510976,453679,116957,646893,317762,336780,268556,68224,627875
6,72,district,kurukshetra,rural,685430,361020,324410,86773,437671,247759,247273,193793,53480,438157
6,72,district,kurukshetra,urban,279225,149956,129269,30184,209222,70003,89507,74763,14744,189718
12,256,district,kurungkumey,total,92076,45318,46758,16988,36606,55470,38044,18429,19615,54032
12,256,district,kurungkumey,rural,89731,44072,45659,16525,35299,54432,37252,17884,19368,52479
12,256,district,kurungkumey,urban,2345,1246,1099,463,1307,1038,792,545,247,1553
9,189,district,kushinagar,total,3564544,1818055,1746489,568581,1954820,1609724,1116973,804857,312116,2447571
9,189,district,kushinagar,rural,3396437,1730377,1666060,546023,1845751,1550686,1071498,766424,305074,2324939
9,189,district,kushinagar,urban,168107,87678,80429,22558,109069,59038,45475,38433,7042,122632
2,25,district,lahulspiti,total,31564,16588,14976,3125,21845,9719,19295,10763,8532,12269
2,25,district,lahulspiti,rural,31564,16588,14976,3125,21845,9719,19295,10763,8532,12269
2,25,district,lahulspiti,urban,0,0,0,0,0,0,0,0,0,0
18,307,district,lakhimpur,total,1042137,529674,512463,156739,683486,358651,429995,282250,147745,612142
18,307,district,lakhimpur,rural,950804,482582,468222,146289,613176,337628,396551,256193,140358,554253
18,307,district,lakhimpur,urban,91333,47092,44241,10450,70310,21023,33444,26057,7387,57889
10,227,district,lakhisarai,total,1000912,526345,474567,188214,507270,493642,326576,240494,86082,674336
10,227,district,lakhisarai,rural,857901,450863,407038,163867,422622,435279,284161,205517,78644,573740
10,227,district,lakhisarai,urban,143011,75482,67529,24347,84648,58363,42415,34977,7438,100596
31,0,state,lakshadweep,total,64473,33123,31350,7255,52553,11920,18753,15318,3435,45720
31,0,state,lakshadweep,rural,14141,7243,6898,1815,11288,2853,4653,3787,866,9488
31,0,state,lakshadweep,urban,50332,25880,24452,5440,41265,9067,14100,11531,2569,36232
31,587,district,lakshadweep,total,64473,33123,31350,7255,52553,11920,18753,15318,3435,45720
31,587,district,lakshadweep,rural,14141,7243,6898,1815,11288,2853,4653,3787,866,9488
31,587,district,lakshadweep,urban,50332,25880,24452,5440,41265,9067,14100,11531,2569,36232
9,167,district,lalitpur,total,1221592,641011,580581,212205,641191,580401,503351,326783,176568,718241
9,167,district,lalitpur,rural,1046214,549478,496736,189277,517428,528786,446189,281259,164930,600025
9,167,district,lalitpur,urban,175378,91533,83845,22928,123763,51615,57162,45524,11638,118216
20,359,district,latehar,total,726978,369666,357312,137699,350682,376296,313379,180106,133273,413599
20,359,district,latehar,rural,675120,342566,332554,129917,316158,358962,297714,167670,130044,377406
20,359,district,latehar,urban,51858,27100,24758,7782,34524,17334,15665,12436,3229,36193
27,524,district,latur,total,2454196,1273140,1181056,317811,1650672,803524,1046857,670018,376839,1407339
27,524,district,latur,rural,1829216,949707,879509,238335,1194845,634371,857367,517448,339919,971849
27,524,district,latur,urban,624980,323433,301547,79476,455827,169153,189490,152570,36920,435490
15,287,district,lawngtlai,total,117894,60599,57295,22483,62861,55033,45566,28517,17049,72328
15,287,district,lawngtlai,rural,97064,49940,47124,19361,45922,51142,38869,23826,15043,58195
15,287,district,lawngtlai,urban,20830,10659,10171,3122,16939,3891,6697,4691,2006,14133
36,3,district,leh,total,133487,78971,54516,12016,93770,39717,75079,53265,21814,58408
36,3,district,leh,rural,87816,48411,39405,9053,56789,31027,48381,30929,17452,39435
36,3,district,leh,urban,45671,30560,15111,2963,36981,8690,26698,22336,4362,18973
20,356,district,lohardaga,total,461790,232629,229161,77649,259707,202083,221332,121605,99727,240458
20,356,district,lohardaga,rural,404379,203255,201124,69791,217404,186975,204297,108219,96078,200082
20,356,district,lohardaga,urban,57411,29374,28037,7858,42303,15108,17035,13386,3649,40376
12,259,district,lohit,total,145726,76221,69505,23901,83062,62664,60945,38910,22035,84781
12,259,district,lohit,rural,113296,58991,54305,19699,60252,53044,49903,30134,19769,63393
12,259,district,lohit,urban,32430,17230,15200,4202,22810,9620,11042,8776,2266,21388
13,268,district,longleng,total,50484,26502,23982,9110,29859,20625,30568,16273,14295,19916
13,268,district,longleng,rural,42871,22511,20360,7884,24018,18853,27677,14450,13227,15194
13,268,district,longleng,urban,7613,3991,3622,1226,5841,1772,2891,1823,1068,4722
12,258,district,lowerdibangvalley,total,54080,28053,26027,8009,31849,22231,22326,14102,8224,31754
12,258,district,lowerdibangvalley,rural,42691,21989,20702,6852,22805,19886,18502,11018,7484,24189
12,258,district,lowerdibangvalley,urban,11389,6064,5325,1157,9044,2345,3824,3084,740,7565
12,255,district,lowersubansiri,total,83030,41843,41187,10320,54057,28973,30202,17339,12863,52828
12,255,district,lowersubansiri,rural,70224,35460,34764,8890,44328,25896,25684,14305,11379,44540
12,255,district,lowersubansiri,urban,12806,6383,6423,1430,9729,3077,4518,3034,1484,8288
9,157,district,lucknow,total,4589838,2394476,2195362,543641,3127260,1462578,1542806,1226399,316407,3047032
9,157,district,lucknow,rural,1550842,813752,737090,222592,900857,649985,522160,406161,115999,1028682
9,157,district,lucknow,urban,3038996,1580724,1458272,321049,2226403,812593,1020646,820238,200408,2018350
3,41,district,ludhiana,total,3498739,1867816,1630923,384114,2560225,938514,1284822,1053600,231222,2213917
3,41,district,ludhiana,rural,1429031,753444,675587,148970,1002069,426962,530823,420775,110048,898208
3,41,district,ludhiana,urban,2069708,1114372,955336,235144,1558156,511552,753999,632825,121174,1315709
15,286,district,lunglei,total,161428,82891,78537,25117,121122,40306,78292,46230,32062,83136
15,286,district,lunglei,rural,92676,47577,45099,16705,62114,30562,50140,27551,22589,42536
15,286,district,lunglei,urban,68752,35314,33438,8412,59008,9744,28152,18679,9473,40600
10,213,district,madhepura,total,2001762,1047559,954203,404576,834577,1167185,777546,496046,281500,1224216
10,213,district,madhepura,rural,1913301,1000760,912541,390262,780081,1133220,751072,475139,275933,1162229
10,213,district,madhepura,urban,88461,46799,41662,14314,54496,33965,26474,20907,5567,61987
10,207,district,madhubani,total,4487379,2329313,2158066,810479,2155338,2332041,1636938,1105947,530991,2850441
10,207,district,madhubani,rural,4325884,2244287,2081597,784704,2058895,2266989,1587140,1066954,520186,2738744
10,207,district,madhubani,urban,161495,85026,76469,25775,96443,65052,49798,38993,10805,111697
23,0,state,madhyapradesh,total,72626809,37612306,35014503,10809395,42851169,29775640,31574133,20146970,11427163,41052676
23,0,state,madhyapradesh,rural,52557404,27149388,25408016,8325731,28281986,24275418,24715198,14741977,9973221,27842206
23,0,state,madhyapradesh,urban,20069405,10462918,9606487,2483664,14569183,5500222,6858935,5404993,1453942,13210470
33,623,district,madurai,total,3038252,1526475,1511777,313978,2273430,764822,1354632,902704,451928,1683620
33,623,district,madurai,rural,1191451,601247,590204,128452,788090,403361,627737,361002,266735,563714
33,623,district,madurai,urban,1846801,925228,921573,185526,1485340,361461,726895,541702,185193,1119906
9,144,district,mahamayanagar,total,1564708,836127,728581,248106,942572,622136,484115,398126,85989,1080593
9,144,district,mahamayanagar,rural,1232015,659814,572201,200176,737968,494047,388036,314103,73933,843979
9,144,district,mahamayanagar,urban,332693,176313,156380,47930,204604,128089,96079,84023,12056,236614
27,0,state,maharashtra,total,112374333,58243056,54131277,13326517,81554290,30820043,49427878,32616875,16811003,62946455
27,0,state,maharashtra,rural,61556074,31539034,30017040,7688954,41482761,20073313,30650871,17887071,12763800,30905203
27,0,state,maharashtra,urban,50818259,26704022,24114237,5637563,40071529,10746730,18777007,14729804,4047203,32041252
22,411,district,mahasamund,total,1032754,511967,520787,134448,637963,394791,499260,291858,207402,533494
22,411,district,mahasamund,rural,912602,451691,460911,119269,552067,360535,455388,259109,196279,457214
22,411,district,mahasamund,urban,120152,60276,59876,15179,85896,34256,43872,32749,11123,76280
28,538,district,mahbubnagar,total,4053028,2050386,2002642,527230,1940646,2112382,2082501,1140067,942434,1970527
28,538,district,mahbubnagar,rural,3445336,1742438,1702898,456796,1521778,1923558,1855769,983274,872495,1589567
28,538,district,mahbubnagar,urban,607692,307948,299744,70434,418868,188824,226732,156793,69939,380960
34,636,district,mahe,total,41816,19143,22673,4553,36470,5346,11802,9093,2709,30014
34,636,district,mahe,rural,0,0,0,0,0,0,0,0,0,0
34,636,district,mahe,urban,41816,19143,22673,4553,36470,5346,11802,9093,2709,30014
6,84,district,mahendragarh,total,922088,486665,435423,111181,630255,291833,338584,232935,105649,583504
6,84,district,mahendragarh,rural,789233,416358,372875,95381,533442,255791,297964,198752,99212,491269
6,84,district,mahendragarh,urban,132855,70307,62548,15800,96813,36042,40620,34183,6437,92235
24,471,district,mahesana,total,2035064,1056520,978544,237932,1502645,532419,812064,588699,223365,1223000
24,471,district,mahesana,rural,1520734,787175,733559,183974,1095809,424925,639538,443788,195750,881196
24,471,district,mahesana,urban,514330,269345,244985,53958,406836,107494,172526,144911,27615,341804
9,169,district,mahoba,total,875958,466358,409600,128129,488106,387852,349676,237153,112523,526282
9,169,district,mahoba,rural,690577,368009,322568,103678,369716,320861,293713,191171,102542,396864
9,169,district,mahoba,urban,185381,98349,87032,24451,118390,66991,55963,45982,9981,129418
9,187,district,mahrajganj,total,2684703,1381754,1302949,423537,1419144,1265559,994253,659465,334788,1690450
9,187,district,mahrajganj,rural,2549973,1312126,1237847,406291,1327176,1222797,956451,627651,328800,1593522
9,187,district,mahrajganj,urban,134730,69628,65102,17246,91968,42762,37802,31814,5988,96928
9,148,district,mainpuri,total,1868529,993377,875152,284349,1203885,664644,560840,466067,94773,1307689
9,148,district,mainpuri,rural,1580087,842374,737713,245383,1005932,574155,483521,398997,84524,1096566
9,148,district,mainpuri,urban,288442,151003,137439,38966,197953,90489,77319,67070,10249,211123
32,592,district,malappuram,total,4112920,1960328,2152592,574041,3311315,801605,1062424,898157,164267,3050496
32,592,district,malappuram,rural,2295709,1095308,1200401,320051,1838508,457201,613162,509684,103478,1682547
32,592,district,malappuram,urban,1817211,865020,952191,253990,1472807,344404,449262,388473,60789,1367949
19,332,district,maldah,total,3988845,2051541,1937304,609040,2086432,1902413,1537847,1086461,451386,2450998
19,332,district,maldah,rural,3447185,1768336,1678849,530626,1731677,1715508,1333762,936246,397516,2113423
19,332,district,maldah,urban,541660,283205,258455,78414,354755,186905,204085,150215,53870,337575
21,399,district,malkangiri,total,613192,303624,309568,109092,244706,368486,310666,170495,140171,302526
21,399,district,malkangiri,rural,563664,277901,285763,102265,212881,350783,291472,156227,135245,272192
21,399,district,malkangiri,urban,49528,25723,23805,6827,31825,17703,19194,14268,4926,30334
15,281,district,mamit,total,86364,44828,41536,15495,60191,26173,39339,24016,15323,47025
15,281,district,mamit,rural,71465,37135,34330,13192,48174,23291,33160,19915,13245,38305
15,281,district,mamit,urban,14899,7693,7206,2303,12017,2882,6179,4101,2078,8720
2,27,district,mandi,total,999777,498065,501712,112074,723747,276030,572671,297464,275207,427106
2,27,district,mandi,rural,937140,466050,471090,106402,671588,265552,549714,280944,268770,387426
2,27,district,mandi,urban,62637,32015,30622,5672,52159,10478,22957,16520,6437,39680
23,454,district,mandla,total,1054905,525272,529633,150263,604962,449943,559649,300235,259414,495256
23,454,district,mandla,rural,924716,459151,465565,136223,503725,420991,512510,265791,246719,412206
23,454,district,mandla,urban,130189,66121,64068,14040,101237,28952,47139,34444,12695,83050
23,433,district,mandsaur,total,1340411,682851,657560,177659,834591,505820,679723,397714,282009,660688
23,433,district,mandsaur,rural,1062807,540987,521820,144814,629734,433073,578136,319447,258689,484671
23,433,district,mandsaur,urban,277604,141864,135740,32845,204857,72747,101587,78267,23320,176017
29,573,district,mandya,total,1805769,905085,900684,172685,1149649,656120,871408,575203,296205,934361
29,573,district,mandya,rural,1497407,751243,746164,141058,919289,578118,749665,484296,265369,747742
29,573,district,mandya,urban,308362,153842,154520,31627,230360,78002,121743,90907,30836,186619
14,0,state,manipur,total,2855794,1438586,1417208,375357,1908476,947318,1304610,739408,565202,1551184
14,0,state,manipur,rural,2021640,1026884,994756,273946,1282859,738781,959161,534085,425076,1062479
14,0,state,manipur,urban,834154,411702,422452,101411,625617,208537,345449,205323,140126,488705
3,47,district,mansa,total,769751,408732,361019,84763,423560,346191,328512,230739,97773,441239
3,47,district,mansa,rural,606147,322184,283963,66799,313244,292903,270272,183777,86495,335875
3,47,district,mansa,urban,163604,86548,77056,17964,110316,53288,58240,46962,11278,105364
9,145,district,mathura,total,2547184,1367125,1180059,404276,1507746,1039438,840939,635142,205797,1706245
9,145,district,mathura,rural,1791191,962028,829163,301131,1021669,769522,615471,442603,172868,1175720
9,145,district,mathura,urban,755993,405097,350896,103145,486077,269916,225468,192539,32929,530525
9,192,district,mau,total,2205968,1114709,1091259,341182,1363044,842924,696747,475413,221334,1509221
9,192,district,mau,rural,1706760,858843,847917,264234,1035752,671008,532998,360529,172469,1173762
9,192,district,mau,urban,499208,255866,243342,76948,327292,171916,163749,114884,48865,335459
21,376,district,mayurbhanj,total,2519738,1256213,1263525,351834,1369397,1150341,1223534,697782,525752,1296204
21,376,district,mayurbhanj,rural,2326842,1157576,1169266,332377,1220428,1106414,1156323,645756,510567,1170519
21,376,district,mayurbhanj,urban,192896,98637,94259,19457,148969,43927,67211,52026,15185,125685
28,535,district,medak,total,3033288,1523030,1510258,367603,1637137,1396151,1442203,837874,604329,1591085
28,535,district,medak,rural,2305417,1152806,1152611,279477,1134489,1170928,1173399,640088,533311,1132018
28,535,district,medak,urban,727871,370224,357647,88126,502648,225223,268804,197786,71018,459067
9,138,district,meerut,total,3443689,1825743,1617946,503719,2141488,1302201,1090539,898810,191729,2353150
9,138,district,meerut,rural,1684507,894920,789587,267252,1002668,681839,543366,435196,108170,1141141
9,138,district,meerut,urban,1759182,930823,828359,236467,1138820,620362,547173,463614,83559,1212009
17,0,state,meghalaya,total,2966889,1491832,1475057,568536,1785005,1181884,1185619,703709,481910,1781270
17,0,state,meghalaya,rural,2371439,1194260,1177179,490592,1315154,1056285,973458,561812,411646,1397981
17,0,state,meghalaya,urban,595450,297572,297878,77944,469851,125599,212161,141897,70264,383289
6,87,district,mewat,total,1089263,571162,518101,248128,454897,634366,289964,224642,65322,799299
6,87,district,mewat,rural,965157,506086,459071,225069,384749,580408,258721,197097,61624,706436
6,87,district,mewat,urban,124106,65076,59030,23059,70148,53958,31243,27545,3698,92863
9,199,district,mirzapur,total,2496970,1312302,1184668,410621,1428683,1068287,881996,613061,268935,1614974
9,199,district,mirzapur,rural,2149403,1127138,1022265,363765,1201584,947819,769422,523902,245520,1379981
9,199,district,mirzapur,urban,347567,185164,162403,46856,227099,120468,112574,89159,23415,234993
15,0,state,mizoram,total,1097206,555339,541867,168531,848175,249031,486705,290740,195965,610501
15,0,state,mizoram,rural,525435,269135,256300,93384,363334,162101,252382,145091,107291,273053
15,0,state,mizoram,urban,571771,286204,285567,75147,484841,86930,234323,145649,88674,337448
3,42,district,moga,total,995746,525920,469826,107336,627889,367857,359172,292379,66793,636574
3,42,district,moga,rural,768500,405704,362796,82614,468003,300497,274588,224933,49655,493912
3,42,district,moga,urban,227246,120216,107030,24722,159886,67360,84584,67446,17138,142662
13,262,district,mokokchung,total,194622,101092,93530,20536,159494,35128,100067,57084,42983,94555
13,262,district,mokokchung,rural,138897,71373,67524,14907,112611,26286,78030,42235,35795,60867
13,262,district,mokokchung,urban,55725,29719,26006,5629,46883,8842,22037,14849,7188,33688
13,261,district,mon,total,250260,131753,118507,40342,119626,130634,147654,79425,68229,102606
13,261,district,mon,rural,215816,113469,102347,35132,94931,120885,134666,71272,63394,81150
13,261,district,mon,urban,34444,18284,16160,5210,24695,9749,12988,8153,4835,21456
9,135,district,moradabad,total,4772006,2503186,2268820,784219,2263848,2508158,1417811,1193439,224372,3354195
9,135,district,moradabad,rural,3198383,1680022,1518361,562904,1407142,1791241,950534,786552,163982,2247849
9,135,district,moradabad,urban,1573623,823164,750459,221315,856706,716917,467277,406887,60390,1106346
23,419,district,morena,total,1965970,1068417,897553,305156,1179685,786285,675993,525329,150664,1289977
23,419,district,morena,rural,1495508,815218,680290,239309,865686,629822,546873,408937,137936,948635
23,419,district,morena,urban,470462,253199,217263,65847,313999,156463,129120,116392,12728,341342
18,304,district,morigaon,total,957423,486651,470772,163819,539902,417521,351148,257984,93164,606275
18,304,district,morigaon,rural,884125,449123,435002,155116,485530,398595,326204,237170,89034,557921
18,304,district,morigaon,urban,73298,37528,35770,8703,54372,18926,24944,20814,4130,48354
3,44,district,muktsar,total,901896,475622,426274,104419,524848,377048,335326,272699,62627,566570
3,44,district,muktsar,rural,649705,342202,307503,74581,355161,294544,248437,198926,49511,401268
3,44,district,muktsar,urban,252191,133420,118771,29838,169687,82504,86889,73773,13116,165302
27,519,district,mumbai,total,3085411,1684608,1400803,272886,2509022,576389,1284396,1021009,263387,1801015
27,519,district,mumbai,rural,0,0,0,0,0,0,0,0,0,0
27,519,district,mumbai,urban,3085411,1684608,1400803,272886,2509022,576389,1284396,1021009,263387,1801015
27,518,district,mumbaisuburban,total,9356962,5031323,4325639,930884,7575485,1781477,3735021,2944322,790699,5621941
27,518,district,mumbaisuburban,rural,0,0,0,0,0,0,0,0,0,0
27,518,district,mumbaisuburban,urban,9356962,5031323,4325639,930884,7575485,1781477,3735021,2944322,790699,5621941
10,226,district,munger,total,1367765,729041,638724,229860,801817,565948,426658,327453,99205,941107
10,226,district,munger,rural,987645,527299,460346,176627,537021,450624,325188,239502,85686,662457
10,226,district,munger,urban,380120,201742,178378,53233,264796,115324,101470,87951,13519,278650
19,333,district,murshidabad,total,7103807,3627564,3476243,1013392,4055834,3047973,2589907,1985667,604240,4513900
19,333,district,murshidabad,rural,5703115,2917822,2785293,812960,3193502,2509613,2007805,1612525,395280,3695310
19,333,district,murshidabad,urban,1400692,709742,690950,200432,862332,538360,582102,373142,208960,818590
9,133,district,muzaffarnagar,total,4143512,2193434,1950078,646062,2417339,1726173,1291644,1081569,210075,2851868
9,133,district,muzaffarnagar,rural,2952200,1565004,1387196,471375,1695394,1256806,943456,772062,171394,2008744
9,133,district,muzaffarnagar,urban,1191312,628430,562882,174687,721945,469367,348188,309507,38681,843124
10,216,district,muzaffarpur,total,4801062,2527497,2273565,845335,2509232,2291830,1547586,1195308,352278,3253476
10,216,district,muzaffarpur,rural,4327625,2276812,2050813,781937,2180423,2147202,1404427,1078509,325918,2923198
10,216,district,muzaffarpur,urban,473437,250685,222752,63398,328809,144628,143159,116799,26360,330278
29,577,district,mysore,total,3001127,1511600,1489527,305561,1962180,1038947,1314268,921803,392465,1686859
29,577,district,mysore,rural,1755714,887500,868214,184028,994670,761044,840952,561172,279780,914762
29,577,district,mysore,urban,1245413,624100,621313,121533,967510,277903,473316,360631,112685,772097
21,397,district,nabarangapur,total,1220946,604812,616134,207911,470379,750567,610906,342641,268265,610040
21,397,district,nabarangapur,rural,1133321,560771,572550,197140,410535,722786,577172,318432,258740,556149
21,397,district,nabarangapur,urban,87625,44041,43584,10771,59844,27781,33734,24209,9525,53891
19,336,district,nadia,total,5167600,2653768,2513832,525180,3480555,1687045,1842607,1554090,288517,3324993
19,336,district,nadia,rural,3728727,1921112,1807615,406080,2354086,1374641,1290602,1121300,169302,2438125
19,336,district,nadia,urban,1438873,732656,706217,119100,1126469,312404,552005,432790,119215,886868
13,0,state,nagaland,total,1978502,1024649,953853,291071,1342434,636068,974122,547357,426765,1004380
13,0,state,nagaland,rural,1407536,725472,682064,217482,896663,510873,760360,403912,356448,647176
13,0,state,nagaland,urban,570966,299177,271789,73589,445771,125195,213762,143445,70317,357204
18,305,district,nagaon,total,2823768,1439112,1384656,459940,1710716,1113052,979998,766728,213270,1843770
18,305,district,nagaon,rural,2454234,1250985,1203249,420813,1422500,1031734,849405,658169,191236,1604829
18,305,district,nagaon,urban,369534,188127,181407,39127,288216,81318,130593,108559,22034,238941
33,618,district,nagapattinam,total,1616450,798127,818323,165245,1213008,403442,671994,461174,210820,944456
33,618,district,nagapattinam,rural,1251826,619369,632457,127738,921786,330040,545514,361908,183606,706312
33,618,district,nagapattinam,urban,364624,178758,185866,37507,291222,73402,126480,99266,27214,238144
8,112,district,nagaur,total,3307743,1696325,1611418,507176,1758624,1549119,1425882,857031,568851,1881861
8,112,district,nagaur,rural,2670539,1368771,1301768,412432,1375421,1295118,1238230,699041,539189,1432309
8,112,district,nagaur,urban,637204,327554,309650,94744,383203,254001,187652,157990,29662,449552
27,505,district,nagpur,total,4653570,2384975,2268595,497087,3673808,979762,1868560,1334211,534349,2785010
27,505,district,nagpur,rural,1474811,758357,716454,164963,1072979,401832,747999,456023,291976,726812
27,505,district,nagpur,urban,3178759,1626618,1552141,332124,2600829,577930,1120561,878188,242373,2058198
5,66,district,nainital,total,954605,493666,460939,124272,696500,258105,376181,256935,119246,578424
5,66,district,nainital,rural,582871,299257,283614,79212,417970,164901,258651,157816,100835,324220
5,66,district,nainital,urban,371734,194409,177325,45060,278530,93204,117530,99119,18411,254204
10,229,district,nalanda,total,2877653,1497060,1380593,518681,1519933,1357720,1045420,703405,342015,1832233
10,229,district,nalanda,rural,2419759,1257728,1162031,446213,1232191,1187568,912734,598681,314053,1507025
10,229,district,nalanda,urban,457894,239332,218562,72468,287742,170152,132686,104724,27962,325208
18,323,district,nalbari,total,771639,396006,375633,95333,531771,239868,267623,210202,57421,504016
18,323,district,nalbari,rural,688909,353677,335232,87759,464211,224698,240489,187614,52875,448420
18,323,district,nalbari,urban,82730,42329,40401,7574,67560,15170,27134,22588,4546,55596
28,539,district,nalgonda,total,3488809,1759772,1729037,371735,2001019,1487790,1741693,976428,765265,1747116
28,539,district,nalgonda,rural,2826302,1427716,1398586,303536,1515547,1310755,1496496,803377,693119,1329806
28,539,district,nalgonda,urban,662507,332056,330451,68199,485472,177035,245197,173051,72146,417310
33,609,district,namakkal,total,1726601,869280,857321,150699,1176131,550470,898245,531463,366782,828356
33,609,district,namakkal,rural,1030476,520684,509792,88858,671793,358683,566406,315347,251059,464070
33,609,district,namakkal,urban,696125,348596,347529,61841,504338,191787,331839,216116,115723,364286
27,511,district,nanded,total,3361292,1730075,1631217,459572,2189425,1171867,1493953,925232,568721,1867339
27,511,district,nanded,rural,2447394,1258160,1189234,341023,1529317,918077,1200724,695134,505590,1246670
27,511,district,nanded,urban,913898,471915,441983,118549,660108,253790,293229,230098,63131,620669
27,497,district,nandurbar,total,1648295,833170,815125,240222,906509,741786,792065,442898,349167,856230
27,497,district,nandurbar,rural,1372821,687671,685150,207516,696260,676561,701564,373629,327935,671257
27,497,district,nandurbar,urban,275474,145499,129975,32706,210249,65225,90501,69269,21232,184973
22,415,district,narayanpur,total,139820,70104,69716,23358,56621,83199,71089,38186,32903,68731
22,415,district,narayanpur,rural,117714,58653,59061,20823,40467,77247,62630,32271,30359,55084
22,415,district,narayanpur,urban,22106,11451,10655,2535,16154,5952,8459,5915,2544,13647
24,487,district,narmada,total,590297,301086,289211,78123,370336,219961,294795,174282,120513,295502
24,487,district,narmada,rural,528425,269408,259017,71877,321677,206748,273713,157913,115800,254712
24,487,district,narmada,urban,61872,31678,30194,6246,48659,13213,21082,16369,4713,40790
23,452,district,narsimhapur,total,1091854,568810,523044,142250,718785,373069,477818,323464,154354,614036
23,452,district,narsimhapur,rural,888314,462699,425615,119361,562087,326227,407309,267382,139927,481005
23,452,district,narsimhapur,urban,203540,106111,97429,22889,156698,46842,70509,56082,14427,133031
27,516,district,nashik,total,6107187,3157186,2950001,827935,4345366,1761821,2763328,1746286,1017042,3343859
27,516,district,nashik,rural,3509814,1804712,1705102,496060,2326432,1183382,1861358,1025015,836343,1648456
27,516,district,nashik,urban,2597373,1352474,1244899,331875,2018934,578439,901970,721271,180699,1695403
24,490,district,navsari,total,1329672,678165,651507,135170,1001909,327763,591834,407881,183953,737838
24,490,district,navsari,rural,920535,464749,455786,92466,676083,244452,436904,283625,153279,483631
24,490,district,navsari,urban,409137,213416,195721,42704,325826,83311,154930,124256,30674,254207
10,237,district,nawada,total,2219146,1144668,1074478,393547,1091012,1128134,817041,539439,277602,1402105
10,237,district,nawada,rural,2003567,1031656,971911,360402,954092,1049475,755371,490365,265006,1248196
10,237,district,nawada,urban,215579,113012,102567,33145,136920,78659,61670,49074,12596,153909
21,385,district,nayagarh,total,962789,502636,460153,106871,688362,274427,343633,284591,59042,619156
21,385,district,nayagarh,rural,883051,461019,422032,98936,625345,257706,318229,262703,55526,564822
21,385,district,nayagarh,urban,79738,41617,38121,7935,63017,16721,25404,21888,3516,54334
23,432,district,neemuch,total,826067,422653,403414,107384,508834,317233,418682,245708,172974,407385
23,432,district,neemuch,rural,580837,295013,285824,78184,330646,250191,323101,174667,148434,257736
23,432,district,neemuch,urban,245230,127640,117590,29200,178188,67042,95581,71041,24540,149649
7,94,district,newdelhi,total,142004,77942,64062,12760,114179,27825,59541,46940,12601,82463
7,94,district,newdelhi,rural,0,0,0,0,0,0,0,0,0,0
7,94,district,newdelhi,urban,142004,77942,64062,12760,114179,27825,59541,46940,12601,82463
35,638,district,nicobars,total,36842,20727,16115,4389,25332,11510,17125,12714,4411,19717
35,638,district,nicobars,rural,36842,20727,16115,4389,25332,11510,17125,12714,4411,19717
35,638,district,nicobars,urban,0,0,0,0,0,0,0,0,0,0
28,533,district,nizamabad,total,2551335,1250641,1300694,282417,1389810,1161525,1261076,684320,576756,1290259
28,533,district,nizamabad,rural,1962963,958837,1004126,214946,987594,975369,1039986,533617,506369,922977
28,533,district,nizamabad,urban,588372,291804,296568,67471,402216,186156,221090,150703,70387,367282
7,91,district,north,total,887978,475002,412976,103304,681517,206461,296446,257575,38871,591532
7,91,district,north,rural,17746,9546,8200,2391,13240,4506,5278,4648,630,12468
7,91,district,north,urban,870232,465456,404776,100913,668277,201955,291168,252927,38241,579064
11,241,district,northdistrict,total,43709,24730,18979,4677,30450,13259,23359,15935,7424,20350
11,241,district,northdistrict,rural,39065,22274,16791,4092,27048,12017,21612,14677,6935,17453
11,241,district,northdistrict,urban,4644,2456,2188,585,3402,1242,1747,1258,489,2897
7,92,district,northeast,total,2241624,1188425,1053199,301947,1611588,630036,661386,594353,67033,1580238
7,92,district,northeast,rural,21527,11718,9809,3386,14465,7062,5988,5528,460,15539
7,92,district,northeast,urban,2220097,1176707,1043390,298561,1597123,622974,655398,588825,66573,1564699
30,585,district,northgoa,total,818008,416677,401331,77705,663060,154948,327658,239125,88533,490350
30,585,district,northgoa,rural,324927,163908,161019,30735,258627,66300,126556,92039,34517,198371
30,585,district,northgoa,urban,493081,252769,240312,46970,404433,88648,201102,147086,54016,291979
35,639,district,northmiddleandaman,total,105597,54861,50736,11828,78683,26914,38579,30612,7967,67018
35,639,district,northmiddleandaman,rural,102856,53457,49399,11579,76621,26235,37545,29824,7721,65311
35,639,district,northmiddleandaman,urban,2741,1404,1337,249,2062,679,1034,788,246,1707
16,292,district,northtripura,total,693947,352860,341087,99204,520402,173545,248667,186034,62633,445280
16,292,district,northtripura,rural,573662,291893,281769,86485,419067,154595,207125,152523,54602,366537
16,292,district,northtripura,urban,120285,60967,59318,12719,101335,18950,41542,33511,8031,78743
19,337,district,northtwentyfourparganas,total,10009781,5119389,4890392,957973,7608693,2401088,3571624,2945189,626435,6438157
19,337,district,northtwentyfourparganas,rural,4277619,2196554,2081065,491418,2929366,1348253,1558126,1292793,265333,2719493
19,337,district,northtwentyfourparganas,urban,5732162,2922835,2809327,466555,4679327,1052835,2013498,1652396,361102,3718664
7,90,district,northwest,total,3656539,1960922,1695617,449894,2707855,948684,1188545,1022419,166126,2467994
7,90,district,northwest,rural,213950,115680,98270,28936,147327,66623,67492,57216,10276,146458
7,90,district,northwest,urban,3442589,1845242,1597347,420958,2560528,882061,1121053,965203,155850,2321536
21,394,district,nuapada,total,610382,301962,308420,88344,299383,310999,305438,168155,137283,304944
21,394,district,nuapada,rural,576328,284792,291536,84066,275864,300464,292882,158678,134204,283446
21,394,district,nuapada,urban,34054,17170,16884,4278,23519,10535,12556,9477,3079,21498
21,0,state,odisha,total,41974218,21212136,20762082,5273194,26742595,15231623,17541589,11902655,5638934,24432629
21,0,state,odisha,rural,34970562,17586203,17384359,4525870,21377915,13592647,15103714,9941574,5162140,19866848
21,0,state,odisha,urban,7003656,3625933,3377723,747324,5364680,1638976,2437875,1961081,476794,4565781
27,525,district,osmanabad,total,1657576,861535,796041,207096,1137810,519766,773916,473795,300121,883660
27,525,district,osmanabad,rural,1376519,716237,660282,171560,926022,450497,683388,404465,278923,693131
27,525,district,osmanabad,urban,281057,145298,135759,35536,211788,69269,90528,69330,21198,190529
20,353,district,pakur,total,900422,452661,447761,177623,352881,547541,404584,234012,170572,495838
20,353,district,pakur,rural,832910,418251,414659,166244,315553,517357,380738,217980,162758,452172
20,353,district,pakur,urban,67512,34410,33102,11379,37328,30184,23846,16032,7814,43666
32,593,district,palakkad,total,2809934,1359478,1450456,302297,2239492,570442,1042340,746121,296219,1767594
32,593,district,palakkad,rural,2133124,1031466,1101658,231892,1678895,454229,806903,569570,237333,1326221
32,593,district,palakkad,urban,676810,328012,348798,70405,560597,116213,235437,176551,58886,441373
20,358,district,palamu,total,1939869,1006302,933567,329728,1024563,915306,713175,473042,240133,1226694
20,358,district,palamu,rural,1713866,887551,826315,298338,867814,846052,648731,420227,228504,1065135
20,358,district,palamu,urban,226003,118751,107252,31390,156749,69254,64444,52815,11629,161559
8,118,district,pali,total,2037573,1025422,1012151,297434,1085693,951880,842327,523077,319250,1195246
8,118,district,pali,rural,1577567,787559,790008,235532,783788,793779,692423,400286,292137,885144
8,118,district,pali,urban,460006,237863,222143,61902,301905,158101,149904,122791,27113,310102
6,89,district,palwal,total,1042708,554497,488211,177494,599796,442912,309563,241464,68099,733145
6,89,district,palwal,rural,806164,428907,377257,143766,441985,364179,242228,184656,57572,563936
6,89,district,palwal,urban,236544,125590,110954,33728,157811,78733,67335,56808,10527,169209
6,69,district,panchkula,total,561293,299679,261614,66302,405318,155975,211479,164865,46614,349814
6,69,district,panchkula,rural,248063,133153,114910,32010,163427,84636,94727,73957,20770,153336
6,69,district,panchkula,urban,313230,166526,146704,34292,241891,71339,116752,90908,25844,196478
24,484,district,panchmahals,total,2390776,1226961,1163815,361311,1440805,949971,1097507,673565,423942,1293269
24,484,district,panchmahals,rural,2055949,1053376,1002573,318429,1187834,868115,993178,584580,408598,1062771
24,484,district,panchmahals,urban,334827,173585,161242,42882,252971,81856,104329,88985,15344,230498
6,75,district,panipat,total,1205437,646857,558580,169662,786599,418838,412318,328667,83651,793119
6,75,district,panipat,rural,650352,349642,300710,94584,402944,247408,221931,172607,49324,428421
6,75,district,panipat,urban,555085,297215,257870,75078,383655,171430,190387,156060,34327,364698
23,426,district,panna,total,1016520,533480,483040,163620,552559,463961,431998,275375,156623,584522
23,426,district,panna,rural,891185,467473,423712,147739,465466,425719,390497,243351,147146,500688
23,426,district,panna,urban,125335,66007,59328,15881,87093,38242,41501,32024,9477,83834
12,248,district,papumpare,total,176573,89182,87391,25170,121048,55525,65772,41263,24509,110801
12,248,district,papumpare,rural,79610,39935,39675,12525,49601,30009,29834,17723,12111,49776
12,248,district,papumpare,urban,96963,49247,47716,12645,71447,25516,35938,23540,12398,61025
27,513,district,parbhani,total,1836086,942870,893216,257320,1157814,678272,822797,501422,321375,1013289
27,513,district,parbhani,rural,1266280,651886,614394,179962,763448,502832,644137,361671,282466,622143
27,513,district,parbhani,urban,569806,290984,278822,77358,394366,175440,178660,139751,38909,391146
19,344,district,paschimmedinipur,total,5913457,3007885,2905572,685012,4078412,1835045,2509159,1757358,751801,3404298
19,344,district,paschimmedinipur,rural,5190771,2641721,2549050,616836,3515817,1674954,2257799,1557586,700213,2932972
19,344,district,paschimmedinipur,urban,722686,366164,356522,68176,562595,160091,251360,199772,51588,471326
10,203,district,pashchimchamparan,total,3935042,2061110,1873932,776031,1759481,2175561,1478947,999282,479665,2456095
10,203,district,pashchimchamparan,rural,3541877,1853809,1688068,712017,1525404,2016473,1367078,904942,462136,2174799
10,203,district,pashchimchamparan,urban,393165,207301,185864,64014,234077,159088,111869,94340,17529,281296
20,368,district,pashchimisinghbhum,total,1502338,749385,752953,261493,727561,774777,694863,392690,302173,807475
20,368,district,pashchimisinghbhum,rural,1284304,637657,646647,234093,570404,713900,626453,337542,288911,657851
20,368,district,pashchimisinghbhum,urban,218034,111728,106306,27400,157157,60877,68410,55148,13262,149624
24,470,district,patan,total,1343734,694397,649337,184779,837913,505821,554830,383074,171756,788904
24,470,district,patan,rural,1062653,548324,514329,153011,630617,432036,462109,304707,157402,600544
24,470,district,patan,urban,281081,146073,135008,31768,207296,73785,92721,78367,14354,188360
32,599,district,pathanamthitta,total,1197412,561716,635696,96837,1062553,134859,392794,281854,110940,804618
32,599,district,pathanamthitta,rural,1065799,499820,565979,86181,945351,120448,351835,252352,99483,713964
32,599,district,pathanamthitta,urban,131613,61896,69717,10656,117202,14411,40959,29502,11457,90654
3,48,district,patiala,total,1895686,1002522,893164,212892,1266791,628895,660267,549661,110606,1235419
3,48,district,patiala,rural,1132406,598800,533606,134494,688838,443568,387299,329847,57452,745107
3,48,district,patiala,urban,763280,403722,359558,78398,577953,185327,272968,219814,53154,490312
10,230,district,patna,total,5838465,3078512,2759953,943552,3459679,2378786,1881886,1436411,445475,3956579
10,230,district,patna,rural,3323875,1746025,1577850,613960,1690372,1633503,1139308,822310,316998,2184567
10,230,district,patna,urban,2514590,1332487,1182103,329592,1769307,745283,742578,614101,128477,1772012
33,615,district,perambalur,total,565223,282157,283066,59567,375823,189400,299726,162639,137087,265497
33,615,district,perambalur,rural,468060,233926,234134,49368,301716,166344,258834,135614,123220,209226
33,615,district,perambalur,urban,97163,48231,48932,10199,74107,23056,40892,27025,13867,56271
13,271,district,peren,total,95219,49714,45505,15415,62204,33015,61390,32249,29141,33829
13,271,district,peren,rural,81429,42860,38569,13137,52355,29074,52241,27636,24605,29188
13,271,district,peren,urban,13790,6854,6936,2278,9849,3941,9149,4613,4536,4641
13,266,district,phek,total,163418,83743,79675,27752,105893,57525,80277,41556,38721,83141
13,266,district,phek,rural,138843,70529,68314,24310,87233,51610,70745,35416,35329,68098
13,266,district,phek,urban,24575,13214,11361,3442,18660,5915,9532,6140,3392,15043
9,151,district,pilibhit,total,2031007,1072002,959005,304920,1061095,969912,618605,534939,83666,1412402
9,151,district,pilibhit,rural,1679592,886789,792803,260750,861548,818044,513687,444194,69493,1165905
9,151,district,pilibhit,urban,351415,185213,166202,44170,199547,151868,104918,90745,14173,246497
5,62,district,pithoragarh,total,483439,239306,244133,63293,345550,137889,216490,113539,102951,266949
5,62,district,pithoragarh,rural,413834,202930,210904,54900,289256,124578,196459,98024,98435,217375
5,62,district,pithoragarh,urban,69605,36376,33229,8393,56294,13311,20031,15515,4516,49574
24,478,district,porbandar,total,585449,300209,285240,65926,393678,191771,231169,174118,57051,354280
24,478,district,porbandar,rural,299775,153260,146515,35786,183193,116582,132510,91102,41408,167265
24,478,district,porbandar,urban,285674,146949,138725,30140,210485,75189,98659,83016,15643,187015
28,549,district,prakasam,total,3397448,1714764,1682684,378261,1904435,1493013,1700567,991842,708725,1696881
28,549,district,prakasam,rural,2732866,1382641,1350225,311074,1435913,1296953,1454542,810362,644180,1278324
28,549,district,prakasam,urban,664582,332123,332459,67187,468522,196060,246025,181480,64545,418557
8,131,district,pratapgarh,total,867848,437744,430104,150518,401515,466333,481294,251691,229603,386554
8,131,district,pratapgarh,rural,796041,401171,394870,141751,348072,447969,454927,231720,223207,341114
8,131,district,pratapgarh,urban,71807,36573,35234,8767,53443,18364,26367,19971,6396,45440
9,173,district,pratapgarh,total,3209141,1606085,1603056,453347,1931559,1277582,1066601,704569,362032,2142540
9,173,district,pratapgarh,rural,3033899,1515583,1518316,431556,1809634,1224265,1013388,663764,349624,2020511
9,173,district,pratapgarh,urban,175242,90502,84740,21791,121925,53317,53213,40805,12408,122029
34,0,state,puducherry,total,1247953,612511,635442,132858,957309,290644,444968,332931,112037,802985
34,0,state,puducherry,rural,395200,194907,200293,44514,280882,114318,147876,105705,42171,247324
34,0,state,puducherry,urban,852753,417604,435149,88344,676427,176326,297092,227226,69866,555661
34,635,district,puducherry,total,950289,468258,482031,99838,726649,223640,348105,256652,91453,602184
34,635,district,puducherry,rural,293080,144769,148311,33003,203781,89299,112480,78598,33882,180600
34,635,district,puducherry,urban,657209,323489,333720,66835,522868,134341,235625,178054,57571,421584
33,621,district,pudukkottai,total,1618345,803188,815157,179688,1110545,507800,761693,471099,290594,856652
33,621,district,pudukkottai,rural,1301991,645505,656486,146031,859683,442308,649404,384292,265112,652587
33,621,district,pudukkottai,urban,316354,157683,158671,33657,250862,65492,112289,86807,25482,204065
1,12,district,pulwama,total,560440,293064,267376,97374,293958,266482,188420,138428,49992,372020
1,12,district,pulwama,rural,479978,248096,231882,83598,245179,234799,157572,113939,43633,322406
1,12,district,pulwama,urban,80462,44968,35494,13776,48779,31683,30848,24489,6359,49614
1,5,district,punch,total,476835,251899,224936,84674,261724,215111,161393,117677,43716,315442
1,5,district,punch,rural,438205,229774,208431,80241,231541,206664,147189,106062,41127,291016
1,5,district,punch,urban,38630,22125,16505,4433,30183,8447,14204,11615,2589,24426
27,521,district,pune,total,9429408,4924105,4505303,1104959,7171723,2257685,4048993,2809816,1239177,5380415
27,521,district,pune,rural,3678226,1903440,1774786,440102,2622222,1056004,1828587,1109717,718870,1849639
27,521,district,pune,urban,5751182,3020665,2730517,664857,4549501,1201681,2220406,1700099,520307,3530776
3,0,state,punjab,total,27743338,14639465,13103873,3076219,18707137,9036201,9897362,8074157,1823205,17845976
3,0,state,punjab,rural,17344192,9093476,8250716,1945502,10997657,6346535,6179199,4995819,1183380,11164993
3,0,state,punjab,urban,10399146,5545989,4853157,1130717,7709480,2689666,3718163,3078338,639825,6680983
10,204,district,purbachamparan,total,5099371,2681209,2418162,1018297,2276957,2822414,1737539,1260774,476765,3361832
10,204,district,purbachamparan,rural,4698028,2468181,2229847,949639,2038780,2659248,1624563,1165509,459054,3073465
10,204,district,purbachamparan,urban,401343,213028,188315,68658,238177,163166,112976,95265,17711,288367
19,345,district,purbamedinipur,total,5095875,2629834,2466041,587654,3923194,1172681,1910320,1516096,394224,3185555
19,345,district,purbamedinipur,rural,4503161,2322562,2180599,524312,3454187,1048974,1715809,1350721,365088,2787352
19,345,district,purbamedinipur,urban,592714,307272,285442,63342,469007,123707,194511,165375,29136,398203
20,357,district,purbisinghbhum,total,2293919,1176902,1117017,296626,1507699,786220,837167,616249,220918,1456752
20,357,district,purbisinghbhum,rural,1019328,514498,504830,147492,547997,471331,446863,282989,163874,572465
20,357,district,purbisinghbhum,urban,1274591,662404,612187,149134,959702,314889,390304,333260,57044,884287
21,387,district,puri,total,1698730,865380,833350,172888,1291939,406791,621676,498461,123215,1077054
21,387,district,puri,rural,1433800,728213,705587,147983,1082202,351598,527927,421643,106284,905873
21,387,district,puri,urban,264930,137167,127763,24905,209737,55193,93749,76818,16931,171181
10,211,district,purnia,total,3264619,1699370,1565249,656510,1332326,1932293,1143318,803275,340043,2121301
10,211,district,purnia,rural,2921614,1519522,1402092,603149,1121625,1799989,1043210,721595,321615,1878404
10,211,district,purnia,urban,343005,179848,163157,53361,210701,132304,100108,81680,18428,242897
19,340,district,puruliya,total,2930115,1496996,1433119,410227,1624905,1305210,1249642,801254,448388,1680473
19,340,district,puruliya,rural,2556801,1304208,1252593,365161,1374860,1181941,1130379,704679,425700,1426422
19,340,district,puruliya,urban,373314,192788,180526,45066,250045,123269,119263,96575,22688,254051
9,158,district,raebareli,total,3405559,1752542,1653017,482517,1965843,1439716,1204710,867393,337317,2200849
9,158,district,raebareli,rural,3097564,1592449,1505115,447627,1750026,1347538,1109067,789984,319083,1988497
9,158,district,raebareli,urban,307995,160093,147902,34890,215817,92178,95643,77409,18234,212352
29,559,district,raichur,total,1928812,964511,964301,283733,979769,949043,903413,530373,373040,1025399
29,559,district,raichur,rural,1438464,717972,720492,219804,659440,779024,726993,401048,325945,711471
29,559,district,raichur,urban,490348,246539,243809,63929,320329,170019,176420,129325,47095,313928
22,403,district,raigarh,total,1493984,750278,743706,195069,951639,542345,690167,429211,260956,803817
22,403,district,raigarh,rural,1247682,623817,623865,164083,768151,479531,604942,360866,244076,642740
22,403,district,raigarh,urban,246302,126461,119841,30986,183488,62814,85225,68345,16880,161077
27,520,district,raigarh,total,2634200,1344345,1289855,300815,1939994,694206,1072969,753843,319126,1561231
27,520,district,raigarh,rural,1664005,836996,827009,188804,1162891,501114,714556,470497,244059,949449
27,520,district,raigarh,urban,970195,507349,462846,112011,777103,193092,358413,283346,75067,611782
22,410,district,raipur,total,4063872,2048186,2015686,583382,2629749,1434123,1757664,1099964,657700,2306208
22,410,district,raipur,rural,2580583,1288567,1292016,387005,1545714,1034869,1215693,686881,528812,1364890
22,410,district,raipur,urban,1483289,759619,723670,196377,1084035,399254,541971,413083,128888,941318
23,446,district,raisen,total,1331597,700358,631239,207699,820220,511377,517838,370366,147472,813759
23,446,district,raisen,rural,1028172,539960,488212,164550,607949,420223,418798,288836,129962,609374
23,446,district,raisen,urban,303425,160398,143027,43149,212271,91154,99040,81530,17510,204385
8,0,state,rajasthan,total,68548437,35550997,32997440,10649504,38275282,30273155,29886255,18297076,11589179,38662182
8,0,state,rajasthan,rural,51500352,26641747,24858605,8414883,26471786,25028566,24385233,13775469,10609764,27115119
8,0,state,rajasthan,urban,17048085,8909250,8138835,2234621,11803496,5244589,5501022,4521607,979415,11547063
23,442,district,rajgarh,total,1545814,790212,755602,231987,804245,741569,745603,429768,315835,800211
23,442,district,rajgarh,rural,1269357,648407,620950,193193,620313,649044,652204,358509,293695,617153
23,442,district,rajgarh,urban,276457,141805,134652,38794,183932,92525,93399,71259,22140,183058
24,476,district,rajkot,total,3804558,1974445,1830113,438580,2725056,1079502,1479050,1159480,319570,2325508
24,476,district,rajkot,rural,1590508,816264,774244,192085,1043935,546573,708532,489312,219220,881976
24,476,district,rajkot,urban,2214050,1158181,1055869,246495,1681121,532929,770518,670168,100350,1443532
22,408,district,rajnandgaon,total,1537133,762855,774278,209575,1008379,528754,800092,436611,363481,737041
22,408,district,rajnandgaon,rural,1264621,626212,638409,177564,802926,461695,695998,362686,333312,568623
22,408,district,rajnandgaon,urban,272512,136643,135869,32011,205453,67059,104094,73925,30169,168418
1,6,district,rajouri,total,642415,345351,297064,108271,364109,278306,290912,184752,106160,351503
1,6,district,rajouri,rural,590101,310748,279353,103424,321210,268891,263387,160534,102853,326714
1,6,district,rajouri,urban,52314,34603,17711,4847,42899,9415,27525,24218,3307,24789
8,123,district,rajsamand,total,1156597,581339,575258,176041,619139,537458,550831,319534,231297,605766
8,123,district,rajsamand,rural,972777,486960,485817,153108,487405,485372,485947,269456,216491,486830
8,123,district,rajsamand,urban,183820,94379,89441,22933,131734,52086,64884,50078,14806,118936
29,584,district,ramanagara,total,1082636,548008,534628,107841,674758,407878,531459,344349,187110,551177
29,584,district,ramanagara,rural,814877,412438,402439,77329,481311,333566,425074,266090,158984,389803
29,584,district,ramanagara,urban,267759,135570,132189,30512,193447,74312,106385,78259,28126,161374
33,626,district,ramanathapuram,total,1353445,682658,670787,140644,978946,374499,602977,392751,210226,750468
33,626,district,ramanathapuram,rural,942746,474508,468238,96420,651919,290827,459780,278310,181470,482966
33,626,district,ramanathapuram,urban,410699,208150,202549,44224,327027,83672,143197,114441,28756,267502
1,17,district,ramban,total,283713,149132,134581,55092,124065,159648,87212,68476,18736,196501
1,17,district,ramban,rural,271902,142317,129585,53815,115194,156708,82857,64505,18352,189045
1,17,district,ramban,urban,11811,6815,4996,1277,8871,2940,4355,3971,384,7456
20,361,district,ramgarh,total,949443,494230,455213,134226,596497,352946,312125,234202,77923,637318
20,361,district,ramgarh,rural,530488,272167,258321,79756,301206,229282,196217,133450,62767,334271
20,361,district,ramgarh,urban,418955,222063,196892,54470,295291,123664,115908,100752,15156,303047
9,136,district,rampur,total,2335819,1223889,1111930,379227,1043666,1292153,737261,609693,127568,1598558
9,136,district,rampur,rural,1747172,916878,830294,298914,758979,988193,554958,450806,104152,1192214
9,136,district,rampur,urban,588647,307011,281636,80313,284687,303960,182303,158887,23416,406344
20,364,district,ranchi,total,2914253,1494937,1419316,401214,1911433,1002820,1142867,743967,398900,1771386
20,364,district,ranchi,rural,1656918,840528,816390,250753,953472,703446,751206,435412,315794,905712
20,364,district,ranchi,urban,1257335,654409,602926,150461,957961,299374,391661,308555,83106,865674
28,537,district,rangareddy,total,5296741,2701008,2595733,633172,3538028,1758713,2196078,1488916,707162,3100663
28,537,district,rangareddy,rural,1577569,801013,776556,192848,839187,738382,779339,442988,336351,798230
28,537,district,rangareddy,urban,3719172,1899995,1819177,440324,2698841,1020331,1416739,1045928,370811,2302433
23,434,district,ratlam,total,1455069,738241,716828,218354,825880,629189,690980,411446,279534,764089
23,434,district,ratlam,rural,1020038,516468,503570,166351,507104,512934,540528,293455,247073,479510
23,434,district,ratlam,urban,435031,221773,213258,52003,318776,116255,150452,117991,32461,284579
27,528,district,ratnagiri,total,1615069,761121,853948,155560,1199392,415677,714076,407008,307068,900993
27,528,district,ratnagiri,rural,1351346,630213,721133,129073,979357,371989,628226,340433,287793,723120
27,528,district,ratnagiri,urban,263723,130908,132815,26487,220035,43688,85850,66575,19275,177873
21,396,district,rayagada,total,967911,471960,495951,148522,407735,560176,467122,258032,209090,500789
21,396,district,rayagada,rural,820945,397774,423171,132230,305758,515187,413699,217796,195903,407246
21,396,district,rayagada,urban,146966,74186,72780,16292,101977,44989,53423,40236,13187,93543
1,20,district,reasi,total,314667,166461,148206,55799,150542,164125,144767,88755,56012,169900
1,20,district,reasi,rural,287671,151481,136190,52507,131328,156343,133869,80184,53685,153802
1,20,district,reasi,urban,26996,14980,12016,3292,19214,7782,10898,8571,2327,16098
23,430,district,rewa,total,2365106,1225100,1140006,351983,1441757,923349,991946,617184,374762,1373160
23,430,district,rewa,rural,1969321,1017839,951482,303761,1156917,812404,855559,516289,339270,1113762
23,430,district,rewa,urban,395785,207261,188524,48222,284840,110945,136387,100895,35492,259398
6,85,district,rewari,total,900332,474335,425997,113893,636947,263385,337727,235326,102401,562605
6,85,district,rewari,rural,666902,349710,317192,84052,464452,202450,264375,172179,92196,402527
6,85,district,rewari,urban,233430,124625,108805,29841,172495,60935,73352,63147,10205,160078
17,297,district,ribhoi,total,258840,132531,126309,52862,155859,102981,106473,63871,42602,152367
17,297,district,ribhoi,rural,233587,118705,114882,48727,137817,95770,96360,56384,39976,137227
17,297,district,ribhoi,urban,25253,13826,11427,4135,18042,7211,10113,7487,2626,15140
6,82,district,rohtak,total,1061204,568479,492725,129330,747582,313622,345967,272646,73321,715237
6,82,district,rohtak,rural,615040,332034,283006,77793,412667,202373,212681,161605,51076,402359
6,82,district,rohtak,urban,446164,236445,209719,51537,334915,111249,133286,111041,22245,312878
10,234,district,rohtas,total,2959918,1543546,1416372,506810,1799832,1160086,924879,707939,216940,2035039
10,234,district,rohtas,rural,2532153,1318276,1213877,443797,1514047,1018106,811019,610075,200944,1721134
10,234,district,rohtas,urban,427765,225270,202495,63013,285785,141980,113860,97864,15996,313905
5,58,district,rudraprayag,total,242285,114589,127696,32046,170933,71352,113032,52339,60693,129253
5,58,district,rudraprayag,rural,232360,108740,123620,30995,162944,69416,108539,48799,59740,123821
5,58,district,rudraprayag,urban,9925,5849,4076,1051,7989,1936,4493,3540,953,5432
3,51,district,rupnagar,total,684627,357485,327142,72926,502731,181896,233676,186910,46766,450951
3,51,district,rupnagar,rural,506820,264089,242731,55079,364922,141898,175762,138753,37009,331058
3,51,district,rupnagar,urban,177807,93396,84411,17847,137809,39998,57914,48157,9757,119893
24,472,district,sabarkantha,total,2428589,1244231,1184358,345490,1578734,849855,1084878,681435,403443,1343711
24,472,district,sabarkantha,rural,2064869,1056141,1008728,301867,1307989,756880,962910,584561,378349,1101959
24,472,district,sabarkantha,urban,363720,188090,175630,43623,270745,92975,121968,96874,25094,241752
23,427,district,sagar,total,2378458,1256257,1122201,356903,1545719,832739,1006035,682077,323958,1372423
23,427,district,sagar,rural,1669662,884133,785529,265661,1011982,657680,743401,487097,256304,926261
23,427,district,sagar,urban,708796,372124,336672,91242,533737,175059,262634,194980,67654,446162
9,132,district,saharanpur,total,3466382,1834106,1632276,519591,2077108,1389274,1037344,911136,126208,2429038
9,132,district,saharanpur,rural,2399856,1269803,1130053,374994,1390046,1009810,718379,629914,88465,1681477
9,132,district,saharanpur,urban,1066526,564303,502223,144597,687062,379464,318965,281222,37743,747561
10,214,district,saharsa,total,1900661,997174,903487,387479,804996,1095665,649898,456724,193174,1250763
10,214,district,saharsa,rural,1744121,913883,830238,361731,706077,1038044,608097,420994,187103,1136024
10,214,district,saharsa,urban,156540,83291,73249,25748,98919,57621,41801,35730,6071,114739
20,352,district,sahibganj,total,1150567,589391,561176,221955,483263,667304,490202,295690,194512,660365
20,352,district,sahibganj,rural,990901,505892,485009,196990,384659,606242,441266,256800,184466,549635
20,352,district,sahibganj,urban,159666,83499,76167,24965,98604,61062,48936,38890,10046,110730
3,52,district,sahibzadaajitsinghnagar,total,994628,529253,465375,115644,736575,258053,355995,283367,72628,638633
3,52,district,sahibzadaajitsinghnagar,rural,450017,240984,209033,53006,313569,136448,161671,131166,30505,288346
3,52,district,sahibzadaajitsinghnagar,urban,544611,288269,256342,62638,423006,121605,194324,152201,42123,350287
15,288,district,saiha,total,56574,28594,27980,9653,42233,14341,19461,12211,7250,37113
15,288,district,saiha,rural,31464,15853,15611,5857,21963,9501,11385,6959,4426,20079
15,288,district,saiha,urban,25110,12741,12369,3796,20270,4840,8076,5252,2824,17034
33,608,district,salem,total,3482056,1781571,1700485,344960,2285562,1196494,1694160,1083797,610363,1787896
33,608,district,salem,rural,1707934,883274,824660,173421,1008761,699173,931921,544370,387551,776013
33,608,district,salem,urban,1774122,898297,875825,171539,1276801,497321,762239,539427,222812,1011883
10,221,district,samastipur,total,4261566,2230003,2031563,797381,2142880,2118686,1343400,1037576,305824,2918166
10,221,district,samastipur,rural,4113769,2152273,1961496,776342,2040582,2073187,1302752,1003093,299659,2811017
10,221,district,samastipur,urban,147797,77730,70067,21039,102298,45499,40648,34483,6165,107149
1,22,district,samba,total,318898,169124,149774,38669,228139,90759,92526,81952,10574,226372
1,22,district,samba,rural,265283,139365,125918,32890,185746,79537,74909,66123,8786,190374
1,22,district,samba,urban,53615,29759,23856,5779,42393,11222,17617,15829,1788,35998
21,372,district,sambalpur,total,1041099,526877,514222,117848,703691,337408,505840,313161,192679,535259
21,372,district,sambalpur,rural,733006,368692,364314,84408,470897,262109,390542,224576,165966,342464
21,372,district,sambalpur,urban,308093,158185,149908,33440,232794,75299,115298,88585,26713,192795
27,531,district,sangli,total,2822143,1435728,1386415,306777,2049467,772676,1215104,800214,414890,1607039
27,531,district,sangli,rural,2102786,1071124,1031662,230283,1495094,607692,963991,609192,354799,1138795
27,531,district,sangli,urban,719357,364604,354753,76494,554373,164984,251113,191022,60091,468244
3,53,district,sangrur,total,1655169,878029,777140,181334,1002077,653092,568758,485129,83629,1086411
3,53,district,sangrur,rural,1139204,604653,534551,122324,658857,480347,396491,336362,60129,742713
3,53,district,sangrur,urban,515965,273376,242589,59010,343220,172745,172267,148767,23500,343698
9,186,district,santkabirnagar,total,1715183,869656,845527,283912,954949,760234,539469,383482,155987,1175714
9,186,district,santkabirnagar,rural,1586652,802609,784043,264830,872802,713850,501135,352776,148359,1085517
9,186,district,santkabirnagar,urban,128531,67047,61484,19082,82147,46384,38334,30706,7628,90197
9,198,district,santravidasnagarbhadohi,total,1578213,807099,771114,258583,910146,668067,470608,343155,127453,1107605
9,198,district,santravidasnagarbhadohi,rural,1348911,686589,662322,223738,767870,581041,403971,288608,115363,944940
9,198,district,santravidasnagarbhadohi,urban,229302,120510,108792,34845,142276,87026,66637,54547,12090,162665
20,369,district,saraikelakharsawan,total,1065056,544411,520645,159596,612993,452063,430051,283281,146770,635005
20,369,district,saraikelakharsawan,rural,806310,408848,397462,122667,434348,371962,351388,215864,135524,454922
20,369,district,saraikelakharsawan,urban,258746,135563,123183,36929,178645,80101,78663,67417,11246,180083
10,219,district,saran,total,3951862,2022821,1929041,681142,2157454,1794408,1040231,857660,182571,2911631
10,219,district,saran,rural,3598660,1838119,1760541,627261,1932589,1666071,949632,778639,170993,2649028
10,219,district,saran,urban,353202,184702,168500,53881,224865,128337,90599,79021,11578,262603
27,527,district,satara,total,3003741,1510842,1492899,317885,2225694,778047,1354947,844805,510142,1648794
27,527,district,satara,rural,2433363,1219749,1213614,258567,1770750,662613,1154701,695373,459328,1278662
27,527,district,satara,urban,570378,291093,279285,59318,454944,115434,200246,149432,50814,370132
23,429,district,satna,total,2228935,1157495,1071440,330661,1371781,857154,911349,590487,320862,1317586
23,429,district,satna,rural,1754517,907904,846613,271421,1029244,725273,751452,466468,284984,1003065
23,429,district,satna,urban,474418,249591,224827,59240,342537,131881,159897,124019,35878,314521
8,108,district,sawaimadhopur,total,1335551,704031,631520,201188,741748,593803,578068,343802,234266,757483
8,108,district,sawaimadhopur,rural,1069084,564592,504492,165328,559632,509452,498185,277779,220406,570899
8,108,district,sawaimadhopur,urban,266467,139439,127028,35860,182116,84351,79883,66023,13860,186584
23,445,district,sehore,total,1311332,683743,627589,197429,780362,530970,586087,364559,221528,725245
23,445,district,sehore,rural,1062870,554636,508234,165220,603846,459024,504012,298844,205168,558858
23,445,district,sehore,urban,248462,129107,119355,32209,176516,71946,82075,65715,16360,166387
14,272,district,senapati,total,479148,247323,231825,63335,264477,214671,233622,124143,109479,245526
14,272,district,senapati,rural,471672,243603,228069,62319,258978,212694,231023,122587,108436,240649
14,272,district,senapati,urban,7476,3720,3756,1016,5499,1977,2599,1556,1043,4877
23,456,district,seoni,total,1379131,695879,683252,180784,864194,514937,684434,394660,289774,694697
23,456,district,seoni,rural,1215241,612314,602927,162978,734368,480873,628170,351188,276982,587071
23,456,district,seoni,urban,163890,83565,80325,17806,129826,34064,56264,43472,12792,107626
15,285,district,serchhip,total,64937,32851,32086,9299,54476,10461,32397,18261,14136,32540
15,285,district,serchhip,rural,32918,16643,16275,5154,27094,5824,17648,9482,8166,15270
15,285,district,serchhip,urban,32019,16208,15811,4145,27382,4637,14749,8779,5970,17270
23,460,district,shahdol,total,1066063,540021,526042,159806,604194,461869,493057,292402,200655,573006
23,460,district,shahdol,rural,846463,426583,419880,134299,442701,403762,423913,236924,186989,422550
23,460,district,shahdol,urban,219600,113438,106162,25507,161493,58107,69144,55478,13666,150456
3,39,district,shahidbhagatsinghnagar,total,612310,313291,299019,62719,438459,173851,204329,170252,34077,407981
3,39,district,shahidbhagatsinghnagar,rural,486894,248118,238776,49364,345595,141299,162775,135313,27462,324119
3,39,district,shahidbhagatsinghnagar,urban,125416,65173,60243,13355,92864,32552,41554,34939,6615,83862
9,152,district,shahjahanpur,total,3006538,1606403,1400135,502625,1490930,1515608,892214,783313,108901,2114324
9,152,district,shahjahanpur,rural,2412446,1293714,1118732,425780,1156822,1255624,719110,630984,88126,1693336
9,152,district,shahjahanpur,urban,594092,312689,281403,76845,334108,259984,173104,152329,20775,420988
23,436,district,shajapur,total,1512681,780520,732161,217759,894612,618069,717871,431857,286014,794810
23,436,district,shajapur,rural,1219133,629273,589860,178681,690374,528759,614874,352239,262635,604259
23,436,district,shajapur,urban,293548,151247,142301,39078,204238,89310,102997,79618,23379,190551
10,228,district,sheikhpura,total,636342,329743,306599,121647,328676,307666,224655,151569,73086,411687
10,228,district,sheikhpura,rural,527340,272360,254980,103050,264495,262845,193302,126252,67050,334038
10,228,district,sheikhpura,urban,109002,57383,51619,18597,64181,44821,31353,25317,6036,77649
10,205,district,sheohar,total,656246,346673,309573,128698,283698,372548,216372,166693,49679,439874
10,205,district,sheohar,rural,628130,331792,296338,123299,269623,358507,208348,159997,48351,419782
10,205,district,sheohar,urban,28116,14881,13235,5399,14075,14041,8024,6696,1328,20092
23,418,district,sheopur,total,687861,361784,326077,116639,328025,359836,277455,183788,93667,410406
23,418,district,sheopur,rural,580509,305360,275149,101213,261053,319456,243870,156285,87585,336639
23,418,district,sheopur,urban,107352,56424,50928,15426,66972,40380,33585,27503,6082,73767
2,33,district,shimla,total,814010,425039,388971,81564,612642,201368,430926,258628,172298,383084
2,33,district,shimla,rural,612659,314295,298364,64881,440712,171947,346311,194824,151487,266348
2,33,district,shimla,urban,201351,110744,90607,16683,171930,29421,84615,63804,20811,116736
29,568,district,shimoga,total,1752753,877415,875338,182751,1263016,489737,780598,534487,246111,972155
29,568,district,shimoga,rural,1129026,565821,563205,119703,770817,358209,554351,355267,199084,574675
29,568,district,shimoga,urban,623727,311594,312133,63048,492199,131528,226247,179220,47027,397480
23,423,district,shivpuri,total,1726050,919795,806255,285770,900846,825204,759281,481001,278280,966769
23,423,district,shivpuri,rural,1430627,763554,667073,245774,703640,726987,665928,404291,261637,764699
23,423,district,shivpuri,urban,295423,156241,139182,39996,197206,98217,93353,76710,16643,202070
9,181,district,shrawasti,total,1117361,593897,523464,211706,423313,694048,403755,293981,109774,713606
9,181,district,shrawasti,rural,1078712,573681,505031,205898,402379,676333,393816,284942,108874,684896
9,181,district,shrawasti,urban,38649,20216,18433,5808,20934,17715,9939,9039,900,28710
1,13,district,shupiyan,total,266215,136480,129735,41547,136500,129715,87721,63931,23790,178494
1,13,district,shupiyan,rural,249855,127161,122694,39484,125256,124599,80924,58276,22648,168931
1,13,district,shupiyan,urban,16360,9319,7041,2063,11244,5116,6797,5655,1142,9563
9,184,district,siddharthnagar,total,2559297,1295095,1264202,485138,1228926,1330371,878898,583633,295265,1680399
9,184,district,siddharthnagar,rural,2398606,1212141,1186465,459756,1131307,1267299,832291,546988,285303,1566315
9,184,district,siddharthnagar,urban,160691,82954,77737,25382,97619,63072,46607,36645,9962,114084
23,462,district,sidhi,total,1127033,575912,551121,194528,600785,526248,461760,284289,177471,665273
23,462,district,sidhi,rural,1033912,527378,506534,181480,537755,496157,430176,261274,168902,603736
23,462,district,sidhi,urban,93121,48534,44587,13048,63030,30091,31584,23015,8569,61537
8,111,district,sikar,total,2677333,1374990,1302343,379874,1652117,1025216,1006504,657854,348650,1670829
8,111,district,sikar,rural,2043427,1047469,995958,291732,1240835,802592,825300,501249,324051,1218127
8,111,district,sikar,urban,633906,327521,306385,88142,411282,222624,181204,156605,24599,452702
11,0,state,sikkim,total,610577,323070,287507,64111,444952,165625,308138,194358,113780,302439
11,0,state,sikkim,rural,456999,242797,214202,49218,321930,135069,243785,148186,95599,213214
11,0,state,sikkim,urban,153578,80273,73305,14893,123022,30556,64353,46172,18181,89225
20,367,district,simdega,total,599578,300309,299269,94414,343483,256095,288645,159867,128778,310933
20,367,district,simdega,rural,556634,278425,278209,88993,311416,245218,275254,149948,125306,281380
20,367,district,simdega,urban,42944,21884,21060,5421,32067,10877,13391,9919,3472,29553
27,529,district,sindhudurg,total,849651,417332,432319,71193,666067,183584,347178,229676,117502,502473
27,529,district,sindhudurg,rural,742645,363268,379377,61715,576273,166372,308963,200343,108620,433682
27,529,district,sindhudurg,urban,107006,54064,52942,9478,89794,17212,38215,29333,8882,68791
23,463,district,singrauli,total,1178273,613637,564636,209792,585054,593219,499439,304234,195205,678834
23,463,district,singrauli,rural,951487,493324,458163,178988,437064,514423,430700,247259,183441,520787
23,463,district,singrauli,urban,226786,120313,106473,30804,147990,78796,68739,56975,11764,158047
2,32,district,sirmaur,total,529855,276289,253566,69620,362645,167210,280083,169399,110684,249772
2,32,district,sirmaur,rural,472690,246175,226515,63387,316436,156254,260263,153678,106585,212427
2,32,district,sirmaur,urban,57165,30114,27051,6233,46209,10956,19820,15721,4099,37345
8,117,district,sirohi,total,1036346,534231,502115,173364,476806,559540,419829,272196,147633,616517
8,117,district,sirohi,rural,827692,424252,403440,147415,333009,494683,352570,215345,137225,475122
8,117,district,sirohi,urban,208654,109979,98675,25949,143797,64857,67259,56851,10408,141395
6,79,district,sirsa,total,1295189,682582,612607,157667,782897,512292,502003,369462,132541,793186
6,79,district,sirsa,rural,975941,514177,461764,120421,559635,416306,396743,280447,116296,579198
6,79,district,sirsa,urban,319248,168405,150843,37246,223262,95986,105260,89015,16245,213988
10,206,district,sitamarhi,total,3423574,1803252,1620322,663227,1436794,1986780,1114583,865929,248654,2308991
10,206,district,sitamarhi,rural,3233076,1701685,1531391,632742,1320969,1912107,1058362,818584,239778,2174714
10,206,district,sitamarhi,urban,190498,101567,88931,30485,115825,74673,56221,47345,8876,134277
9,154,district,sitapur,total,4483992,2375264,2108728,747558,2283733,2200259,1422602,1171252,251350,3061390
9,154,district,sitapur,rural,3953208,2098123,1855085,676004,1952518,2000690,1262595,1038888,223707,2690613
9,154,district,sitapur,urban,530784,277141,253643,71554,331215,199569,160007,132364,27643,370777
33,622,district,sivaganga,total,1339101,668672,670429,137235,959744,379357,620171,391305,228866,718930
33,622,district,sivaganga,rural,926256,462210,464046,95563,629045,297211,471554,275948,195606,454702
33,622,district,sivaganga,urban,412845,206462,206383,41672,330699,82146,148617,115357,33260,264228
18,311,district,sivasagar,total,1151050,589216,561834,139380,813505,337545,485717,325071,160646,665333
18,311,district,sivasagar,rural,1040954,531286,509668,128289,723490,317464,444911,291536,153375,596043
18,311,district,sivasagar,urban,110096,57930,52166,11091,90015,20081,40806,33535,7271,69290
10,218,district,siwan,total,3330464,1675090,1655374,551418,1930175,1400289,932416,730396,202020,2398048
10,218,district,siwan,rural,3147551,1579685,1567866,525960,1807466,1340085,883633,689257,194376,2263918
10,218,district,siwan,urban,182913,95405,87508,25458,122709,60204,48783,41139,7644,134130
2,31,district,solan,total,580320,308754,271566,68137,428578,151742,298737,190001,108736,281583
2,31,district,solan,rural,478173,249736,228437,57250,346074,132099,253163,152576,100587,225010
2,31,district,solan,urban,102147,59018,43129,10887,82504,19643,45574,37425,8149,56573
27,526,district,solapur,total,4317756,2227852,2089904,538453,2910676,1407080,1898395,1206933,691462,2419361
27,526,district,solapur,rural,2918665,1518343,1400322,376328,1882788,1035877,1395123,841443,553680,1523542
27,526,district,solapur,urban,1399091,709509,689582,162125,1027888,371203,503272,365490,137782,895819
9,200,district,sonbhadra,total,1862559,971344,891215,323092,985708,876851,730399,463611,266788,1132160
9,200,district,sonbhadra,rural,1548217,803345,744872,284923,752876,795341,640617,386654,253963,907600
9,200,district,sonbhadra,urban,314342,167999,146343,38169,232832,81510,89782,76957,12825,224560
6,76,district,sonipat,total,1450001,781299,668702,188262,998316,451685,523179,391085,132094,926822
6,76,district,sonipat,rural,996637,538750,457887,132007,665141,331496,376188,272033,104155,620449
6,76,district,sonipat,urban,453364,242549,210815,56255,333175,120189,146991,119052,27939,306373
18,306,district,sonitpur,total,1924110,983904,940206,277862,1108572,815538,770606,537195,233411,1153504
18,306,district,sonitpur,rural,1750265,894985,855280,260964,967739,782526,708476,485717,222759,1041789
18,306,district,sonitpur,urban,173845,88919,84926,16898,140833,33012,62130,51478,10652,111715
7,98,district,south,total,2731929,1467428,1264501,331043,2078402,653527,924393,775592,148801,1807536
7,98,district,south,rural,12193,6819,5374,1797,8136,4057,4226,3583,643,7967
7,98,district,south,urban,2719736,1460609,1259127,329246,2070266,649470,920167,772009,148158,1799569
35,640,district,southandaman,total,238142,127283,110859,24661,190266,47876,96831,77563,19268,141311
35,640,district,southandaman,rural,97395,52103,45292,10447,76072,21323,39799,32132,7667,57596
35,640,district,southandaman,urban,140747,75180,65567,14214,114194,26553,57032,45431,11601,83715
11,243,district,southdistrict,total,146850,76670,70180,15744,106741,40109,74753,45300,29453,72097
11,243,district,southdistrict,rural,125651,65848,59803,13736,89766,35885,66807,39645,27162,58844
11,243,district,southdistrict,urban,21199,10822,10377,2008,16975,4224,7946,5655,2291,13253
17,295,district,southgarohills,total,142334,73170,69164,27909,82062,60272,53069,32826,20243,89265
17,295,district,southgarohills,rural,129203,66470,62733,25678,72275,56928,49289,30009,19280,79914
17,295,district,southgarohills,urban,13131,6700,6431,2231,9787,3344,3780,2817,963,9351
30,586,district,southgoa,total,640537,322463,318074,66906,502427,138110,249590,180411,69179,390947
30,586,district,southgoa,rural,226804,111528,115276,23279,172644,54160,88980,60947,28033,137824
30,586,district,southgoa,urban,413733,210935,202798,43627,329783,83950,160610,119464,41146,253123
16,290,district,southtripura,total,876001,447544,428457,111949,646810,229191,366845,253229,113616,509156
16,290,district,southtripura,rural,752970,384787,368183,100135,542886,210084,321763,216964,104799,431207
16,290,district,southtripura,urban,123031,62757,60274,11814,103924,19107,45082,36265,8817,77949
19,343,district,southtwentyfourparganas,total,8161961,4173778,3988183,1025679,5531657,2630304,2964494,2356571,607923,5197467
19,343,district,southtwentyfourparganas,rural,6074188,3109219,2964969,806415,3986878,2087310,2204605,1744131,460474,3869583
19,343,district,southtwentyfourparganas,urban,2087773,1064559,1023214,219264,1544779,542994,759889,612440,147449,1327884
7,97,district,southwest,total,2292958,1246046,1046912,267989,1787689,505269,795352,667977,127375,1497606
7,97,district,southwest,rural,143676,77342,66334,18901,105998,37678,44049,37844,6205,99627
7,97,district,southwest,urban,2149282,1168704,980578,249088,1681691,467591,751303,630133,121170,1397979
28,542,district,srikakulam,total,2703114,1341738,1361376,281037,1495381,1207733,1290288,766483,523805,1412826
28,542,district,srikakulam,rural,2266411,1126888,1139523,238331,1186662,1079749,1128764,648676,480088,1137647
28,542,district,srikakulam,urban,436703,214850,221853,42706,308719,127984,161524,117807,43717,275179
1,10,district,srinagar,total,1236829,651124,585705,158300,748584,488245,407188,333151,74037,829641
1,10,district,srinagar,rural,17313,8916,8397,2497,7928,9385,5536,4290,1246,11777
1,10,district,srinagar,urban,1219516,642208,577308,155803,740656,478860,401652,328861,72791,817864
28,550,district,sripottisriramulunellore,total,2963557,1492974,1470583,304309,1832189,1131368,1314561,859880,454681,1648996
28,550,district,sripottisriramulunellore,rural,2105927,1060810,1045117,224081,1197619,908308,1024318,629986,394332,1081609
28,550,district,sripottisriramulunellore,urban,857630,432164,425466,80228,634570,223060,290243,229894,60349,567387
21,392,district,subarnapur,total,610183,311312,298871,74821,398421,211762,286661,181595,105066,323522
21,392,district,subarnapur,rural,560242,285634,274608,69350,361498,198744,268217,167495,100722,292025
21,392,district,subarnapur,urban,49941,25678,24263,5471,36923,13018,18444,14100,4344,31497
9,179,district,sultanpur,total,3797117,1914586,1882531,563373,2239902,1557215,1242632,869838,372794,2554485
9,179,district,sultanpur,rural,3597201,1810496,1786705,539343,2093674,1503527,1184226,822074,362152,2412975
9,179,district,sultanpur,urban,199916,104090,95826,24030,146228,53688,58406,47764,10642,141510
21,374,district,sundargarh,total,2093437,1061147,1032290,263160,1342322,751115,873227,584687,288540,1220210
21,374,district,sundargarh,rural,1355340,676068,679272,181482,782147,573193,625502,380409,245093,729838
21,374,district,sundargarh,urban,738097,385079,353018,81678,560175,177922,247725,204278,43447,490372
10,208,district,supaul,total,2229076,1155283,1073793,437357,1033283,1195793,877682,551718,325964,1351394
10,208,district,supaul,rural,2123518,1099495,1024023,419703,969344,1154174,847527,526542,320985,1275991
10,208,district,supaul,urban,105558,55788,49770,17654,63939,41619,30155,25176,4979,75403
24,492,district,surat,total,6081322,3402224,2679098,736286,4571410,1509912,2553542,2142819,410723,3527780
24,492,district,surat,rural,1232109,640060,592049,139486,840444,391665,595399,400450,194949,636710
24,492,district,surat,urban,4849213,2762164,2087049,596800,3730966,1118247,1958143,1742369,215774,2891070
24,475,district,surendranagar,total,1756268,909917,846351,240011,1093626,662642,723500,504038,219462,1032768
24,475,district,surendranagar,rural,1259352,649475,609877,184063,730703,528649,555696,361683,194013,703656
24,475,district,surendranagar,urban,496916,260442,236474,55948,362923,133993,167804,142355,25449,329112
22,401,district,surguja,total,2359886,1193129,1166757,380445,1187941,1171945,1155807,649888,505919,1204079
22,401,district,surguja,rural,2116965,1067908,1049057,350022,1008398,1108567,1079652,589384,490268,1037313
22,401,district,surguja,urban,242921,125221,117700,30423,179543,63378,76155,60504,15651,166766
14,273,district,tamenglong,total,140651,72371,68280,19307,85006,55645,70675,37237,33438,69976
14,273,district,tamenglong,rural,121288,62534,58754,16624,70502,50786,63296,33052,30244,57992
14,273,district,tamenglong,urban,19363,9837,9526,2683,14504,4859,7379,4185,3194,11984
33,0,state,tamilnadu,total,72147030,36137975,36009055,7423832,51837507,20309523,32884681,21434978,11449703,39262349
33,0,state,tamilnadu,rural,37229590,18679065,18550525,3911302,24502195,12727395,18861330,11214535,7646795,18368260
33,0,state,tamilnadu,urban,34917440,17458910,17458530,3512530,27335312,7582128,14023351,10220443,3802908,20894089
24,493,district,tapi,total,807022,402188,404834,89075,490036,316986,450902,251049,199853,356120
24,493,district,tapi,rural,727535,361548,365987,80048,430376,297159,421201,228595,192606,306334
24,493,district,tapi,urban,79487,40640,38847,9027,59660,19827,29701,22454,7247,49786
3,50,district,tarntaran,total,1119627,589369,530258,137223,666162,453465,380702,313639,67063,738925
3,50,district,tarntaran,rural,977832,514322,463510,120988,570113,407719,333853,274165,59688,643979
3,50,district,tarntaran,urban,141795,75047,66748,16235,96049,45746,46849,39474,7375,94946
12,245,district,tawang,total,49977,29151,20826,5788,26073,23904,28561,19554,9007,21416
12,245,district,tawang,rural,38775,20792,17983,5099,16519,22256,20475,12300,8175,18300
12,245,district,tawang,urban,11202,8359,2843,689,9554,1648,8086,7254,832,3116
5,59,district,tehrigarhwal,total,618931,297986,320945,84657,407994,210937,280442,140821,139621,338489
5,59,district,tehrigarhwal,rural,548792,259381,289411,76718,352776,196016,257529,121365,136164,291263
5,59,district,tehrigarhwal,urban,70139,38605,31534,7939,55218,14921,22913,19456,3457,47226
27,517,district,thane,total,11060148,5865078,5195070,1327146,8227161,2832987,4492767,3363123,1129644,6567381
27,517,district,thane,rural,2545470,1300136,1245334,364206,1539885,1005585,1169729,729418,440311,1375741
27,517,district,thane,urban,8514678,4564942,3949736,962940,6687276,1827402,3323038,2633705,689333,5191640
33,620,district,thanjavur,total,2405890,1182416,1223474,238598,1790998,614892,974079,680483,293596,1431811
33,620,district,thanjavur,rural,1554531,765177,789354,156457,1104986,449545,677119,447790,229329,877412
33,620,district,thanjavur,urban,851359,417239,434120,82141,686012,165347,296960,232693,64267,554399
24,489,district,thedangs,total,228291,113821,114470,40743,140968,87323,118257,61329,56928,110034
24,489,district,thedangs,rural,203604,101710,101894,37988,121597,82007,110886,55758,55128,92718
24,489,district,thedangs,urban,24687,12111,12576,2755,19371,5316,7371,5571,1800,17316
33,624,district,theni,total,1245899,625683,620216,119661,870080,375819,591642,368900,222742,654257
33,624,district,theni,rural,575418,290880,284538,56497,376650,198768,305029,173848,131181,270389
33,624,district,theni,urban,670481,334803,335678,63164,493430,177051,286613,195052,91561,383868
33,611,district,thenilgiris,total,735394,360143,375251,66799,569647,165747,349974,212172,137802,385420
33,611,district,thenilgiris,rural,299739,145909,153830,26292,221955,77784,160151,88967,71184,139588
33,611,district,thenilgiris,urban,435655,214234,221421,40507,347692,87963,189823,123205,66618,245832
33,602,district,thiruvallur,total,3728104,1876062,1852042,405669,2791721,936383,1538054,1103563,434491,2190050
33,602,district,thiruvallur,rural,1299709,650462,649247,141907,859700,440009,607233,389017,218216,692476
33,602,district,thiruvallur,urban,2428395,1225600,1202795,263762,1932021,496374,930821,714546,216275,1497574
32,601,district,thiruvananthapuram,total,3301427,1581678,1719749,307061,2785408,516019,1231669,864101,367568,2069758
32,601,district,thiruvananthapuram,rural,1529831,724864,804967,147990,1267422,262409,583332,401155,182177,946499
32,601,district,thiruvananthapuram,urban,1771596,856814,914782,159071,1517986,253610,648337,462946,185391,1123259
33,619,district,thiruvarur,total,1264277,626693,637584,121973,946471,317806,540168,369853,170315,724109
33,619,district,thiruvarur,rural,1006482,499954,506528,96687,737887,268595,451099,299329,151770,555383
33,619,district,thiruvarur,urban,257795,126739,131056,25286,208584,49211,89069,70524,18545,168726
33,627,district,thoothukkudi,total,1750176,865021,885155,183763,1349697,400479,748095,503727,244368,1002081
33,627,district,thoothukkudi,rural,873374,430361,443013,91116,642686,230688,417938,255200,162738,455436
33,627,district,thoothukkudi,urban,876802,434660,442142,92647,707011,169791,330157,248527,81630,546645
14,276,district,thoubal,total,422168,210845,211323,60556,269304,152864,195319,109377,85942,226849
14,276,district,thoubal,rural,270835,135470,135365,39981,164370,106465,127102,70394,56708,143733
14,276,district,thoubal,urban,151333,75375,75958,20575,104934,46399,68217,38983,29234,83116
32,594,district,thrissur,total,3121200,1480763,1640437,303950,2678548,442652,1095727,789511,306216,2025473
32,594,district,thrissur,rural,1024794,488303,536491,100977,865471,159323,379199,268514,110685,645595
32,594,district,thrissur,urban,2096406,992460,1103946,202973,1813077,283329,716528,520997,195531,1379878
23,424,district,tikamgarh,total,1445166,760355,684811,227564,747940,697226,655318,402776,252542,789848
23,424,district,tikamgarh,rural,1195293,629477,565816,193219,586993,608300,566426,338038,228388,628867
23,424,district,tikamgarh,urban,249873,130878,118995,34345,160947,88926,88892,64738,24154,160981
18,309,district,tinsukia,total,1327929,680231,647698,181826,798322,529607,557196,366623,190573,770733
18,309,district,tinsukia,rural,1063186,541395,521791,155228,590609,472577,460778,286060,174718,602408
18,309,district,tinsukia,urban,264743,138836,125907,26598,207713,57030,96418,80563,15855,168325
12,254,district,tirap,total,111975,57604,54371,20045,47974,64001,50169,27545,22624,61806
12,254,district,tirap,rural,91165,46185,44980,17398,33299,57866,42759,21539,21220,48406
12,254,district,tirap,urban,20810,11419,9391,2647,14675,6135,7410,6006,1404,13400
33,614,district,tiruchirappalli,total,2722290,1352284,1370006,272456,2038981,683309,1213979,789206,424773,1508311
33,614,district,tiruchirappalli,rural,1384257,688552,695705,145260,950242,434015,718141,413096,305045,666116
33,614,district,tiruchirappalli,urban,1338033,663732,674301,127196,1088739,249294,495838,376110,119728,842195
33,628,district,tirunelveli,total,3077233,1520912,1556321,321687,2273457,803776,1436454,876175,560279,1640779
33,628,district,tirunelveli,rural,1557004,768728,788276,167364,1100112,456892,793130,450874,342256,763874
33,628,district,tirunelveli,urban,1520229,752184,768045,154323,1173345,346884,643324,425301,218023,876905
33,633,district,tiruppur,total,2479052,1246159,1232893,241351,1760566,718486,1266137,819783,446354,1212915
33,633,district,tiruppur,rural,957941,479309,478632,79787,611317,346624,548558,322746,225812,409383
33,633,district,tiruppur,urban,1521111,766850,754261,161564,1149249,371862,717579,497037,220542,803532
33,606,district,tiruvannamalai,total,2464875,1235889,1228986,272569,1626813,838062,1238177,738995,499182,1226698
33,606,district,tiruvannamalai,rural,1969930,989726,980204,220384,1253098,716832,1048646,599938,448708,921284
33,606,district,tiruvannamalai,urban,494945,246163,248782,52185,373715,121230,189531,139057,50474,305414
8,120,district,tonk,total,1421326,728136,693190,204038,749659,671667,649161,371848,277313,772165
8,120,district,tonk,rural,1103603,568045,535558,161187,546702,556901,543041,292430,250611,560562
8,120,district,tonk,urban,317723,160091,157632,42851,202957,114766,106120,79418,26702,211603
16,0,state,tripura,total,3673917,1874376,1799541,458014,2804783,869134,1469521,1045326,424195,2204396
16,0,state,tripura,rural,2712464,1387173,1325291,365309,1992773,719691,1116076,767767,348309,1596388
16,0,state,tripura,urban,961453,487203,474250,92705,812010,149443,353445,277559,75886,608008
13,267,district,tuensang,total,196596,101933,94663,35790,117511,79085,98154,52931,45223,98442
13,267,district,tuensang,rural,159822,82462,77360,30061,88952,70870,84747,44370,40377,75075
13,267,district,tuensang,urban,36774,19471,17303,5729,28559,8215,13407,8561,4846,23367
29,571,district,tumkur,total,2678980,1350594,1328386,265742,1813391,865589,1354646,837512,517134,1324334
29,571,district,tumkur,rural,2079902,1048710,1031192,203685,1344438,735464,1120199,665024,455175,959703
29,571,district,tumkur,urban,599078,301884,297194,62057,468953,130125,234447,172488,61959,364631
8,130,district,udaipur,total,3068420,1566801,1501619,508550,1582629,1485791,1365783,835839,529944,1702637
8,130,district,udaipur,rural,2459994,1251316,1208678,441482,1108846,1351148,1156103,666719,489384,1303891
8,130,district,udaipur,urban,608426,315485,292941,67068,473783,134643,209680,169120,40560,398746
18,326,district,udalguri,total,831668,421617,410051,113274,469926,361742,345030,230690,114340,486638
18,326,district,udalguri,rural,794094,402442,391652,109653,441017,353077,331317,219502,111815,462777
18,326,district,udalguri,urban,37574,19175,18399,3621,28909,8665,13713,11188,2525,23861
1,19,district,udhampur,total,554985,296784,258201,84332,322354,232631,243672,163845,79827,311313
1,19,district,udhampur,rural,446777,232974,213803,73293,236882,209895,197301,123738,73563,249476
1,19,district,udhampur,urban,108208,63810,44398,11039,85472,22736,46371,40107,6264,61837
5,67,district,udhamsinghnagar,total,1648902,858783,790119,229162,1037839,611063,591458,444578,146880,1057444
5,67,district,udhamsinghnagar,rural,1062142,550470,511672,149886,652717,409425,406129,288619,117510,656013
5,67,district,udhamsinghnagar,urban,586760,308313,278447,79276,385122,201638,185329,155959,29370,401431
29,569,district,udupi,total,1177361,562131,615230,103160,926429,250932,513241,335399,177842,664120
29,569,district,udupi,rural,843300,398847,444453,74293,645246,198054,376475,239467,137008,466825
29,569,district,udupi,urban,334061,163284,170777,28867,281183,52878,136766,95932,40834,197295
23,435,district,ujjain,total,1986864,1016289,970575,271306,1240990,745874,897442,569425,328017,1089422
23,435,district,ujjain,rural,1207651,616353,591298,179161,671383,536268,622858,355469,267389,584793
23,435,district,ujjain,urban,779213,399936,379277,92145,569607,209606,274584,213956,60628,504629
14,279,district,ukhrul,total,183998,94718,89280,24413,129829,54169,87929,46533,41396,96069
14,279,district,ukhrul,rural,156811,80801,76010,21050,108644,48167,76924,40383,36541,79887
14,279,district,ukhrul,urban,27187,13917,13270,3363,21185,6002,11005,6150,4855,16182
23,431,district,umaria,total,644758,330674,314084,103414,356672,288086,289691,175698,113993,355067
23,431,district,umaria,rural,534214,273064,261150,89929,279642,254572,253843,147246,106597,280371
23,431,district,umaria,urban,110544,57610,52934,13485,77030,33514,35848,28452,7396,74696
2,29,district,una,total,521173,263692,257481,59231,399715,121458,215346,141612,73734,305827
2,29,district,una,rural,476260,240254,236006,54404,364981,111279,199505,129175,70330,276755
2,29,district,una,urban,44913,23438,21475,4827,34734,10179,15841,12437,3404,29072
9,156,district,unnao,total,3108367,1630087,1478280,435915,1773584,1334783,1124744,851014,273730,1983623
9,156,district,unnao,rural,2576721,1351897,1224824,370948,1423118,1153603,960503,711552,248951,1616218
9,156,district,unnao,urban,531646,278190,253456,64967,350466,181180,164241,139462,24779,367405
12,252,district,uppersiang,total,35320,18699,16621,4988,18195,17125,17644,9968,7676,17676
12,252,district,uppersiang,rural,28780,15335,13445,4103,13718,15062,14913,8275,6638,13867
12,252,district,uppersiang,urban,6540,3364,3176,885,4477,2063,2731,1693,1038,3809
12,249,district,uppersubansiri,total,83448,41758,41690,12475,45278,38170,33370,17898,15472,50078
12,249,district,uppersubansiri,rural,70043,34840,35203,10670,36059,33984,29214,14957,14257,40829
12,249,district,uppersubansiri,urban,13405,6918,6487,1805,9219,4186,4156,2941,1215,9249
29,563,district,uttarakannada,total,1437169,726256,710913,150115,1081906,355263,608526,430565,177961,828643
29,563,district,uttarakannada,rural,1018188,514910,503278,106741,741129,277059,463305,315493,147812,554883
29,563,district,uttarakannada,urban,418981,211346,207635,43374,340777,78204,145221,115072,30149,273760
5,0,state,uttarakhand,total,10086292,5137773,4948519,1355814,6880953,3205339,3872275,2551921,1320354,6214017
5,0,state,uttarakhand,rural,7036954,3519042,3517912,990776,4614050,2422904,2885533,1726674,1158859,4151421
5,0,state,uttarakhand,urban,3049338,1618731,1430607,365038,2266903,782435,986742,825247,161495,2062596
22,413,district,uttarbastarkanker,total,748941,373338,375603,100099,456042,292899,389359,217513,171846,359582
22,413,district,uttarbastarkanker,rural,672180,335149,337031,91441,396859,275321,359746,196586,163160,312434
22,413,district,uttarbastarkanker,urban,76761,38189,38572,8658,59183,17578,29613,20927,8686,47148
19,330,district,uttardinajpur,total,3007134,1551066,1456068,485157,1489667,1517467,1075626,799627,275999,1931508
19,330,district,uttardinajpur,rural,2644906,1362469,1282437,442278,1233289,1411617,955823,701368,254455,1689083
19,330,district,uttardinajpur,urban,362228,188597,173631,42879,256378,105850,119803,98259,21544,242425
5,56,district,uttarkashi,total,330086,168597,161489,46307,215126,114960,157276,84265,73011,172810
5,56,district,uttarkashi,rural,305781,155375,150406,43663,195909,109872,149067,77991,71076,156714
5,56,district,uttarkashi,urban,24305,13222,11083,2644,19217,5088,8209,6274,1935,16096
9,0,state,uttarpradesh,total,199812341,104480510,95331831,30791331,114397555,85414786,65814715,49846762,15967953,133997626
9,0,state,uttarpradesh,rural,155317278,80992995,74324283,25040583,85284680,70032598,51950980,38352879,13598101,103366298
9,0,state,uttarpradesh,urban,44495063,23487515,21007548,5750748,29112875,15382188,13863735,11493883,2369852,30631328
24,486,district,vadodara,total,4165626,2153736,2011890,499811,2893080,1272546,1693473,1233312,460161,2472153
24,486,district,vadodara,rural,2099855,1077943,1021912,288758,1228608,871247,992440,644916,347524,1107415
24,486,district,vadodara,urban,2065771,1075793,989978,211053,1664472,401299,701033,588396,112637,1364738
10,220,district,vaishali,total,3495021,1844535,1650486,601893,1926740,1568281,1060344,858648,201696,2434677
10,220,district,vaishali,rural,3261942,1721221,1540721,566520,1779987,1481955,996814,803019,193795,2265128
10,220,district,vaishali,urban,233079,123314,109765,35373,146753,86326,63530,55629,7901,169549
24,491,district,valsad,total,1705678,887222,818456,215439,1170657,535021,743245,516188,227057,962433
24,491,district,valsad,rural,1070177,542644,527533,142109,671205,398972,493434,311849,181585,576743
24,491,district,valsad,urban,635501,344578,290923,73330,499452,136049,249811,204339,45472,385690
9,197,district,varanasi,total,3676841,1921857,1754984,497151,2403903,1272938,1220708,921234,299474,2456133
9,197,district,varanasi,rural,2079790,1076526,1003264,306426,1301232,778558,695418,496488,198930,1384372
9,197,district,varanasi,urban,1597051,845331,751720,190725,1102671,494380,525290,424746,100544,1071761
33,605,district,vellore,total,3936331,1961688,1974643,432550,2773928,1162403,1689330,1123874,565456,2247001
33,605,district,vellore,rural,2234344,1117101,1117243,249146,1482931,751413,1050425,652671,397754,1183919
33,605,district,vellore,urban,1701987,844587,857400,183404,1290997,410990,638905,471203,167702,1063082
23,443,district,vidisha,total,1458875,769568,689307,235391,862918,595957,550402,401583,148819,908473
23,443,district,vidisha,rural,1119257,591962,527295,188854,624193,495064,442171,313012,129159,677086
23,443,district,vidisha,urban,339618,177606,162012,46537,238725,100893,108231,88571,19660,231387
33,607,district,viluppuram,total,3458873,1740819,1718054,404106,2195776,1263097,1703249,1017383,685866,1755624
33,607,district,viluppuram,rural,2939785,1481475,1458310,347396,1803943,1135842,1512953,874316,638637,1426832
33,607,district,viluppuram,urban,519088,259344,259744,56710,391833,127255,190296,143067,47229,328792
33,625,district,virudhunagar,total,1942288,967709,974579,197134,1398788,543500,950158,579111,371047,992130
33,625,district,virudhunagar,rural,962062,480360,481702,101250,653219,308843,512015,287096,224919,450047
33,625,district,virudhunagar,urban,980226,487349,492877,95884,745569,234657,438143,292015,146128,542083
28,544,district,visakhapatnam,total,4290589,2138910,2151679,452213,2568249,1722340,1889879,1239064,650815,2400710
28,544,district,visakhapatnam,rural,2254667,1113234,1141433,258267,1072167,1182500,1164590,666703,497887,1090077
28,544,district,visakhapatnam,urban,2035922,1025676,1010246,193946,1496082,539840,725289,572361,152928,1310633
28,543,district,vizianagaram,total,2344474,1161477,1182997,241657,1238388,1106086,1157962,679289,478673,1186512
28,543,district,vizianagaram,rural,1853563,920428,933135,194859,891838,961725,981456,545077,436379,872107
28,543,district,vizianagaram,urban,490911,241049,249862,46798,346550,144361,176506,134212,42294,314405
28,540,district,warangal,total,3512576,1759281,1753295,341168,2065023,1447553,1705655,960926,744729,1806921
28,540,district,warangal,rural,2520243,1260594,1259649,246805,1337408,1182835,1351610,705002,646608,1168633
28,540,district,warangal,urban,992333,498687,493646,94363,727615,264718,354045,255924,98121,638288
27,504,district,wardha,total,1300774,668385,632389,128901,1019458,281316,608235,392316,215919,692539
27,504,district,wardha,rural,877474,451874,425600,88224,665082,212392,460778,277083,183695,416696
27,504,district,wardha,urban,423300,216511,206789,40677,354376,68924,147457,115233,32224,275843
27,502,district,washim,total,1197160,620302,576858,152190,869917,327243,569792,340353,229439,627368
27,502,district,washim,rural,985747,511727,474020,125583,706756,278991,500572,285189,215383,485175
27,502,district,washim,urban,211413,108575,102838,26607,163161,48252,69220,55164,14056,142193
32,590,district,wayanad,total,817420,401684,415736,92324,645585,171835,340077,228639,111438,477343
32,590,district,wayanad,rural,785840,386283,399557,88727,620070,165770,328034,220111,107923,457806
32,590,district,wayanad,urban,31580,15401,16179,3597,25515,6065,12043,8528,3515,19537
7,96,district,west,total,2543243,1356240,1187003,288421,1961179,582064,874320,732598,141722,1668923
7,96,district,west,rural,6420,3355,3065,931,4448,1972,1846,1619,227,4574
7,96,district,west,urban,2536823,1352885,1183938,287490,1956731,580092,872474,730979,141495,1664349
19,0,state,westbengal,total,91276115,46809027,44467088,10581466,61538281,29737834,34756355,26716047,8040308,56519760
19,0,state,westbengal,rural,62183113,31844945,30338168,7820710,39213779,22969334,24082481,18211180,5871301,38100632
19,0,state,westbengal,urban,29093002,14964082,14128920,2760756,22324502,6768500,10673874,8504867,2169007,18419128
11,242,district,westdistrict,total,136435,70238,66197,15706,93432,43003,70348,40772,29576,66087
11,242,district,westdistrict,rural,131187,67528,63659,15167,89225,41962,68418,39340,29078,62769
11,242,district,westdistrict,urban,5248,2710,2538,539,4207,1041,1930,1432,498,3318
17,293,district,westgarohills,total,643291,324159,319132,112514,358702,284589,255693,151914,103779,387598
17,293,district,westgarohills,rural,568433,286923,281510,103630,298448,269985,232255,135964,96291,336178
17,293,district,westgarohills,urban,74858,37236,37622,8884,60254,14604,23438,15950,7488,51420
28,546,district,westgodavari,total,3936966,1964918,1972048,382887,2652389,1284577,1773112,1199338,573774,2163854
28,546,district,westgodavari,rural,3128189,1567013,1561176,309636,2035630,1092559,1485361,974645,510716,1642828
28,546,district,westgodavari,urban,808777,397905,410872,73251,616759,192018,287751,224693,63058,521026
12,246,district,westkameng,total,83947,46155,37792,11643,48492,35455,42493,28313,14180,41454
12,246,district,westkameng,rural,68015,37809,30206,9812,37463,30552,35842,23849,11993,32173
12,246,district,westkameng,urban,15932,8346,7586,1831,11029,4903,6651,4464,2187,9281
17,296,district,westkhasihills,total,383461,193715,189746,87214,230678,152783,163345,89694,73651,220116
17,296,district,westkhasihills,rural,340356,172380,167976,78310,200573,139783,148367,80928,67439,191989
17,296,district,westkhasihills,urban,43105,21335,21770,8904,30105,13000,14978,8766,6212,28127
12,250,district,westsiang,total,112274,58168,54106,14855,64746,47528,49177,29156,20021,63097
12,250,district,westsiang,rural,87306,44687,42619,11992,45874,41432,40125,22243,17882,47181
12,250,district,westsiang,urban,24968,13481,11487,2863,18872,6096,9052,6913,2139,15916
16,289,district,westtripura,total,1725739,879428,846311,190850,1361354,364385,698178,500406,197772,1027561
16,289,district,westtripura,rural,1048101,536720,511381,127118,789002,259099,445574,304347,141227,602527
16,289,district,westtripura,urban,677638,342708,334930,63732,572352,105286,252604,196059,56545,425034
13,264,district,wokha,total,166343,84505,81838,20138,128208,38135,78412,42096,36316,87931
13,264,district,wokha,rural,131339,66435,64904,16438,98221,33118,66122,34332,31790,65217
13,264,district,wokha,urban,35004,18070,16934,3700,29987,5017,12290,7764,4526,22714
29,580,district,yadgir,total,1174271,590329,583942,190279,510003,664268,547696,317135,230561,626575
29,580,district,yadgir,rural,953594,479078,474516,158127,374244,579350,468074,261181,206893,485520
29,580,district,yadgir,urban,220677,111251,109426,32152,135759,84918,79622,55954,23668,141055
6,71,district,yamunanagar,total,1214205,646718,567487,146789,832457,381748,389233,342343,46890,824972
6,71,district,yamunanagar,rural,741376,393957,347419,93904,477813,263563,235325,208372,26953,506051
6,71,district,yamunanagar,urban,472829,252761,220068,52885,354644,118185,153908,133971,19937,318921
34,634,district,yanam,total,55626,27301,28325,6204,39274,16352,16760,14047,2713,38866
34,634,district,yanam,rural,0,0,0,0,0,0,0,0,0,0
34,634,district,yanam,urban,55626,27301,28325,6204,39274,16352,16760,14047,2713,38866
27,510,district,yavatmal,total,2772348,1419965,1352383,330180,2022574,749774,1355999,815475,540524,1416349
27,510,district,yavatmal,rural,2174195,1115148,1059047,265301,1536035,638160,1153322,656157,497165,1020873
27,510,district,yavatmal,urban,598153,304817,293336,64879,486539,111614,202677,159318,43359,395476
28,551,district,ysr,total,2882469,1451777,1430692,331586,1716766,1165703,1320404,823886,496518,1562065
28,551,district,ysr,rural,1903337,959693,943644,221139,1062356,840981,961045,556301,404744,942292
28,551,district,ysr,urban,979132,492084,487048,110447,654410,324722,359359,267585,91774,619773
13,263,district,zunheboto,total,140757,71217,69540,20093,102881,37876,79466,41178,38288,61291
13,263,district,zunheboto,rural,113160,56786,56374,16552,80149,33011,70154,35083,35071,43006
13,263,district,zunheboto,urban,27597,14431,13166,3541,22732,4865,9312,6095,3217,18285
36,,state,ladakh,total,274289,156756,117533,31944,180006,94283,126952,93104,33848,147337
37,,state,telangana,total,35241990,17684227,17557762,3809500,21065316,14176673,16426210,10077331,6348879,18815779
